<?xml version="1.0" encoding="UTF-8"?>
<osm version="0.6" generator="Overpass API 0.7.62.11 87bfad18">
<note>The data included in this document is from www.openstreetmap.org. The data is made available under ODbL.</note>
<meta osm_base="2026-05-08T18:47:59Z"/>

  <node id="26052158" lat="35.6999589" lon="51.3433741"/>
  <node id="354985518" lat="35.7020270" lon="51.3384426"/>
  <node id="354987356" lat="35.6999448" lon="51.3425383"/>
  <node id="873786208" lat="35.7018628" lon="51.3414283"/>
  <node id="873786232" lat="35.7005480" lon="51.3434366"/>
  <node id="873786234" lat="35.7008737" lon="51.3435533"/>
  <node id="873786237" lat="35.7027500" lon="51.3432253"/>
  <node id="873786238" lat="35.7028452" lon="51.3427807"/>
  <node id="873786248" lat="35.7028241" lon="51.3442317"/>
  <node id="873786253" lat="35.7018989" lon="51.3437523"/>
  <node id="873786254" lat="35.7018199" lon="51.3441029"/>
  <node id="873786259" lat="35.7026979" lon="51.3436303"/>
  <node id="873786332" lat="35.7000952" lon="51.3449300"/>
  <node id="873786343" lat="35.7018338" lon="51.3448350"/>
  <node id="873786366" lat="35.7004918" lon="51.3438127"/>
  <node id="873786371" lat="35.7023311" lon="51.3444670"/>
  <node id="873786396" lat="35.7009790" lon="51.3425780"/>
  <node id="873786807" lat="35.7029784" lon="51.3407070"/>
  <node id="873786809" lat="35.7020569" lon="51.3412260"/>
  <node id="873786811" lat="35.7018471" lon="51.3412911"/>
  <node id="873786813" lat="35.7015669" lon="51.3414425"/>
  <node id="873786820" lat="35.7021069" lon="51.3413528"/>
  <node id="878633036" lat="35.7028458" lon="51.3387308"/>
  <node id="878633065" lat="35.7023842" lon="51.3386905"/>
  <node id="880421260" lat="35.7027485" lon="51.3444016"/>
  <node id="896837666" lat="35.7028535" lon="51.3383730"/>
  <node id="1556786368" lat="35.7022454" lon="51.3380873"/>
  <node id="1863241071" lat="35.6990947" lon="51.3411199"/>
  <node id="1863241082" lat="35.6992783" lon="51.3395968"/>
  <node id="1863241085" lat="35.6991076" lon="51.3407902"/>
  <node id="1863241091" lat="35.6992410" lon="51.3412985"/>
  <node id="1863241112" lat="35.6993851" lon="51.3408621"/>
  <node id="1863241115" lat="35.6994358" lon="51.3397605"/>
  <node id="1863241125" lat="35.6996390" lon="51.3400393"/>
  <node id="1863241128" lat="35.6996283" lon="51.3397108"/>
  <node id="1863241129" lat="35.6996878" lon="51.3402597"/>
  <node id="1863241130" lat="35.6996997" lon="51.3405463"/>
  <node id="1863241145" lat="35.6997498" lon="51.3425779"/>
  <node id="1863241151" lat="35.6997868" lon="51.3443868"/>
  <node id="1863241164" lat="35.6999015" lon="51.3402652"/>
  <node id="1863241165" lat="35.6998982" lon="51.3404579"/>
  <node id="1863241169" lat="35.6999402" lon="51.3400261"/>
  <node id="1863241181" lat="35.6999383" lon="51.3396979"/>
  <node id="1863241187" lat="35.7000206" lon="51.3398600"/>
  <node id="1863241203" lat="35.7000895" lon="51.3419469"/>
  <node id="1863241208" lat="35.7001051" lon="51.3397367"/>
  <node id="1863241213" lat="35.7003096" lon="51.3414292"/>
  <node id="1863241214" lat="35.7002310" lon="51.3395714"/>
  <node id="1863241222" lat="35.7003280" lon="51.3394997"/>
  <node id="1863241226" lat="35.7005020" lon="51.3392899"/>
  <node id="1863241231" lat="35.7006703" lon="51.3388950"/>
  <node id="1863241232" lat="35.7007440" lon="51.3385410"/>
  <node id="1863241235" lat="35.7007535" lon="51.3382234"/>
  <node id="1863241242" lat="35.7008606" lon="51.3382721"/>
  <node id="1863241251" lat="35.7010846" lon="51.3380758"/>
  <node id="1863241254" lat="35.7012439" lon="51.3402920"/>
  <node id="1863241279" lat="35.7016011" lon="51.3396300"/>
  <node id="1863241294" lat="35.7018181" lon="51.3390403"/>
  <node id="1923613929" lat="35.6997797" lon="51.3440718"/>
  <node id="1923614067" lat="35.6993331" lon="51.3439956"/>
  <node id="1926815286" lat="35.6998385" lon="51.3431123"/>
  <node id="2022791839" lat="35.6997517" lon="51.3426436"/>
  <node id="2022793988" lat="35.6992320" lon="51.3445358"/>
  <node id="2022793994" lat="35.6995661" lon="51.3434096"/>
  <node id="2022797809" lat="35.6990459" lon="51.3435395"/>
  <node id="2022797835" lat="35.6990853" lon="51.3430513"/>
  <node id="2148639449" lat="35.7028738" lon="51.3380219"/>
  <node id="2148639451" lat="35.7009181" lon="51.3408730"/>
  <node id="2148639455" lat="35.7012308" lon="51.3413984"/>
  <node id="2148639456" lat="35.7010827" lon="51.3413621"/>
  <node id="2148639457" lat="35.7028862" lon="51.3380942"/>
  <node id="2148639459" lat="35.7028468" lon="51.3381226"/>
  <node id="2148639460" lat="35.7006088" lon="51.3412068"/>
  <node id="2148639465" lat="35.7024013" lon="51.3381334"/>
  <node id="2148639467" lat="35.7028277" lon="51.3380160"/>
  <node id="2148639473" lat="35.7027724" lon="51.3381257"/>
  <node id="2148639481" lat="35.7022852" lon="51.3382195"/>
  <node id="2148639482" lat="35.7026137" lon="51.3382424"/>
  <node id="2148639483" lat="35.7016557" lon="51.3412954"/>
  <node id="2148639485" lat="35.7027488" lon="51.3381780"/>
  <node id="2148639490" lat="35.7027139" lon="51.3382129"/>
  <node id="2148639493" lat="35.7009838" lon="51.3411549"/>
  <node id="2148639494" lat="35.7028016" lon="51.3380616"/>
  <node id="2148639495" lat="35.7028915" lon="51.3380759"/>
  <node id="2148639503" lat="35.7027225" lon="51.3380543"/>
  <node id="2148639505" lat="35.7025167" lon="51.3380717"/>
  <node id="2148639507" lat="35.7019474" lon="51.3386687"/>
  <node id="2148639512" lat="35.7025897" lon="51.3380301"/>
  <node id="2148639513" lat="35.7008525" lon="51.3412844"/>
  <node id="2148639515" lat="35.7028071" lon="51.3380397"/>
  <node id="2148639516" lat="35.7028170" lon="51.3380246"/>
  <node id="2148639520" lat="35.7028029" lon="51.3380810"/>
  <node id="2148639522" lat="35.7011125" lon="51.3412226"/>
  <node id="2148639526" lat="35.7028762" lon="51.3381092"/>
  <node id="2148639529" lat="35.7010286" lon="51.3411926"/>
  <node id="2148639532" lat="35.7029851" lon="51.3382625"/>
  <node id="2148639539" lat="35.7028336" lon="51.3381202"/>
  <node id="2148639553" lat="35.7009334" lon="51.3410899"/>
  <node id="2148639555" lat="35.7012555" lon="51.3412555"/>
  <node id="2148639565" lat="35.7028910" lon="51.3380545"/>
  <node id="2148639566" lat="35.7028361" lon="51.3383044"/>
  <node id="2148639569" lat="35.7023037" lon="51.3382371"/>
  <node id="2148639570" lat="35.7028623" lon="51.3381192"/>
  <node id="2148639571" lat="35.7028597" lon="51.3380132"/>
  <node id="2148639575" lat="35.7028430" lon="51.3380111"/>
  <node id="2148639579" lat="35.7025288" lon="51.3382644"/>
  <node id="2148639582" lat="35.7023794" lon="51.3382610"/>
  <node id="2148639590" lat="35.7004210" lon="51.3412259"/>
  <node id="2148639592" lat="35.7028195" lon="51.3381114"/>
  <node id="2148639594" lat="35.7028095" lon="51.3380986"/>
  <node id="2148639598" lat="35.7028773" lon="51.3381561"/>
  <node id="2148639599" lat="35.7009039" lon="51.3409706"/>
  <node id="2148639600" lat="35.7023959" lon="51.3381754"/>
  <node id="2148639601" lat="35.7028849" lon="51.3380366"/>
  <node id="2169732984" lat="35.7001565" lon="51.3447089">
    <tag k="name" v="ایستگاه مترو استاد معین"/>
    <tag k="name:ar" v="استاد معین"/>
    <tag k="name:en" v="Ostad Moein Metro Station"/>
    <tag k="name:fa" v="استاد معین"/>
    <tag k="name:hi" v="उस्ताद मोईन"/>
    <tag k="name:ml" v="ഉസ്താദ് മൊയീൻ"/>
    <tag k="public_transport" v="stop_position"/>
    <tag k="railway" v="station"/>
    <tag k="station" v="subway"/>
    <tag k="subway" v="yes"/>
    <tag k="wikidata" v="Q7107559"/>
  </node>
  <node id="2203911368" lat="35.7007143" lon="51.3446062"/>
  <node id="2204496597" lat="35.7017927" lon="51.3421832"/>
  <node id="2204496609" lat="35.7018855" lon="51.3418380"/>
  <node id="2204496643" lat="35.7020488" lon="51.3422694"/>
  <node id="2204496653" lat="35.7021409" lon="51.3419238"/>
  <node id="2204496679" lat="35.7022408" lon="51.3411407"/>
  <node id="2204496684" lat="35.7023030" lon="51.3423715"/>
  <node id="2204496685" lat="35.7022932" lon="51.3412711"/>
  <node id="2204496694" lat="35.7023325" lon="51.3415219"/>
  <node id="2204496696" lat="35.7023239" lon="51.3414762"/>
  <node id="2204496702" lat="35.7023530" lon="51.3415565"/>
  <node id="2204496708" lat="35.7023253" lon="51.3414085"/>
  <node id="2204496724" lat="35.7023793" lon="51.3415888"/>
  <node id="2204496728" lat="35.7024290" lon="51.3413351"/>
  <node id="2204496735" lat="35.7023959" lon="51.3420094"/>
  <node id="2204496739" lat="35.7024140" lon="51.3416052"/>
  <node id="2204496779" lat="35.7025376" lon="51.3409623"/>
  <node id="2204496782" lat="35.7025517" lon="51.3424668"/>
  <node id="2204496787" lat="35.7025862" lon="51.3411028"/>
  <node id="2204496819" lat="35.7026509" lon="51.3420951"/>
  <node id="2204496871" lat="35.7028335" lon="51.3425530"/>
  <node id="2204496916" lat="35.7029267" lon="51.3421878"/>
  <node id="2204536535" lat="35.7015137" lon="51.3449527"/>
  <node id="2204536537" lat="35.7018618" lon="51.3440115"/>
  <node id="2204536538" lat="35.7020831" lon="51.3442986"/>
  <node id="2204536539" lat="35.7020357" lon="51.3446608"/>
  <node id="3116671469" lat="35.7021424" lon="51.3382387"/>
  <node id="3128466138" lat="35.6996648" lon="51.3401123"/>
  <node id="3128466140" lat="35.6990837" lon="51.3394152"/>
  <node id="3276189887" lat="35.7024261" lon="51.3412944"/>
  <node id="3276191283" lat="35.7003128" lon="51.3449521"/>
  <node id="3276191285" lat="35.7004534" lon="51.3447047"/>
  <node id="3319935135" lat="35.7025895" lon="51.3449709"/>
  <node id="3870176577" lat="35.6998261" lon="51.3409008"/>
  <node id="3870176578" lat="35.7013724" lon="51.3401188"/>
  <node id="3870176579" lat="35.7007528" lon="51.3408069"/>
  <node id="3870176586" lat="35.6999191" lon="51.3410258">
    <tag k="crossing" v="marked"/>
    <tag k="crossing_ref" v="zebra"/>
    <tag k="highway" v="crossing"/>
  </node>
  <node id="3883064893" lat="35.6994411" lon="51.3436775"/>
  <node id="3883064896" lat="35.6993224" lon="51.3412568"/>
  <node id="3883064897" lat="35.6994813" lon="51.3414888"/>
  <node id="3883064898" lat="35.6995456" lon="51.3417235"/>
  <node id="3883064899" lat="35.6993885" lon="51.3415238"/>
  <node id="3883064900" lat="35.6994296" lon="51.3417208"/>
  <node id="3883064901" lat="35.6994246" lon="51.3418267"/>
  <node id="3883064902" lat="35.6993826" lon="51.3418592"/>
  <node id="3883064907" lat="35.6992924" lon="51.3422540"/>
  <node id="3883064908" lat="35.6992903" lon="51.3421185"/>
  <node id="3883064909" lat="35.6995048" lon="51.3421129"/>
  <node id="3883064910" lat="35.6995058" lon="51.3422498"/>
  <node id="3906463689" lat="35.6998612" lon="51.3427930"/>
  <node id="3906463717" lat="35.6997356" lon="51.3419919"/>
  <node id="3906463718" lat="35.6998240" lon="51.3415830"/>
  <node id="3906463719" lat="35.6998436" lon="51.3413363"/>
  <node id="4423431951" lat="35.6997608" lon="51.3447345"/>
  <node id="4423431952" lat="35.7000843" lon="51.3446958"/>
  <node id="4483316496" lat="35.7007522" lon="51.3435612">
    <tag k="branch" v="آزادی"/>
    <tag k="name" v="خدمات درمانی نیروهای مسلح"/>
    <tag k="name:en" v="Khadamat Darmani Nirohaye Mosalah"/>
    <tag k="office" v="insurance"/>
  </node>
  <node id="4512621916" lat="35.7027484" lon="51.3407684"/>
  <node id="4512621917" lat="35.7025610" lon="51.3408475"/>
  <node id="4512621918" lat="35.7026230" lon="51.3401059"/>
  <node id="4515242120" lat="35.7018362" lon="51.3390199"/>
  <node id="4515242121" lat="35.7015158" lon="51.3400413"/>
  <node id="4515242122" lat="35.7010432" lon="51.3404785"/>
  <node id="4515242123" lat="35.7006577" lon="51.3407709"/>
  <node id="4515242124" lat="35.7003026" lon="51.3409264"/>
  <node id="4515242125" lat="35.6998016" lon="51.3415233"/>
  <node id="4515555808" lat="35.6996502" lon="51.3422326"/>
  <node id="4515555809" lat="35.6993416" lon="51.3418715"/>
  <node id="4515555810" lat="35.6995252" lon="51.3423669"/>
  <node id="4515555812" lat="35.6996521" lon="51.3423856"/>
  <node id="4515555813" lat="35.6996930" lon="51.3423946"/>
  <node id="4515555814" lat="35.6995779" lon="51.3423876"/>
  <node id="4515555815" lat="35.6994246" lon="51.3422905"/>
  <node id="4515555816" lat="35.6994929" lon="51.3417480"/>
  <node id="4515555818" lat="35.6991593" lon="51.3410343"/>
  <node id="4559976379" lat="35.7020676" lon="51.3385803"/>
  <node id="4559976380" lat="35.7021578" lon="51.3383251"/>
  <node id="4559976381" lat="35.7022764" lon="51.3381780"/>
  <node id="4559976382" lat="35.7024824" lon="51.3380217"/>
  <node id="4559976589" lat="35.7028405" lon="51.3383325"/>
  <node id="4559976592" lat="35.7024935" lon="51.3383091"/>
  <node id="4559976594" lat="35.7023136" lon="51.3382876"/>
  <node id="4562008509" lat="35.6994529" lon="51.3419222"/>
  <node id="4580331804" lat="35.7025147" lon="51.3448172"/>
  <node id="4580331805" lat="35.7024421" lon="51.3448926"/>
  <node id="4580331806" lat="35.7024711" lon="51.3449349"/>
  <node id="4580331807" lat="35.7025437" lon="51.3448596"/>
  <node id="4583999100" lat="35.7009113" lon="51.3380725"/>
  <node id="4584020951" lat="35.7019502" lon="51.3383846"/>
  <node id="4584020952" lat="35.7019747" lon="51.3380224"/>
  <node id="4584020954" lat="35.7020550" lon="51.3381762"/>
  <node id="4584020956" lat="35.7020053" lon="51.3382524"/>
  <node id="4584020977" lat="35.7015529" lon="51.3400321"/>
  <node id="4584020985" lat="35.7020018" lon="51.3401148"/>
  <node id="4584020986" lat="35.7018625" lon="51.3400620"/>
  <node id="4584026915" lat="35.7008980" lon="51.3410948"/>
  <node id="4584026916" lat="35.7009253" lon="51.3411470"/>
  <node id="4584026917" lat="35.7009656" lon="51.3411967"/>
  <node id="4584026918" lat="35.7010146" lon="51.3412423"/>
  <node id="4584026919" lat="35.7010875" lon="51.3412738"/>
  <node id="4584026920" lat="35.7012127" lon="51.3412993"/>
  <node id="4584026921" lat="35.7012051" lon="51.3413355"/>
  <node id="4584026922" lat="35.7010548" lon="51.3412993"/>
  <node id="4584026923" lat="35.7009358" lon="51.3412660"/>
  <node id="4584026924" lat="35.7008105" lon="51.3412205"/>
  <node id="4584026926" lat="35.7005818" lon="51.3411427"/>
  <node id="4584026927" lat="35.7007329" lon="51.3409161"/>
  <node id="4584026928" lat="35.7011250" lon="51.3404588"/>
  <node id="4584026929" lat="35.7008777" lon="51.3409201"/>
  <node id="4584026930" lat="35.7008788" lon="51.3410234"/>
  <node id="4584026931" lat="35.7005166" lon="51.3410033"/>
  <node id="4584026932" lat="35.7006038" lon="51.3409007"/>
  <node id="4584026933" lat="35.7007519" lon="51.3407247"/>
  <node id="4584026934" lat="35.7011988" lon="51.3402956"/>
  <node id="4584026935" lat="35.7007102" lon="51.3406763"/>
  <node id="4584026936" lat="35.7004023" lon="51.3408402"/>
  <node id="4584026937" lat="35.7001449" lon="51.3409294"/>
  <node id="4584026938" lat="35.6999978" lon="51.3409669"/>
  <node id="4584026939" lat="35.7000110" lon="51.3421793"/>
  <node id="4584026940" lat="35.7001784" lon="51.3415994"/>
  <node id="4584026941" lat="35.7003248" lon="51.3412976"/>
  <node id="4584026942" lat="35.7004006" lon="51.3411801"/>
  <node id="4584026943" lat="35.6996148" lon="51.3398421"/>
  <node id="4584026944" lat="35.6996726" lon="51.3399332"/>
  <node id="4584026945" lat="35.6997150" lon="51.3400526"/>
  <node id="4584026946" lat="35.6997422" lon="51.3401747"/>
  <node id="4584026947" lat="35.6997684" lon="51.3407870"/>
  <node id="4584026948" lat="35.6998402" lon="51.3407856"/>
  <node id="4584026949" lat="35.6998359" lon="51.3402497"/>
  <node id="4584026950" lat="35.6998773" lon="51.3400674"/>
  <node id="4584026951" lat="35.6999222" lon="51.3399247"/>
  <node id="4584026952" lat="35.6999929" lon="51.3398026"/>
  <node id="4584026953" lat="35.7000518" lon="51.3397503"/>
  <node id="4584026954" lat="35.6998191" lon="51.3397946"/>
  <node id="4584026955" lat="35.6997113" lon="51.3397932"/>
  <node id="4584026956" lat="35.6995185" lon="51.3397715"/>
  <node id="4584026957" lat="35.6992869" lon="51.3411013"/>
  <node id="4584026958" lat="35.6994246" lon="51.3412998"/>
  <node id="4584026959" lat="35.6995320" lon="51.3414608"/>
  <node id="4584026960" lat="35.6995083" lon="51.3414923"/>
  <node id="4584026961" lat="35.6995336" lon="51.3415800"/>
  <node id="4584026962" lat="35.6995739" lon="51.3417516"/>
  <node id="4584026963" lat="35.6996097" lon="51.3418677"/>
  <node id="4584026964" lat="35.6996751" lon="51.3420729"/>
  <node id="4584026965" lat="35.6995913" lon="51.3417631"/>
  <node id="4584026966" lat="35.6995793" lon="51.3415539"/>
  <node id="4584026967" lat="35.6995549" lon="51.3413219"/>
  <node id="4584026968" lat="35.6995582" lon="51.3410549"/>
  <node id="4584026969" lat="35.6992432" lon="51.3410523"/>
  <node id="4644059515" lat="35.7000494" lon="51.3440442"/>
  <node id="4644059516" lat="35.7000751" lon="51.3444203"/>
  <node id="4713359508" lat="35.7019894" lon="51.3447924"/>
  <node id="4713359510" lat="35.7020961" lon="51.3445966"/>
  <node id="4713359511" lat="35.7022605" lon="51.3444076"/>
  <node id="4834021564" lat="35.6997584" lon="51.3429697"/>
  <node id="4834057767" lat="35.6992733" lon="51.3442442"/>
  <node id="4929614013" lat="35.6995600" lon="51.3419250"/>
  <node id="5145963202" lat="35.7004367" lon="51.3425593"/>
  <node id="5145963204" lat="35.7020213" lon="51.3447225"/>
  <node id="5145963205" lat="35.7019429" lon="51.3448137"/>
  <node id="5145963206" lat="35.7004003" lon="51.3448394"/>
  <node id="5145963207" lat="35.7004804" lon="51.3446307"/>
  <node id="5145963208" lat="35.7004994" lon="51.3446089"/>
  <node id="5145963209" lat="35.7019211" lon="51.3441794"/>
  <node id="5145963210" lat="35.7026932" lon="51.3445344"/>
  <node id="5262151565" lat="35.6996636" lon="51.3381209"/>
  <node id="5262151566" lat="35.6998272" lon="51.3380236"/>
  <node id="5262152414" lat="35.7000317" lon="51.3382697"/>
  <node id="5262152908" lat="35.6998162" lon="51.3381146"/>
  <node id="5262152909" lat="35.6998290" lon="51.3380899"/>
  <node id="5262153091" lat="35.6996605" lon="51.3380063"/>
  <node id="5262153171" lat="35.6994571" lon="51.3382935"/>
  <node id="5262153223" lat="35.6998131" lon="51.3380000"/>
  <node id="5262153230" lat="35.6998126" lon="51.3381459"/>
  <node id="5262153323" lat="35.6996689" lon="51.3381519"/>
  <node id="5262214326" lat="35.6997603" lon="51.3380430"/>
  <node id="5262215844" lat="35.6999026" lon="51.3381524"/>
  <node id="5262216288" lat="35.6998192" lon="51.3380571"/>
  <node id="5262216289" lat="35.6997403" lon="51.3381323"/>
  <node id="5262216701" lat="35.6995794" lon="51.3381658"/>
  <node id="5262216702" lat="35.6996575" lon="51.3380638"/>
  <node id="5262229061" lat="35.6997511" lon="51.3380323"/>
  <node id="5262229063" lat="35.6997154" lon="51.3380448"/>
  <node id="5262229064" lat="35.6997241" lon="51.3380334"/>
  <node id="5262229669" lat="35.6997393" lon="51.3380936"/>
  <node id="5262229742" lat="35.6997526" lon="51.3380876"/>
  <node id="5262229743" lat="35.6997256" lon="51.3380887"/>
  <node id="5262229883" lat="35.6997612" lon="51.3380761"/>
  <node id="5262229884" lat="35.6997164" lon="51.3380780"/>
  <node id="5262230038" lat="35.6997374" lon="51.3380273"/>
  <node id="5262521861" lat="35.6997402" lon="51.3381268"/>
  <node id="5262529875" lat="35.6998088" lon="51.3381396"/>
  <node id="5262532424" lat="35.6998036" lon="51.3381442"/>
  <node id="5262532425" lat="35.6997990" lon="51.3381434"/>
  <node id="5262532785" lat="35.6996521" lon="51.3380308"/>
  <node id="5262532787" lat="35.6998227" lon="51.3380237"/>
  <node id="5262532788" lat="35.6998246" lon="51.3380901"/>
  <node id="5262532789" lat="35.6996540" lon="51.3380972"/>
  <node id="5262532790" lat="35.6997114" lon="51.3380616"/>
  <node id="5262532833" lat="35.6998089" lon="51.3380023"/>
  <node id="5262532834" lat="35.6998119" lon="51.3381126"/>
  <node id="5262532835" lat="35.6996678" lon="51.3381186"/>
  <node id="5262532840" lat="35.6997629" lon="51.3381366"/>
  <node id="5262533103" lat="35.6996648" lon="51.3380083"/>
  <node id="5262533109" lat="35.6998146" lon="51.3380573"/>
  <node id="5262533110" lat="35.6996724" lon="51.3381453"/>
  <node id="5262533111" lat="35.6996621" lon="51.3380636"/>
  <node id="5262533112" lat="35.6997653" lon="51.3380593"/>
  <node id="5262533251" lat="35.6998081" lon="51.3381451"/>
  <node id="5262533265" lat="35.6997900" lon="51.3381417"/>
  <node id="5262533267" lat="35.6997810" lon="51.3381400"/>
  <node id="5262533627" lat="35.6997719" lon="51.3381383"/>
  <node id="5262533631" lat="35.6997539" lon="51.3381349"/>
  <node id="5262534411" lat="35.6997269" lon="51.3381360"/>
  <node id="5262534420" lat="35.6996734" lon="51.3381507"/>
  <node id="5262534438" lat="35.6997180" lon="51.3381384"/>
  <node id="5262534448" lat="35.6996912" lon="51.3381458"/>
  <node id="5262534450" lat="35.6996823" lon="51.3381482"/>
  <node id="5262534472" lat="35.6997987" lon="51.3381299"/>
  <node id="5262535609" lat="35.6997091" lon="51.3381409"/>
  <node id="5262536182" lat="35.6996823" lon="51.3381458"/>
  <node id="5262536257" lat="35.6997002" lon="51.3381433"/>
  <node id="5262536429" lat="35.6997990" lon="51.3381410"/>
  <node id="5262536506" lat="35.6997268" lon="51.3381329"/>
  <node id="5262536515" lat="35.6997355" lon="51.3381215"/>
  <node id="5262536520" lat="35.6996990" lon="51.3381008"/>
  <node id="5262536580" lat="35.6996779" lon="51.3381494"/>
  <node id="5262537448" lat="35.6997628" lon="51.3381314"/>
  <node id="5262537449" lat="35.6997897" lon="51.3381303"/>
  <node id="5262537507" lat="35.6997179" lon="51.3381333"/>
  <node id="5262537510" lat="35.6996819" lon="51.3381348"/>
  <node id="5262537711" lat="35.6997807" lon="51.3381307"/>
  <node id="5262537713" lat="35.6997717" lon="51.3381310"/>
  <node id="5262537716" lat="35.6997538" lon="51.3381318"/>
  <node id="5262538165" lat="35.6997176" lon="51.3381222"/>
  <node id="5262538167" lat="35.6996906" lon="51.3381233"/>
  <node id="5262538202" lat="35.6997621" lon="51.3381093"/>
  <node id="5262538203" lat="35.6997891" lon="51.3381082"/>
  <node id="5262538367" lat="35.6997089" lon="51.3381336"/>
  <node id="5262538395" lat="35.6996909" lon="51.3381344"/>
  <node id="5262538435" lat="35.6997615" lon="51.3380872"/>
  <node id="5262538532" lat="35.6996999" lon="51.3381340"/>
  <node id="5262538555" lat="35.6997625" lon="51.3381203"/>
  <node id="5262538562" lat="35.6997894" lon="51.3381192"/>
  <node id="5262538565" lat="35.6997445" lon="51.3381211"/>
  <node id="5262538857" lat="35.6997984" lon="51.3381189"/>
  <node id="5262538858" lat="35.6997804" lon="51.3381196"/>
  <node id="5262538859" lat="35.6997714" lon="51.3381200"/>
  <node id="5262538860" lat="35.6997535" lon="51.3381207"/>
  <node id="5262538910" lat="35.6997442" lon="51.3381100"/>
  <node id="5262538912" lat="35.6997083" lon="51.3381115"/>
  <node id="5262538913" lat="35.6996993" lon="51.3381119"/>
  <node id="5262539094" lat="35.6996816" lon="51.3381237"/>
  <node id="5262540811" lat="35.6997265" lon="51.3381218"/>
  <node id="5262540812" lat="35.6997086" lon="51.3381226"/>
  <node id="5262540813" lat="35.6996996" lon="51.3381230"/>
  <node id="5262541484" lat="35.6997981" lon="51.3381078"/>
  <node id="5262541485" lat="35.6997801" lon="51.3381085"/>
  <node id="5262542190" lat="35.6997711" lon="51.3381089"/>
  <node id="5262542191" lat="35.6997532" lon="51.3381097"/>
  <node id="5262543592" lat="35.6997262" lon="51.3381108"/>
  <node id="5262543593" lat="35.6997173" lon="51.3381112"/>
  <node id="5262543595" lat="35.6996903" lon="51.3381123"/>
  <node id="5262543652" lat="35.6997352" lon="51.3381104"/>
  <node id="5262543656" lat="35.6996813" lon="51.3381126"/>
  <node id="5262543667" lat="35.6997978" lon="51.3380967"/>
  <node id="5262543668" lat="35.6997888" lon="51.3380971"/>
  <node id="5262543670" lat="35.6997708" lon="51.3380979"/>
  <node id="5262543676" lat="35.6997080" lon="51.3381005"/>
  <node id="5262543691" lat="35.6996900" lon="51.3381012"/>
  <node id="5262543693" lat="35.6997795" lon="51.3380864"/>
  <node id="5262544219" lat="35.6997259" lon="51.3380997"/>
  <node id="5262544935" lat="35.6997618" lon="51.3380982"/>
  <node id="5262544937" lat="35.6997798" lon="51.3380975"/>
  <node id="5262544940" lat="35.6997529" lon="51.3380986"/>
  <node id="5262544941" lat="35.6997439" lon="51.3380990"/>
  <node id="5262544942" lat="35.6997349" lon="51.3380994"/>
  <node id="5262544997" lat="35.6997170" lon="51.3381001"/>
  <node id="5262547901" lat="35.6996810" lon="51.3381016"/>
  <node id="5262547904" lat="35.6997975" lon="51.3380857"/>
  <node id="5262547906" lat="35.6997705" lon="51.3380868"/>
  <node id="5262547912" lat="35.6997430" lon="51.3380658"/>
  <node id="5262547987" lat="35.6997702" lon="51.3380758"/>
  <node id="5262547988" lat="35.6997523" lon="51.3380765"/>
  <node id="5262548133" lat="35.6997885" lon="51.3380861"/>
  <node id="5262548887" lat="35.6997436" lon="51.3380879"/>
  <node id="5262548889" lat="35.6997346" lon="51.3380883"/>
  <node id="5262548898" lat="35.6997167" lon="51.3380890"/>
  <node id="5262548899" lat="35.6997077" lon="51.3380894"/>
  <node id="5262548902" lat="35.6996987" lon="51.3380898"/>
  <node id="5262548904" lat="35.6996897" lon="51.3380902"/>
  <node id="5262548907" lat="35.6996807" lon="51.3380905"/>
  <node id="5262549454" lat="35.6997334" lon="51.3380441"/>
  <node id="5262549456" lat="35.6997244" lon="51.3380444"/>
  <node id="5262549467" lat="35.6999130" lon="51.3382026"/>
  <node id="5262549470" lat="35.6999085" lon="51.3382001"/>
  <node id="5262549472" lat="35.6998845" lon="51.3381444"/>
  <node id="5262549475" lat="35.6998708" lon="51.3381385"/>
  <node id="5262549477" lat="35.6998582" lon="51.3381717"/>
  <node id="5262549485" lat="35.6998208" lon="51.3381166"/>
  <node id="5262549486" lat="35.6998205" lon="51.3381064"/>
  <node id="5262549491" lat="35.6994385" lon="51.3382721"/>
  <node id="5262549500" lat="35.6994703" lon="51.3382846"/>
  <node id="5262549502" lat="35.6994776" lon="51.3382201"/>
  <node id="5262549504" lat="35.6994836" lon="51.3382758"/>
  <node id="5262550009" lat="35.6996535" lon="51.3380806"/>
  <node id="5262550010" lat="35.6997882" lon="51.3380750"/>
  <node id="5262550534" lat="35.6997972" lon="51.3380746"/>
  <node id="5262550535" lat="35.6997792" lon="51.3380754"/>
  <node id="5262550537" lat="35.6997433" lon="51.3380769"/>
  <node id="5262550539" lat="35.6997074" lon="51.3380784"/>
  <node id="5262550540" lat="35.6996894" lon="51.3380791"/>
  <node id="5262551650" lat="35.6997253" lon="51.3380776"/>
  <node id="5262551652" lat="35.6996984" lon="51.3380787"/>
  <node id="5262551730" lat="35.6997343" lon="51.3380772"/>
  <node id="5262551734" lat="35.6996804" lon="51.3380795"/>
  <node id="5262551793" lat="35.6997969" lon="51.3380636"/>
  <node id="5262552786" lat="35.6997517" lon="51.3380544"/>
  <node id="5262552787" lat="35.6997427" lon="51.3380548"/>
  <node id="5262552789" lat="35.6997337" lon="51.3380551"/>
  <node id="5262552950" lat="35.6997609" lon="51.3380651"/>
  <node id="5262552952" lat="35.6997879" lon="51.3380640"/>
  <node id="5262552974" lat="35.6997520" lon="51.3380654"/>
  <node id="5262553230" lat="35.6997789" lon="51.3380643"/>
  <node id="5262553232" lat="35.6997699" lon="51.3380647"/>
  <node id="5262553236" lat="35.6997340" lon="51.3380662"/>
  <node id="5262553238" lat="35.6997250" lon="51.3380666"/>
  <node id="5262553245" lat="35.6997160" lon="51.3380669"/>
  <node id="5262553246" lat="35.6997071" lon="51.3380673"/>
  <node id="5262553248" lat="35.6996801" lon="51.3380684"/>
  <node id="5262553251" lat="35.6997786" lon="51.3380533"/>
  <node id="5262553904" lat="35.6996981" lon="51.3380677"/>
  <node id="5262553906" lat="35.6996891" lon="51.3380680"/>
  <node id="5262553913" lat="35.6997606" lon="51.3380540"/>
  <node id="5262554175" lat="35.6997876" lon="51.3380529"/>
  <node id="5262554177" lat="35.6997696" lon="51.3380536"/>
  <node id="5262554179" lat="35.6997247" lon="51.3380555"/>
  <node id="5262554181" lat="35.6996885" lon="51.3380459"/>
  <node id="5262554182" lat="35.6996795" lon="51.3380463"/>
  <node id="5262554202" lat="35.6996972" lon="51.3380345"/>
  <node id="5262554737" lat="35.6997965" lon="51.3380525"/>
  <node id="5262555508" lat="35.6997157" lon="51.3380559"/>
  <node id="5262555509" lat="35.6997068" lon="51.3380562"/>
  <node id="5262555621" lat="35.6996978" lon="51.3380566"/>
  <node id="5262555622" lat="35.6996888" lon="51.3380570"/>
  <node id="5262555623" lat="35.6996798" lon="51.3380574"/>
  <node id="5262555645" lat="35.6997065" lon="51.3380452"/>
  <node id="5262555747" lat="35.6996526" lon="51.3380474"/>
  <node id="5262555749" lat="35.6997873" lon="51.3380418"/>
  <node id="5262555750" lat="35.6997783" lon="51.3380422"/>
  <node id="5262555753" lat="35.6997693" lon="51.3380426"/>
  <node id="5262555756" lat="35.6997514" lon="51.3380433"/>
  <node id="5262555759" lat="35.6996975" lon="51.3380456"/>
  <node id="5262555849" lat="35.6997962" lon="51.3380415"/>
  <node id="5262555851" lat="35.6997424" lon="51.3380437"/>
  <node id="5262556101" lat="35.6996882" lon="51.3380349"/>
  <node id="5262556227" lat="35.6997687" lon="51.3380205"/>
  <node id="5262556271" lat="35.6998253" lon="51.3381186"/>
  <node id="5262556272" lat="35.6996476" lon="51.3380310"/>
  <node id="5262556273" lat="35.6996601" lon="51.3381578"/>
  <node id="5262556274" lat="35.6996589" lon="51.3381131"/>
  <node id="5262556276" lat="35.6995277" lon="51.3382463"/>
  <node id="5262556278" lat="35.6995410" lon="51.3382374"/>
  <node id="5262556280" lat="35.6995706" lon="51.3381705"/>
  <node id="5262556416" lat="35.6997600" lon="51.3380319"/>
  <node id="5262556417" lat="35.6997870" lon="51.3380308"/>
  <node id="5262556502" lat="35.6997331" lon="51.3380330"/>
  <node id="5262556619" lat="35.6997959" lon="51.3380304"/>
  <node id="5262556620" lat="35.6997780" lon="51.3380312"/>
  <node id="5262556813" lat="35.6997421" lon="51.3380326"/>
  <node id="5262556815" lat="35.6997151" lon="51.3380338"/>
  <node id="5262556816" lat="35.6997597" lon="51.3380208"/>
  <node id="5262556817" lat="35.6997867" lon="51.3380197"/>
  <node id="5262556821" lat="35.6997690" lon="51.3380315"/>
  <node id="5262556825" lat="35.6996792" lon="51.3380353"/>
  <node id="5262556827" lat="35.6997777" lon="51.3380201"/>
  <node id="5262556923" lat="35.6997062" lon="51.3380341"/>
  <node id="5262557025" lat="35.6997956" lon="51.3380194"/>
  <node id="5262557078" lat="35.6997508" lon="51.3380212"/>
  <node id="5262557079" lat="35.6997418" lon="51.3380216"/>
  <node id="5262557110" lat="35.6997059" lon="51.3380231"/>
  <node id="5262557210" lat="35.6997238" lon="51.3380223"/>
  <node id="5262557212" lat="35.6996879" lon="51.3380238"/>
  <node id="5262557224" lat="35.6997148" lon="51.3380227"/>
  <node id="5262557324" lat="35.6997328" lon="51.3380220"/>
  <node id="5262557344" lat="35.6996969" lon="51.3380235"/>
  <node id="5262557476" lat="35.6996789" lon="51.3380242"/>
  <node id="5262557979" lat="35.6997594" lon="51.3380098"/>
  <node id="5262557980" lat="35.6997864" lon="51.3380087"/>
  <node id="5262557985" lat="35.6997325" lon="51.3380109"/>
  <node id="5262558142" lat="35.6997684" lon="51.3380094"/>
  <node id="5262558143" lat="35.6997504" lon="51.3380102"/>
  <node id="5262558145" lat="35.6997235" lon="51.3380113"/>
  <node id="5262558146" lat="35.6997145" lon="51.3380117"/>
  <node id="5262558148" lat="35.6996876" lon="51.3380128"/>
  <node id="5262558185" lat="35.6996783" lon="51.3380021"/>
  <node id="5262558262" lat="35.6997953" lon="51.3380083"/>
  <node id="5262558263" lat="35.6997774" lon="51.3380090"/>
  <node id="5262558266" lat="35.6997415" lon="51.3380105"/>
  <node id="5262558269" lat="35.6997056" lon="51.3380120"/>
  <node id="5262558275" lat="35.6996786" lon="51.3380131"/>
  <node id="5262558342" lat="35.6996966" lon="51.3380124"/>
  <node id="5262558569" lat="35.6997142" lon="51.3380006"/>
  <node id="5262558586" lat="35.6996873" lon="51.3380017"/>
  <node id="5262558759" lat="35.6997232" lon="51.3380002"/>
  <node id="5262558760" lat="35.6997053" lon="51.3380010"/>
  <node id="5262558761" lat="35.6996963" lon="51.3380013"/>
  <node id="5262559630" lat="35.6998232" lon="51.3380403"/>
  <node id="5262559631" lat="35.6998225" lon="51.3380157"/>
  <node id="5262560179" lat="35.7000534" lon="51.3382411"/>
  <node id="5262560210" lat="35.7000437" lon="51.3382140"/>
  <node id="5262560212" lat="35.7000404" lon="51.3382582"/>
  <node id="5262560398" lat="35.7000528" lon="51.3382180"/>
  <node id="5262560407" lat="35.7000490" lon="51.3382468"/>
  <node id="5262560635" lat="35.7000447" lon="51.3382525"/>
  <node id="5262560680" lat="35.7000209" lon="51.3382041"/>
  <node id="5262560850" lat="35.7000482" lon="51.3382160"/>
  <node id="5262560860" lat="35.7000346" lon="51.3382100"/>
  <node id="5262560886" lat="35.7000271" lon="51.3382671"/>
  <node id="5262561004" lat="35.7000226" lon="51.3382645"/>
  <node id="5262561005" lat="35.7000164" lon="51.3382021"/>
  <node id="5262561006" lat="35.7000180" lon="51.3382619"/>
  <node id="5262561093" lat="35.7000391" lon="51.3382120"/>
  <node id="5262561096" lat="35.7000360" lon="51.3382639"/>
  <node id="5262561099" lat="35.7000300" lon="51.3382080"/>
  <node id="5262561101" lat="35.7000255" lon="51.3382061"/>
  <node id="5262561684" lat="35.7000089" lon="51.3382568"/>
  <node id="5262561689" lat="35.7000043" lon="51.3382542"/>
  <node id="5262562025" lat="35.7000118" lon="51.3382001"/>
  <node id="5262562026" lat="35.7000073" lon="51.3381981"/>
  <node id="5262562083" lat="35.6999618" lon="51.3381782"/>
  <node id="5262562321" lat="35.7000134" lon="51.3382594"/>
  <node id="5262562397" lat="35.6999982" lon="51.3381941"/>
  <node id="5262562398" lat="35.6999997" lon="51.3382516"/>
  <node id="5262562563" lat="35.7000027" lon="51.3381961"/>
  <node id="5262563757" lat="35.6999952" lon="51.3382490"/>
  <node id="5262563760" lat="35.6999906" lon="51.3382465"/>
  <node id="5262563762" lat="35.6999845" lon="51.3381882"/>
  <node id="5262563928" lat="35.6999936" lon="51.3381921"/>
  <node id="5262563931" lat="35.6999891" lon="51.3381902"/>
  <node id="5262563938" lat="35.6999815" lon="51.3382413"/>
  <node id="5262563941" lat="35.6999769" lon="51.3382387"/>
  <node id="5262563943" lat="35.6999709" lon="51.3381822"/>
  <node id="5262565021" lat="35.6999860" lon="51.3382439"/>
  <node id="5262565023" lat="35.6999800" lon="51.3381862"/>
  <node id="5262565027" lat="35.6999587" lon="51.3382284"/>
  <node id="5262565597" lat="35.6999754" lon="51.3381842"/>
  <node id="5262565605" lat="35.6999678" lon="51.3382336"/>
  <node id="5262565631" lat="35.6999724" lon="51.3382362"/>
  <node id="5262565633" lat="35.6999663" lon="51.3381802"/>
  <node id="5262565657" lat="35.6999632" lon="51.3382310"/>
  <node id="5262565659" lat="35.6999572" lon="51.3381762"/>
  <node id="5262565680" lat="35.6999404" lon="51.3382181"/>
  <node id="5262565685" lat="35.6999358" lon="51.3382155"/>
  <node id="5262566144" lat="35.6999541" lon="51.3382258"/>
  <node id="5262566168" lat="35.6999436" lon="51.3381703"/>
  <node id="5262566315" lat="35.6999527" lon="51.3381742"/>
  <node id="5262566333" lat="35.6999481" lon="51.3381723"/>
  <node id="5262566334" lat="35.6999495" lon="51.3382233"/>
  <node id="5262566355" lat="35.6999390" lon="51.3381683"/>
  <node id="5262566678" lat="35.6999313" lon="51.3382130"/>
  <node id="5262566681" lat="35.6999163" lon="51.3381583"/>
  <node id="5262566690" lat="35.6999039" lon="51.3381975"/>
  <node id="5262566692" lat="35.6998981" lon="51.3381504"/>
  <node id="5262566784" lat="35.6999345" lon="51.3381663"/>
  <node id="5262566787" lat="35.6999299" lon="51.3381643"/>
  <node id="5262566821" lat="35.6999450" lon="51.3382207"/>
  <node id="5262566856" lat="35.6994880" lon="51.3382728"/>
  <node id="5262566858" lat="35.6995927" lon="51.3381587"/>
  <node id="5262566859" lat="35.6996193" lon="51.3381445"/>
  <node id="5262566894" lat="35.6996207" lon="51.3380321"/>
  <node id="5262566895" lat="35.6996387" lon="51.3380314"/>
  <node id="5262567072" lat="35.6998993" lon="51.3381949"/>
  <node id="5262567121" lat="35.6999254" lon="51.3381623"/>
  <node id="5262567122" lat="35.6999267" lon="51.3382104"/>
  <node id="5262567124" lat="35.6999208" lon="51.3381603"/>
  <node id="5262567125" lat="35.6999221" lon="51.3382078"/>
  <node id="5262567316" lat="35.6999176" lon="51.3382052"/>
  <node id="5262567318" lat="35.6999118" lon="51.3381564"/>
  <node id="5262567320" lat="35.6999072" lon="51.3381544"/>
  <node id="5262567748" lat="35.6998936" lon="51.3381484"/>
  <node id="5262567819" lat="35.6998811" lon="51.3381846"/>
  <node id="5262569445" lat="35.6998948" lon="51.3381923"/>
  <node id="5262569449" lat="35.6998754" lon="51.3381405"/>
  <node id="5262569478" lat="35.6998628" lon="51.3381743"/>
  <node id="5262569486" lat="35.6998335" lon="51.3380897"/>
  <node id="5262569659" lat="35.6998890" lon="51.3381464"/>
  <node id="5262569660" lat="35.6998902" lon="51.3381898"/>
  <node id="5262570101" lat="35.6998856" lon="51.3381872"/>
  <node id="5262570107" lat="35.6998799" lon="51.3381424"/>
  <node id="5262570116" lat="35.6998765" lon="51.3381820"/>
  <node id="5262570312" lat="35.6994421" lon="51.3382390"/>
  <node id="5262570824" lat="35.6998719" lon="51.3381794"/>
  <node id="5262570828" lat="35.6998663" lon="51.3381365"/>
  <node id="5262570836" lat="35.6998542" lon="51.3380225"/>
  <node id="5262570851" lat="35.6998491" lon="51.3381666"/>
  <node id="5262570966" lat="35.6998605" lon="51.3380886"/>
  <node id="5262570967" lat="35.6998617" lon="51.3381345"/>
  <node id="5262570968" lat="35.6998587" lon="51.3380223"/>
  <node id="5262570970" lat="35.6998560" lon="51.3380888"/>
  <node id="5262570971" lat="35.6998572" lon="51.3381325"/>
  <node id="5262571235" lat="35.6998674" lon="51.3381769"/>
  <node id="5262571406" lat="35.6998515" lon="51.3380890"/>
  <node id="5262571408" lat="35.6998537" lon="51.3381691"/>
  <node id="5262571549" lat="35.6998526" lon="51.3381305"/>
  <node id="5262571550" lat="35.6998497" lon="51.3380226"/>
  <node id="5262571561" lat="35.6998425" lon="51.3380894"/>
  <node id="5262571562" lat="35.6998435" lon="51.3381265"/>
  <node id="5262571563" lat="35.6998407" lon="51.3380230"/>
  <node id="5262571666" lat="35.6998470" lon="51.3380892"/>
  <node id="5262571667" lat="35.6998481" lon="51.3381285"/>
  <node id="5262571668" lat="35.6998452" lon="51.3380228"/>
  <node id="5262571672" lat="35.6998445" lon="51.3381640"/>
  <node id="5262571679" lat="35.6998390" lon="51.3381245"/>
  <node id="5262571680" lat="35.6998362" lon="51.3380232"/>
  <node id="5262571958" lat="35.6998380" lon="51.3380895"/>
  <node id="5262571962" lat="35.6998400" lon="51.3381614"/>
  <node id="5262572078" lat="35.6998317" lon="51.3380234"/>
  <node id="5262572086" lat="35.6998241" lon="51.3380735"/>
  <node id="5262572359" lat="35.6998344" lon="51.3381226"/>
  <node id="5262572360" lat="35.6998354" lon="51.3381588"/>
  <node id="5262572363" lat="35.6998299" lon="51.3381206"/>
  <node id="5262572619" lat="35.6998309" lon="51.3381563"/>
  <node id="5262573124" lat="35.6998263" lon="51.3381537"/>
  <node id="5262573125" lat="35.6998248" lon="51.3380982"/>
  <node id="5262573128" lat="35.6998178" lon="51.3380079"/>
  <node id="5262573165" lat="35.6996519" lon="51.3380228"/>
  <node id="5262573167" lat="35.6996503" lon="51.3381280"/>
  <node id="5262573169" lat="35.6996105" lon="51.3381493"/>
  <node id="5262573278" lat="35.6998217" lon="51.3381511"/>
  <node id="5262573309" lat="35.6998172" lon="51.3381485"/>
  <node id="5262573315" lat="35.6996645" lon="51.3381548"/>
  <node id="5262573318" lat="35.6996562" lon="51.3380146"/>
  <node id="5262573320" lat="35.6996547" lon="51.3381256"/>
  <node id="5262573495" lat="35.6996494" lon="51.3380974"/>
  <node id="5262573516" lat="35.6996592" lon="51.3381233"/>
  <node id="5262573517" lat="35.6996559" lon="51.3380044"/>
  <node id="5262573518" lat="35.6996557" lon="51.3381607"/>
  <node id="5262573519" lat="35.6996542" lon="51.3381053"/>
  <node id="5262573721" lat="35.6996514" lon="51.3380024"/>
  <node id="5262573722" lat="35.6996513" lon="51.3381637"/>
  <node id="5262573759" lat="35.6996468" lon="51.3380004"/>
  <node id="5262573760" lat="35.6996116" lon="51.3381902"/>
  <node id="5262573771" lat="35.6994333" lon="51.3382437"/>
  <node id="5262573774" lat="35.6994377" lon="51.3382413"/>
  <node id="5262573843" lat="35.6994339" lon="51.3382668"/>
  <node id="5262574356" lat="35.6994432" lon="51.3382775"/>
  <node id="5262574359" lat="35.6994478" lon="51.3382828"/>
  <node id="5262574362" lat="35.6994525" lon="51.3382881"/>
  <node id="5262574662" lat="35.6994659" lon="51.3382876"/>
  <node id="5262574663" lat="35.6994643" lon="51.3382271"/>
  <node id="5262574697" lat="35.6994748" lon="51.3382817"/>
  <node id="5262574824" lat="35.6994466" lon="51.3382366"/>
  <node id="5262574847" lat="35.6994510" lon="51.3382342"/>
  <node id="5262574849" lat="35.6994554" lon="51.3382319"/>
  <node id="5262574850" lat="35.6994615" lon="51.3382905"/>
  <node id="5262574851" lat="35.6994598" lon="51.3382295"/>
  <node id="5262574988" lat="35.6994864" lon="51.3382153"/>
  <node id="5262574994" lat="35.6994909" lon="51.3382130"/>
  <node id="5262574996" lat="35.6995056" lon="51.3382610"/>
  <node id="5262575009" lat="35.6995101" lon="51.3382581"/>
  <node id="5262575015" lat="35.6995145" lon="51.3382551"/>
  <node id="5262575016" lat="35.6995130" lon="51.3382012"/>
  <node id="5262575019" lat="35.6995189" lon="51.3382522"/>
  <node id="5262575020" lat="35.6995174" lon="51.3381988"/>
  <node id="5262575535" lat="35.6994687" lon="51.3382248"/>
  <node id="5262575569" lat="35.6994731" lon="51.3382224"/>
  <node id="5262575575" lat="35.6994792" lon="51.3382787"/>
  <node id="5262575775" lat="35.6994820" lon="51.3382177"/>
  <node id="5262575789" lat="35.6995307" lon="51.3381917"/>
  <node id="5262575792" lat="35.6995365" lon="51.3382404"/>
  <node id="5262575793" lat="35.6995351" lon="51.3381894"/>
  <node id="5262575796" lat="35.6995396" lon="51.3381870"/>
  <node id="5262576180" lat="35.6995763" lon="51.3382138"/>
  <node id="5262578341" lat="35.6994924" lon="51.3382699"/>
  <node id="5262578345" lat="35.6995041" lon="51.3382059"/>
  <node id="5262578623" lat="35.6994968" lon="51.3382669"/>
  <node id="5262578624" lat="35.6994953" lon="51.3382106"/>
  <node id="5262578626" lat="35.6994997" lon="51.3382083"/>
  <node id="5262578630" lat="35.6995086" lon="51.3382035"/>
  <node id="5262578936" lat="35.6995012" lon="51.3382640"/>
  <node id="5262579323" lat="35.6995233" lon="51.3382492"/>
  <node id="5262579325" lat="35.6995219" lon="51.3381965"/>
  <node id="5262579330" lat="35.6995263" lon="51.3381941"/>
  <node id="5262579437" lat="35.6995321" lon="51.3382433"/>
  <node id="5262579745" lat="35.6995454" lon="51.3382345"/>
  <node id="5262579747" lat="35.6995440" lon="51.3381847"/>
  <node id="5262579762" lat="35.6995484" lon="51.3381823"/>
  <node id="5262579953" lat="35.6995498" lon="51.3382315"/>
  <node id="5262579956" lat="35.6995586" lon="51.3382256"/>
  <node id="5262579957" lat="35.6995573" lon="51.3381776"/>
  <node id="5262579960" lat="35.6995529" lon="51.3381799"/>
  <node id="5262579962" lat="35.6995630" lon="51.3382227"/>
  <node id="5262580075" lat="35.6995617" lon="51.3381752"/>
  <node id="5262580121" lat="35.6995542" lon="51.3382286"/>
  <node id="5262580192" lat="35.6996060" lon="51.3381516"/>
  <node id="5262580439" lat="35.6995662" lon="51.3381729"/>
  <node id="5262580442" lat="35.6995718" lon="51.3382168"/>
  <node id="5262580499" lat="35.6995851" lon="51.3382079"/>
  <node id="5262580526" lat="35.6995674" lon="51.3382197"/>
  <node id="5262580583" lat="35.6995750" lon="51.3381681"/>
  <node id="5262580585" lat="35.6995807" lon="51.3382109"/>
  <node id="5262580818" lat="35.6995839" lon="51.3381634"/>
  <node id="5262580838" lat="35.6996016" lon="51.3381540"/>
  <node id="5262580948" lat="35.6995883" lon="51.3381611"/>
  <node id="5262580951" lat="35.6995939" lon="51.3382020"/>
  <node id="5262581008" lat="35.6996072" lon="51.3381932"/>
  <node id="5262581015" lat="35.6996149" lon="51.3381469"/>
  <node id="5262581145" lat="35.6995895" lon="51.3382050"/>
  <node id="5262581158" lat="35.6995972" lon="51.3381563"/>
  <node id="5262581162" lat="35.6996160" lon="51.3381873"/>
  <node id="5262581169" lat="35.6996162" lon="51.3380323"/>
  <node id="5262581174" lat="35.6996292" lon="51.3381784"/>
  <node id="5262581176" lat="35.6996252" lon="51.3380320"/>
  <node id="5262581179" lat="35.6996237" lon="51.3381422"/>
  <node id="5262581180" lat="35.6996225" lon="51.3380985"/>
  <node id="5262581531" lat="35.6995983" lon="51.3381991"/>
  <node id="5262581548" lat="35.6996027" lon="51.3381961"/>
  <node id="5262581725" lat="35.6996204" lon="51.3381843"/>
  <node id="5262582323" lat="35.6996181" lon="51.3380987"/>
  <node id="5262582432" lat="35.6996282" lon="51.3381398"/>
  <node id="5262582433" lat="35.6996270" lon="51.3380983"/>
  <node id="5262582456" lat="35.6996248" lon="51.3381814"/>
  <node id="5262582513" lat="35.6996336" lon="51.3381755"/>
  <node id="5262582514" lat="35.6996326" lon="51.3381374"/>
  <node id="5262582515" lat="35.6996315" lon="51.3380981"/>
  <node id="5262582518" lat="35.6996370" lon="51.3381351"/>
  <node id="5262582604" lat="35.6996297" lon="51.3380318"/>
  <node id="5262582606" lat="35.6996381" lon="51.3381725"/>
  <node id="5262582607" lat="35.6996360" lon="51.3380979"/>
  <node id="5262582849" lat="35.6996342" lon="51.3380316"/>
  <node id="5262582852" lat="35.6996415" lon="51.3381327"/>
  <node id="5262582853" lat="35.6996405" lon="51.3380977"/>
  <node id="5262582856" lat="35.6996469" lon="51.3381666"/>
  <node id="5262582858" lat="35.6996459" lon="51.3381304"/>
  <node id="5262582861" lat="35.6996450" lon="51.3380975"/>
  <node id="5262582862" lat="35.6996432" lon="51.3380312"/>
  <node id="5262583025" lat="35.6996425" lon="51.3381696"/>
  <node id="5262583766" lat="35.6998649" lon="51.3380884"/>
  <node id="5262583767" lat="35.6998631" lon="51.3380221"/>
  <node id="5262583768" lat="35.6996117" lon="51.3380325"/>
  <node id="5262584221" lat="35.6996136" lon="51.3380989"/>
  <node id="5263228309" lat="35.6998674" lon="51.3380136"/>
  <node id="5263242809" lat="35.6996070" lon="51.3380246"/>
  <node id="5263244997" lat="35.6998697" lon="51.3380965"/>
  <node id="5263245016" lat="35.6998838" lon="51.3381205"/>
  <node id="5263245908" lat="35.6998744" lon="51.3381045"/>
  <node id="5263245913" lat="35.6995976" lon="51.3380087"/>
  <node id="5263245946" lat="35.6998791" lon="51.3381126"/>
  <node id="5263245949" lat="35.6998932" lon="51.3381365"/>
  <node id="5263245951" lat="35.6998717" lon="51.3380053"/>
  <node id="5263245964" lat="35.6995929" lon="51.3380007"/>
  <node id="5263245968" lat="35.6996050" lon="51.3381157"/>
  <node id="5263245969" lat="35.6995922" lon="51.3381407"/>
  <node id="5263246021" lat="35.6998885" lon="51.3381285"/>
  <node id="5263246128" lat="35.6996023" lon="51.3380166"/>
  <node id="5263246132" lat="35.6996008" lon="51.3381240"/>
  <node id="5263246133" lat="35.6995880" lon="51.3381490"/>
  <node id="5263246234" lat="35.6996093" lon="51.3381073"/>
  <node id="5263246235" lat="35.6995965" lon="51.3381324"/>
  <node id="5264281792" lat="35.6996509" lon="51.3380419"/>
  <node id="5264284479" lat="35.6996309" lon="51.3380760"/>
  <node id="5264285610" lat="35.6998413" lon="51.3380451"/>
  <node id="5264285611" lat="35.6996488" lon="51.3380752"/>
  <node id="5264285612" lat="35.6996399" lon="51.3380756"/>
  <node id="5264286711" lat="35.6998233" lon="51.3380459"/>
  <node id="5264286712" lat="35.6998278" lon="51.3380457"/>
  <node id="5264286713" lat="35.6998368" lon="51.3380453"/>
  <node id="5264286718" lat="35.6996491" lon="51.3380863"/>
  <node id="5264287434" lat="35.6996482" lon="51.3380531"/>
  <node id="5264288280" lat="35.6998287" lon="51.3380788"/>
  <node id="5264288281" lat="35.6998422" lon="51.3380783"/>
  <node id="5264288284" lat="35.6998284" lon="51.3380678"/>
  <node id="5264288285" lat="35.6998419" lon="51.3380672"/>
  <node id="5264288438" lat="35.6998332" lon="51.3380787"/>
  <node id="5264288439" lat="35.6998467" lon="51.3380781"/>
  <node id="5264288442" lat="35.6998329" lon="51.3380676"/>
  <node id="5264288443" lat="35.6998464" lon="51.3380670"/>
  <node id="5264288631" lat="35.6998257" lon="51.3380790"/>
  <node id="5264288632" lat="35.6998377" lon="51.3380785"/>
  <node id="5264288635" lat="35.6998239" lon="51.3380680"/>
  <node id="5264288636" lat="35.6998374" lon="51.3380674"/>
  <node id="5264288799" lat="35.6998458" lon="51.3380449"/>
  <node id="5264288814" lat="35.6998365" lon="51.3380342"/>
  <node id="5264288819" lat="35.6996521" lon="51.3380862"/>
  <node id="5264288820" lat="35.6996402" lon="51.3380867"/>
  <node id="5264288852" lat="35.6998323" lon="51.3380455"/>
  <node id="5264288939" lat="35.6998245" lon="51.3380347"/>
  <node id="5264288940" lat="35.6998320" lon="51.3380344"/>
  <node id="5264288941" lat="35.6998455" lon="51.3380339"/>
  <node id="5264288949" lat="35.6996447" lon="51.3380865"/>
  <node id="5264288950" lat="35.6996357" lon="51.3380868"/>
  <node id="5264289061" lat="35.6998275" lon="51.3380346"/>
  <node id="5264289062" lat="35.6998410" lon="51.3380341"/>
  <node id="5264289324" lat="35.6996354" lon="51.3380758"/>
  <node id="5264289421" lat="35.6996312" lon="51.3380870"/>
  <node id="5264289443" lat="35.6996444" lon="51.3380754"/>
  <node id="5264289531" lat="35.6996533" lon="51.3380750"/>
  <node id="5264289557" lat="35.6996438" lon="51.3380533"/>
  <node id="5264289558" lat="35.6996303" lon="51.3380539"/>
  <node id="5264289561" lat="35.6996390" lon="51.3380424"/>
  <node id="5264289692" lat="35.6996345" lon="51.3380426"/>
  <node id="5264289843" lat="35.6996527" lon="51.3380529"/>
  <node id="5264289844" lat="35.6996393" lon="51.3380535"/>
  <node id="5264289847" lat="35.6996479" lon="51.3380421"/>
  <node id="5264290302" lat="35.6996348" lon="51.3380537"/>
  <node id="5264290442" lat="35.6996435" lon="51.3380422"/>
  <node id="5264290595" lat="35.6996300" lon="51.3380428"/>
  <node id="5264503416" lat="35.6998142" lon="51.3380407"/>
  <node id="5264506420" lat="35.6998183" lon="51.3380239"/>
  <node id="5264508507" lat="35.6996566" lon="51.3380306"/>
  <node id="5264509012" lat="35.6998187" lon="51.3380405"/>
  <node id="5264509373" lat="35.6996616" lon="51.3380470"/>
  <node id="5264509479" lat="35.6996571" lon="51.3380472"/>
  <node id="5264509804" lat="35.6996581" lon="51.3380859"/>
  <node id="5264510100" lat="35.6996580" lon="51.3380804"/>
  <node id="5264510168" lat="35.6998196" lon="51.3380737"/>
  <node id="5264510334" lat="35.6996625" lon="51.3380802"/>
  <node id="5264510336" lat="35.6998151" lon="51.3380739"/>
  <node id="5264510445" lat="35.6996583" lon="51.3380914"/>
  <node id="5264511421" lat="35.6996584" lon="51.3380970"/>
  <node id="5264511678" lat="35.6998201" lon="51.3380903"/>
  <node id="5268648962" lat="35.6992856" lon="51.3394508"/>
  <node id="5268649008" lat="35.6998222" lon="51.3381676"/>
  <node id="5268657726" lat="35.6993035" lon="51.3393218"/>
  <node id="5268657762" lat="35.7004827" lon="51.3386316"/>
  <node id="5268657766" lat="35.7001929" lon="51.3394834"/>
  <node id="5268659957" lat="35.7002476" lon="51.3393699"/>
  <node id="5268659976" lat="35.7000628" lon="51.3394751"/>
  <node id="5268659977" lat="35.6993095" lon="51.3393482"/>
  <node id="5268659978" lat="35.6997782" lon="51.3395173"/>
  <node id="5268660893" lat="35.6996684" lon="51.3394876"/>
  <node id="5268660943" lat="35.7004058" lon="51.3389381"/>
  <node id="5268660950" lat="35.7005436" lon="51.3385357"/>
  <node id="5268660952" lat="35.7004191" lon="51.3389710"/>
  <node id="5268660953" lat="35.7005329" lon="51.3383805"/>
  <node id="5268660954" lat="35.6990851" lon="51.3390183"/>
  <node id="5268660958" lat="35.6990169" lon="51.3388644"/>
  <node id="5268661249" lat="35.7003674" lon="51.3391950"/>
  <node id="5268661250" lat="35.6993258" lon="51.3393426"/>
  <node id="5268661251" lat="35.6994877" lon="51.3394933"/>
  <node id="5268661252" lat="35.7002058" lon="51.3393229"/>
  <node id="5268661261" lat="35.6990100" lon="51.3387112"/>
  <node id="5268661262" lat="35.7003918" lon="51.3389680"/>
  <node id="5268661263" lat="35.7004729" lon="51.3386630"/>
  <node id="5268661423" lat="35.6998862" lon="51.3394807"/>
  <node id="5268661424" lat="35.6991544" lon="51.3392245"/>
  <node id="5268661623" lat="35.6992949" lon="51.3394221"/>
  <node id="5268661624" lat="35.6991765" lon="51.3392035"/>
  <node id="5268662018" lat="35.7002270" lon="51.3393004"/>
  <node id="5268662115" lat="35.7003436" lon="51.3391764"/>
  <node id="5268662116" lat="35.7002223" lon="51.3393273"/>
  <node id="5268662117" lat="35.6995005" lon="51.3395261"/>
  <node id="5268662340" lat="35.7000518" lon="51.3395086"/>
  <node id="5268662341" lat="35.7003555" lon="51.3391857"/>
  <node id="5268662342" lat="35.7005934" lon="51.3380914"/>
  <node id="5268662358" lat="35.6990969" lon="51.3389838"/>
  <node id="5268662359" lat="35.6991124" lon="51.3390127"/>
  <node id="5268662494" lat="35.7005213" lon="51.3383939"/>
  <node id="5268662495" lat="35.7005665" lon="51.3380925"/>
  <node id="5268662525" lat="35.6991655" lon="51.3392140"/>
  <node id="5268662743" lat="35.7005256" lon="51.3383610"/>
  <node id="5268663703" lat="35.7005735" lon="51.3382404"/>
  <node id="5268663704" lat="35.7004779" lon="51.3388239"/>
  <node id="5268663706" lat="35.7005470" lon="51.3383828"/>
  <node id="5268663707" lat="35.7004997" lon="51.3386586"/>
  <node id="5268663719" lat="35.6991656" lon="51.3382551"/>
  <node id="5268664006" lat="35.7006008" lon="51.3382471"/>
  <node id="5268664007" lat="35.7005724" lon="51.3385443"/>
  <node id="5268664234" lat="35.7004860" lon="51.3386532"/>
  <node id="5268664480" lat="35.7005052" lon="51.3388347"/>
  <node id="5268664482" lat="35.7004069" lon="51.3389634"/>
  <node id="5268665440" lat="35.6990968" lon="51.3390097"/>
  <node id="5268665459" lat="35.7004915" lon="51.3388293"/>
  <node id="5268665524" lat="35.7005792" lon="51.3380753"/>
  <node id="5268665526" lat="35.7005872" lon="51.3382438"/>
  <node id="5268665527" lat="35.6990037" lon="51.3388707"/>
  <node id="5268665627" lat="35.7005580" lon="51.3385400"/>
  <node id="5268665971" lat="35.6991919" lon="51.3384149"/>
  <node id="5268665972" lat="35.6999300" lon="51.3387847"/>
  <node id="5268665985" lat="35.6994135" lon="51.3383948"/>
  <node id="5268665987" lat="35.6999150" lon="51.3387820"/>
  <node id="5268665988" lat="35.6999701" lon="51.3384965"/>
  <node id="5268665989" lat="35.7001504" lon="51.3384749"/>
  <node id="5268665990" lat="35.7001424" lon="51.3384075"/>
  <node id="5268665991" lat="35.7003193" lon="51.3385150"/>
  <node id="5268665992" lat="35.7003440" lon="51.3383197"/>
  <node id="5268665993" lat="35.7002019" lon="51.3383421"/>
  <node id="5268665994" lat="35.7000809" lon="51.3380960"/>
  <node id="5268665995" lat="35.6993684" lon="51.3381717"/>
  <node id="5268666001" lat="35.6993427" lon="51.3381433"/>
  <node id="5268666002" lat="35.7001136" lon="51.3381408"/>
  <node id="5268666210" lat="35.6991403" lon="51.3382434"/>
  <node id="5268666356" lat="35.6991187" lon="51.3383457"/>
  <node id="5268666357" lat="35.6991260" lon="51.3383777"/>
  <node id="5268666358" lat="35.6991656" lon="51.3385418"/>
  <node id="5268666363" lat="35.6991926" lon="51.3385437"/>
  <node id="5268666364" lat="35.6992386" lon="51.3386277"/>
  <node id="5268666365" lat="35.6992800" lon="51.3387516"/>
  <node id="5268666604" lat="35.6995304" lon="51.3385007"/>
  <node id="5268666605" lat="35.6994204" lon="51.3386755"/>
  <node id="5268666719" lat="35.6991448" lon="51.3383539"/>
  <node id="5268667247" lat="35.6992507" lon="51.3385974"/>
  <node id="5268667248" lat="35.6992534" lon="51.3387573"/>
  <node id="5268667249" lat="35.6994343" lon="51.3389670"/>
  <node id="5268667250" lat="35.6993486" lon="51.3388330"/>
  <node id="5268667380" lat="35.6991747" lon="51.3384409"/>
  <node id="5268667391" lat="35.6992014" lon="51.3384461"/>
  <node id="5268667392" lat="35.6991779" lon="51.3385717"/>
  <node id="5268667393" lat="35.6992655" lon="51.3386253"/>
  <node id="5268667394" lat="35.6993742" lon="51.3388218"/>
  <node id="5268667395" lat="35.6992709" lon="51.3387832"/>
  <node id="5268667396" lat="35.6994112" lon="51.3389842"/>
  <node id="5268667397" lat="35.6991888" lon="51.3384350"/>
  <node id="5268667398" lat="35.6992512" lon="51.3386185"/>
  <node id="5268667953" lat="35.6993586" lon="51.3388207"/>
  <node id="5268667958" lat="35.6998569" lon="51.3390839"/>
  <node id="5268667959" lat="35.6996759" lon="51.3390892"/>
  <node id="5268667960" lat="35.6994351" lon="51.3390002"/>
  <node id="5268667961" lat="35.6995976" lon="51.3388058"/>
  <node id="5268667962" lat="35.6995604" lon="51.3389870"/>
  <node id="5268667963" lat="35.7000761" lon="51.3389481"/>
  <node id="5268667964" lat="35.6999526" lon="51.3389671"/>
  <node id="5268667965" lat="35.6999688" lon="51.3389739"/>
  <node id="5268667966" lat="35.7002275" lon="51.3387583"/>
  <node id="5268667967" lat="35.7002241" lon="51.3385916"/>
  <node id="5268667968" lat="35.7002386" lon="51.3385634"/>
  <node id="5268667969" lat="35.7001413" lon="51.3387980"/>
  <node id="5268668024" lat="35.6993541" lon="51.3387991"/>
  <node id="5268668025" lat="35.6991299" lon="51.3383586"/>
  <node id="5268668329" lat="35.6991783" lon="51.3385513"/>
  <node id="5268668330" lat="35.6996766" lon="51.3390513"/>
  <node id="5268668331" lat="35.6995490" lon="51.3389701"/>
  <node id="5268668332" lat="35.6995714" lon="51.3387978"/>
  <node id="5268668333" lat="35.6995752" lon="51.3389784"/>
  <node id="5268668334" lat="35.6999732" lon="51.3389902"/>
  <node id="5268668335" lat="35.7001000" lon="51.3389636"/>
  <node id="5268668336" lat="35.7001259" lon="51.3388001"/>
  <node id="5268668337" lat="35.6999781" lon="51.3389565"/>
  <node id="5268668338" lat="35.6999048" lon="51.3387965"/>
  <node id="5268668339" lat="35.6997677" lon="51.3391359"/>
  <node id="5268668340" lat="35.7002438" lon="51.3387314"/>
  <node id="5268668341" lat="35.7002510" lon="51.3385932"/>
  <node id="5268668342" lat="35.7002924" lon="51.3385169"/>
  <node id="5268668460" lat="35.6992676" lon="51.3387624"/>
  <node id="5268668475" lat="35.6994651" lon="51.3385141"/>
  <node id="5268668524" lat="35.6998541" lon="51.3390465"/>
  <node id="5268668525" lat="35.6995566" lon="51.3390035"/>
  <node id="5268668526" lat="35.6994260" lon="51.3389833"/>
  <node id="5268668527" lat="35.7000770" lon="51.3389813"/>
  <node id="5268668528" lat="35.7001519" lon="51.3388097"/>
  <node id="5268668529" lat="35.7000853" lon="51.3389640"/>
  <node id="5268668534" lat="35.7001453" lon="51.3387763"/>
  <node id="5268668535" lat="35.7002170" lon="51.3387275"/>
  <node id="5268668536" lat="35.7003072" lon="51.3385447"/>
  <node id="5268668537" lat="35.7002380" lon="51.3385842"/>
  <node id="5268668538" lat="35.7002300" lon="51.3387377"/>
  <node id="5268668590" lat="35.7003821" lon="51.3380835"/>
  <node id="5268669076" lat="35.6997504" lon="51.3385027"/>
  <node id="5268669077" lat="35.6995592" lon="51.3385805"/>
  <node id="5268669078" lat="35.6996544" lon="51.3386191"/>
  <node id="5268669081" lat="35.6996392" lon="51.3385508"/>
  <node id="5268669138" lat="35.6994622" lon="51.3384853"/>
  <node id="5268669161" lat="35.6992774" lon="51.3381294"/>
  <node id="5268669162" lat="35.6998738" lon="51.3385794"/>
  <node id="5268669163" lat="35.7000430" lon="51.3386352"/>
  <node id="5268669164" lat="35.7001364" lon="51.3385037"/>
  <node id="5268669165" lat="35.7000742" lon="51.3385281"/>
  <node id="5268669182" lat="35.7002858" lon="51.3384219"/>
  <node id="5268669187" lat="35.7003065" lon="51.3385250"/>
  <node id="5268669188" lat="35.7003487" lon="51.3382024"/>
  <node id="5268669189" lat="35.7003301" lon="51.3383157"/>
  <node id="5268669190" lat="35.7003502" lon="51.3383389"/>
  <node id="5268669191" lat="35.7002985" lon="51.3384105"/>
  <node id="5268669192" lat="35.7003349" lon="51.3381991"/>
  <node id="5268669193" lat="35.7002329" lon="51.3381795"/>
  <node id="5268669194" lat="35.7000795" lon="51.3380463"/>
  <node id="5268669288" lat="35.6996912" lon="51.3386379"/>
  <node id="5268669289" lat="35.6996946" lon="51.3387622"/>
  <node id="5268669290" lat="35.6996316" lon="51.3385767"/>
  <node id="5268669342" lat="35.6998169" lon="51.3386327"/>
  <node id="5268669343" lat="35.6998204" lon="51.3387594"/>
  <node id="5268669348" lat="35.6995721" lon="51.3385989"/>
  <node id="5268669559" lat="35.6995359" lon="51.3385897"/>
  <node id="5268669560" lat="35.6995171" lon="51.3385211"/>
  <node id="5268669609" lat="35.6992544" lon="51.3382370"/>
  <node id="5268669610" lat="35.6990918" lon="51.3380374"/>
  <node id="5268669615" lat="35.6990927" lon="51.3381536"/>
  <node id="5268669617" lat="35.6992747" lon="51.3380299"/>
  <node id="5268669618" lat="35.6993402" lon="51.3384242"/>
  <node id="5268669619" lat="35.6993497" lon="51.3383924"/>
  <node id="5268669620" lat="35.6993102" lon="51.3382912"/>
  <node id="5268669734" lat="35.6994444" lon="51.3384765"/>
  <node id="5268669735" lat="35.6994635" lon="51.3383987"/>
  <node id="5268669847" lat="35.6994453" lon="51.3384127"/>
  <node id="5268669850" lat="35.6993540" lon="51.3384153"/>
  <node id="5268669851" lat="35.6993523" lon="51.3385355"/>
  <node id="5268669890" lat="35.6995119" lon="51.3387025"/>
  <node id="5268669891" lat="35.6999551" lon="51.3384765"/>
  <node id="5268669913" lat="35.7003224" lon="51.3382135"/>
  <node id="5268670047" lat="35.6993109" lon="51.3382668"/>
  <node id="5268670048" lat="35.6992958" lon="51.3382960"/>
  <node id="5268670049" lat="35.6992880" lon="51.3381455"/>
  <node id="5268670050" lat="35.6992596" lon="51.3382191"/>
  <node id="5268670051" lat="35.6991548" lon="51.3382405"/>
  <node id="5268670052" lat="35.6990829" lon="51.3380212"/>
  <node id="5268670053" lat="35.7004027" lon="51.3380329"/>
  <node id="5268670054" lat="35.7002021" lon="51.3380910"/>
  <node id="5268670055" lat="35.6992861" lon="51.3383607"/>
  <node id="5268670056" lat="35.6993130" lon="51.3383640"/>
  <node id="5268670067" lat="35.6994415" lon="51.3386963"/>
  <node id="5268670068" lat="35.6993638" lon="51.3385053"/>
  <node id="5268670231" lat="35.6992743" lon="51.3382147"/>
  <node id="5268670232" lat="35.6990998" lon="51.3381367"/>
  <node id="5268670233" lat="35.6992832" lon="51.3380129"/>
  <node id="5268670236" lat="35.6990740" lon="51.3380880"/>
  <node id="5268670264" lat="35.6992971" lon="51.3383910"/>
  <node id="5268670265" lat="35.6993212" lon="51.3383095"/>
  <node id="5268670266" lat="35.6992981" lon="51.3383721"/>
  <node id="5268670268" lat="35.6994306" lon="51.3385601"/>
  <node id="5268670269" lat="35.6994070" lon="51.3385263"/>
  <node id="5268670270" lat="35.6994032" lon="51.3385602"/>
  <node id="5268670271" lat="35.6993498" lon="51.3385164"/>
  <node id="5268670272" lat="35.6994460" lon="51.3386634"/>
  <node id="5268670273" lat="35.6995376" lon="51.3386893"/>
  <node id="5268670274" lat="35.6995856" lon="51.3387934"/>
  <node id="5268670275" lat="35.6999185" lon="51.3385853"/>
  <node id="5268670293" lat="35.6999090" lon="51.3387637"/>
  <node id="5268670298" lat="35.6998344" lon="51.3387797"/>
  <node id="5268670299" lat="35.7001918" lon="51.3383728"/>
  <node id="5268670300" lat="35.7000180" lon="51.3384892"/>
  <node id="5268670301" lat="35.6999571" lon="51.3386801"/>
  <node id="5268670302" lat="35.7000585" lon="51.3385400"/>
  <node id="5268670321" lat="35.6993366" lon="51.3385083"/>
  <node id="5268670322" lat="35.6993668" lon="51.3384314"/>
  <node id="5268670376" lat="35.6994151" lon="51.3385481"/>
  <node id="5268670377" lat="35.6995058" lon="51.3386687"/>
  <node id="5268670378" lat="35.6995188" lon="51.3386864"/>
  <node id="5268670379" lat="35.6996764" lon="51.3387509"/>
  <node id="5268670380" lat="35.6998428" lon="51.3386307"/>
  <node id="5268670381" lat="35.6998656" lon="51.3385560"/>
  <node id="5268670382" lat="35.6998363" lon="51.3387463"/>
  <node id="5268670387" lat="35.7000230" lon="51.3384639"/>
  <node id="5268670390" lat="35.6999840" lon="51.3386908"/>
  <node id="5268670391" lat="35.6999871" lon="51.3386552"/>
  <node id="5268670392" lat="35.7000862" lon="51.3385388"/>
  <node id="5268670393" lat="35.7000171" lon="51.3383758"/>
  <node id="5268670394" lat="35.7000806" lon="51.3385045"/>
  <node id="5268670488" lat="35.6994346" lon="51.3386791"/>
  <node id="5268670489" lat="35.6995917" lon="51.3387758"/>
  <node id="5268670490" lat="35.6999302" lon="51.3385646"/>
  <node id="5268670494" lat="35.6996817" lon="51.3387824"/>
  <node id="5268670495" lat="35.6997570" lon="51.3387443"/>
  <node id="5268670496" lat="35.6999562" lon="51.3385790"/>
  <node id="5268670506" lat="35.7000492" lon="51.3386675"/>
  <node id="5268670507" lat="35.6999757" lon="51.3386765"/>
  <node id="5268670508" lat="35.7000403" lon="51.3384541"/>
  <node id="5268670509" lat="35.7000745" lon="51.3383844"/>
  <node id="5268670510" lat="35.7000546" lon="51.3386483"/>
  <node id="5268670511" lat="35.7001231" lon="51.3384749"/>
  <node id="5268670512" lat="35.7001378" lon="51.3384837"/>
  <node id="5268670513" lat="35.7001162" lon="51.3384159"/>
  <node id="5268670514" lat="35.7003123" lon="51.3384145"/>
  <node id="5268670568" lat="35.7000690" lon="51.3386446"/>
  <node id="5268670569" lat="35.7000363" lon="51.3383937"/>
  <node id="5268670570" lat="35.7003565" lon="51.3383066"/>
  <node id="5268670571" lat="35.7002369" lon="51.3381970"/>
  <node id="5268670572" lat="35.7003912" lon="51.3380998"/>
  <node id="5268670577" lat="35.7001804" lon="51.3382551"/>
  <node id="5268670587" lat="35.7001185" lon="51.3382526"/>
  <node id="5268670588" lat="35.6994018" lon="51.3382424"/>
  <node id="5268670589" lat="35.7000842" lon="51.3382141"/>
  <node id="5268670591" lat="35.6993691" lon="51.3381975"/>
  <node id="5268670804" lat="35.7002931" lon="51.3383896"/>
  <node id="5268671028" lat="35.7001662" lon="51.3382264"/>
  <node id="5268671029" lat="35.7001649" lon="51.3382494"/>
  <node id="5268671030" lat="35.7001909" lon="51.3383543"/>
  <node id="5268671031" lat="35.7001152" lon="51.3383633"/>
  <node id="5268671039" lat="35.7006692" lon="51.3380882"/>
  <node id="5268671040" lat="35.6994301" lon="51.3383555"/>
  <node id="5268671209" lat="35.7001324" lon="51.3383763"/>
  <node id="5268671210" lat="35.7001556" lon="51.3382688"/>
  <node id="5268671214" lat="35.6993569" lon="51.3382423"/>
  <node id="5268671215" lat="35.7001290" lon="51.3382102"/>
  <node id="5268671217" lat="35.6993986" lon="51.3381243"/>
  <node id="5268671218" lat="35.6993959" lon="51.3380248"/>
  <node id="5268671304" lat="35.7001749" lon="51.3383465"/>
  <node id="5268671317" lat="35.7002153" lon="51.3381760"/>
  <node id="5268671318" lat="35.7001812" lon="51.3381085"/>
  <node id="5268671319" lat="35.7001277" lon="51.3383987"/>
  <node id="5268671321" lat="35.7000951" lon="51.3382834"/>
  <node id="5268671323" lat="35.6993783" lon="51.3383699"/>
  <node id="5268671324" lat="35.6993947" lon="51.3383126"/>
  <node id="5268671326" lat="35.7000582" lon="51.3383461"/>
  <node id="5268671327" lat="35.6993696" lon="51.3382837"/>
  <node id="5268671403" lat="35.7001143" lon="51.3381666"/>
  <node id="5268671404" lat="35.6993972" lon="51.3380746"/>
  <node id="5268672856" lat="35.6993391" lon="51.3380106"/>
  <node id="5268672857" lat="35.7001377" lon="51.3381103"/>
  <node id="5268674855" lat="35.7005583" lon="51.3388854"/>
  <node id="5268675412" lat="35.6997809" lon="51.3396178"/>
  <node id="5268675543" lat="35.6997070" lon="51.3382278"/>
  <node id="5268676086" lat="35.6997441" lon="51.3382705"/>
  <node id="5268676095" lat="35.6998621" lon="51.3380553"/>
  <node id="5268676114" lat="35.7005456" lon="51.3388795"/>
  <node id="5268676115" lat="35.7001865" lon="51.3394688"/>
  <node id="5268676116" lat="35.6993681" lon="51.3395027"/>
  <node id="5268676203" lat="35.7001013" lon="51.3395181"/>
  <node id="5268676210" lat="35.6991201" lon="51.3392391"/>
  <node id="5268676211" lat="35.6993626" lon="51.3395179"/>
  <node id="5268677304" lat="35.6996146" lon="51.3380656"/>
  <node id="5268677306" lat="35.6999110" lon="51.3381385"/>
  <node id="5268677333" lat="35.6995702" lon="51.3381526"/>
  <node id="5268677531" lat="35.7004195" lon="51.3391852"/>
  <node id="5268677549" lat="35.6991093" lon="51.3392492"/>
  <node id="5268677554" lat="35.6999233" lon="51.3396000"/>
  <node id="5268677555" lat="35.6996378" lon="51.3396118"/>
  <node id="5268677751" lat="35.7006240" lon="51.3384988"/>
  <node id="5268677752" lat="35.7002659" lon="51.3394101"/>
  <node id="5268677753" lat="35.6994558" lon="51.3395448"/>
  <node id="5268677828" lat="35.7006373" lon="51.3385019"/>
  <node id="5268677829" lat="35.7004308" lon="51.3391944"/>
  <node id="5268677878" lat="35.7006829" lon="51.3380877"/>
  <node id="5268678272" lat="35.7002748" lon="51.3394229"/>
  <node id="5268678273" lat="35.7001064" lon="51.3395334"/>
  <node id="5268678274" lat="35.6998287" lon="51.3396158"/>
  <node id="5268678275" lat="35.6995437" lon="51.3395920"/>
  <node id="5268678289" lat="35.6992775" lon="51.3394643"/>
  <node id="5268678770" lat="35.7000162" lon="51.3395724"/>
  <node id="5268678771" lat="35.6997332" lon="51.3396198"/>
  <node id="5268678772" lat="35.6994516" lon="51.3395606"/>
  <node id="5268678803" lat="35.6998048" lon="51.3381905"/>
  <node id="5268678804" lat="35.6996791" lon="51.3381957"/>
  <node id="5268678910" lat="35.6997788" lon="51.3382248"/>
  <node id="5268678970" lat="35.6996884" lon="51.3382064"/>
  <node id="5268679003" lat="35.6996698" lon="51.3381850"/>
  <node id="5268679005" lat="35.6996606" lon="51.3381743"/>
  <node id="5268679138" lat="35.6997875" lon="51.3382134"/>
  <node id="5268679140" lat="35.6996977" lon="51.3382171"/>
  <node id="5268679370" lat="35.6997961" lon="51.3382019"/>
  <node id="5268679373" lat="35.6998135" lon="51.3381791"/>
  <node id="5268692801" lat="35.6998355" lon="51.3397151"/>
  <node id="5268697762" lat="35.7006810" lon="51.3380213"/>
  <node id="5268697766" lat="35.7006824" lon="51.3380711"/>
  <node id="5268697768" lat="35.7001370" lon="51.3396257"/>
  <node id="5268697769" lat="35.7000392" lon="51.3396680"/>
  <node id="5268697771" lat="35.6995260" lon="51.3396893"/>
  <node id="5268698304" lat="35.7005778" lon="51.3380256"/>
  <node id="5268698715" lat="35.6997318" lon="51.3397194"/>
  <node id="5268727153" lat="35.6996859" lon="51.3395202"/>
  <node id="5268734536" lat="35.6997401" lon="51.3387838"/>
  <node id="5268735926" lat="35.6997483" lon="51.3384253"/>
  <node id="5268735927" lat="35.6998414" lon="51.3390765"/>
  <node id="5268735928" lat="35.6997481" lon="51.3390767"/>
  <node id="5268736783" lat="35.6998705" lon="51.3395144"/>
  <node id="5268736784" lat="35.6997841" lon="51.3390753"/>
  <node id="5268737065" lat="35.6996910" lon="51.3390808"/>
  <node id="5268737080" lat="35.6997760" lon="51.3387823"/>
  <node id="5268752950" lat="35.6997462" lon="51.3383479"/>
  <node id="5268753514" lat="35.6996831" lon="51.3383415"/>
  <node id="5268760177" lat="35.6998112" lon="51.3384227"/>
  <node id="5268760833" lat="35.6996855" lon="51.3384279"/>
  <node id="5268760834" lat="35.6998089" lon="51.3383397"/>
  <node id="5270358400" lat="35.6991793" lon="51.3402896"/>
  <node id="5270358401" lat="35.6994940" lon="51.3404128"/>
  <node id="5270358402" lat="35.6993455" lon="51.3401841"/>
  <node id="5270358403" lat="35.6993309" lon="51.3402097"/>
  <node id="5270358405" lat="35.6990904" lon="51.3400378"/>
  <node id="5270359967" lat="35.6996075" lon="51.3403612"/>
  <node id="5270360242" lat="35.6991908" lon="51.3397336"/>
  <node id="5270360249" lat="35.6995199" lon="51.3403350"/>
  <node id="5270360255" lat="35.6995027" lon="51.3407175"/>
  <node id="5270361088" lat="35.6990624" lon="51.3397388"/>
  <node id="5270361089" lat="35.6991362" lon="51.3398254"/>
  <node id="5270361090" lat="35.6992816" lon="51.3398640"/>
  <node id="5270361091" lat="35.6993723" lon="51.3400187"/>
  <node id="5270361105" lat="35.6994148" lon="51.3400367"/>
  <node id="5270361106" lat="35.6994897" lon="51.3401469"/>
  <node id="5270361254" lat="35.6991733" lon="51.3398600"/>
  <node id="5270361292" lat="35.6994289" lon="51.3398798"/>
  <node id="5270361293" lat="35.6994366" lon="51.3400360"/>
  <node id="5270361294" lat="35.6995156" lon="51.3402754"/>
  <node id="5270361653" lat="35.6994513" lon="51.3400553"/>
  <node id="5270361883" lat="35.6990181" lon="51.3402723"/>
  <node id="5270361930" lat="35.6990087" lon="51.3402990"/>
  <node id="5270361931" lat="35.6991634" lon="51.3402601"/>
  <node id="5270361945" lat="35.6994898" lon="51.3404184"/>
  <node id="5270361946" lat="35.6994452" lon="51.3403639"/>
  <node id="5270361947" lat="35.6994179" lon="51.3404196"/>
  <node id="5270361948" lat="35.6993461" lon="51.3401284"/>
  <node id="5270362267" lat="35.6990275" lon="51.3402455"/>
  <node id="5270362268" lat="35.6991952" lon="51.3403191"/>
  <node id="5270362269" lat="35.6995246" lon="51.3407044"/>
  <node id="5270362270" lat="35.6995110" lon="51.3403904"/>
  <node id="5270362275" lat="35.6994855" lon="51.3404240"/>
  <node id="5270362308" lat="35.6994315" lon="51.3403917"/>
  <node id="5270362309" lat="35.6994151" lon="51.3404252"/>
  <node id="5270362310" lat="35.6993856" lon="51.3401591"/>
  <node id="5270362311" lat="35.6993338" lon="51.3402045"/>
  <node id="5270362313" lat="35.6993279" lon="51.3402148"/>
  <node id="5270362315" lat="35.6992076" lon="51.3401809"/>
  <node id="5270362316" lat="35.6992295" lon="51.3401876"/>
  <node id="5270362317" lat="35.6992267" lon="51.3401984"/>
  <node id="5270362318" lat="35.6991888" lon="51.3401627"/>
  <node id="5270362319" lat="35.6991856" lon="51.3401748"/>
  <node id="5270362320" lat="35.6990968" lon="51.3399450"/>
  <node id="5270362349" lat="35.6995065" lon="51.3407014"/>
  <node id="5270362382" lat="35.6994588" lon="51.3403360"/>
  <node id="5270362383" lat="35.6994206" lon="51.3404140"/>
  <node id="5270362384" lat="35.6993615" lon="51.3401619"/>
  <node id="5270362462" lat="35.6992352" lon="51.3401105"/>
  <node id="5270362463" lat="35.6992205" lon="51.3401316"/>
  <node id="5270362464" lat="35.6992350" lon="51.3401662"/>
  <node id="5270362465" lat="35.6992281" lon="51.3401930"/>
  <node id="5270362466" lat="35.6991951" lon="51.3401384"/>
  <node id="5270362471" lat="35.6991872" lon="51.3401688"/>
  <node id="5270362472" lat="35.6991353" lon="51.3399753"/>
  <node id="5270362473" lat="35.6990817" lon="51.3400261"/>
  <node id="5270362474" lat="35.6991165" lon="51.3400321"/>
  <node id="5270362475" lat="35.6990794" lon="51.3399977"/>
  <node id="5270363421" lat="35.6990795" lon="51.3400313"/>
  <node id="5270363422" lat="35.6991090" lon="51.3400548"/>
  <node id="5270363423" lat="35.6990724" lon="51.3400188"/>
  <node id="5270363424" lat="35.6991091" lon="51.3399810"/>
  <node id="5270363430" lat="35.6995762" lon="51.3407269"/>
  <node id="5270364442" lat="35.6990678" lon="51.3403561"/>
  <node id="5270365885" lat="35.7001874" lon="51.3404510"/>
  <node id="5270365887" lat="35.6994331" lon="51.3404823"/>
  <node id="5270366111" lat="35.6994884" lon="51.3404917"/>
  <node id="5270366416" lat="35.6994974" lon="51.3406998"/>
  <node id="5270366668" lat="35.7016029" lon="51.3381509"/>
  <node id="5270366669" lat="35.7015769" lon="51.3386207"/>
  <node id="5270366672" lat="35.7014743" lon="51.3390705"/>
  <node id="5270366673" lat="35.7012266" lon="51.3396126"/>
  <node id="5270367417" lat="35.7015942" lon="51.3384662"/>
  <node id="5270367418" lat="35.7015168" lon="51.3389236"/>
  <node id="5270367419" lat="35.7014238" lon="51.3392135"/>
  <node id="5270367981" lat="35.7016029" lon="51.3383106"/>
  <node id="5270367982" lat="35.7015510" lon="51.3387734"/>
  <node id="5270368039" lat="35.7013655" lon="51.3393520"/>
  <node id="5270368291" lat="35.7011466" lon="51.3397335"/>
  <node id="5270368292" lat="35.7009675" lon="51.3399539"/>
  <node id="5270368293" lat="35.7007657" lon="51.3401421"/>
  <node id="5270368294" lat="35.7005450" lon="51.3402948"/>
  <node id="5270368295" lat="35.7003094" lon="51.3404090"/>
  <node id="5270368296" lat="35.6993091" lon="51.3404505"/>
  <node id="5270368621" lat="35.7012996" lon="51.3394852"/>
  <node id="5270368622" lat="35.7010601" lon="51.3398475"/>
  <node id="5270368623" lat="35.6991871" lon="51.3404084"/>
  <node id="5270368924" lat="35.7008692" lon="51.3400522"/>
  <node id="5270368925" lat="35.7006574" lon="51.3402231"/>
  <node id="5270368926" lat="35.7004288" lon="51.3403569"/>
  <node id="5270374320" lat="35.7016753" lon="51.3389856"/>
  <node id="5270379152" lat="35.7013773" lon="51.3381019"/>
  <node id="5270380204" lat="35.7010446" lon="51.3381857"/>
  <node id="5270380205" lat="35.7008461" lon="51.3385221"/>
  <node id="5270380206" lat="35.7007545" lon="51.3391582"/>
  <node id="5270380208" lat="35.7002370" lon="51.3397538"/>
  <node id="5270380209" lat="35.6999914" lon="51.3401515"/>
  <node id="5270380210" lat="35.6995726" lon="51.3404471"/>
  <node id="5270380211" lat="35.6995701" lon="51.3401096"/>
  <node id="5270380212" lat="35.6993143" lon="51.3397968"/>
  <node id="5270380217" lat="35.7017691" lon="51.3383177"/>
  <node id="5270380406" lat="35.7016381" lon="51.3380253"/>
  <node id="5270380407" lat="35.7012776" lon="51.3381086"/>
  <node id="5270380408" lat="35.7009469" lon="51.3382763"/>
  <node id="5270380409" lat="35.7008181" lon="51.3387558"/>
  <node id="5270380411" lat="35.7004592" lon="51.3396242"/>
  <node id="5270380415" lat="35.6996093" lon="51.3403859"/>
  <node id="5270380416" lat="35.6995216" lon="51.3399941"/>
  <node id="5270380417" lat="35.6991730" lon="51.3397245"/>
  <node id="5270380499" lat="35.7015126" lon="51.3380640"/>
  <node id="5270380500" lat="35.7011568" lon="51.3381284"/>
  <node id="5270380501" lat="35.7009093" lon="51.3383572"/>
  <node id="5270380502" lat="35.7007886" lon="51.3389832"/>
  <node id="5270380503" lat="35.7006324" lon="51.3394451"/>
  <node id="5270380505" lat="35.7000360" lon="51.3399816"/>
  <node id="5270380506" lat="35.6999959" lon="51.3404760"/>
  <node id="5270380507" lat="35.7000310" lon="51.3410258"/>
  <node id="5270380508" lat="35.6996000" lon="51.3402580"/>
  <node id="5270380509" lat="35.6994415" lon="51.3398888"/>
  <node id="5270380510" lat="35.6990404" lon="51.3396374"/>
  <node id="5270380514" lat="35.7017691" lon="51.3381475"/>
  <node id="5270380515" lat="35.7017407" lon="51.3386556"/>
  <node id="5270380516" lat="35.7015740" lon="51.3393016"/>
  <node id="5270380520" lat="35.7014386" lon="51.3395976"/>
  <node id="5270380622" lat="35.7017596" lon="51.3384873"/>
  <node id="5270380623" lat="35.7017126" lon="51.3388220"/>
  <node id="5270380624" lat="35.7016290" lon="51.3391457"/>
  <node id="5270380625" lat="35.7015104" lon="51.3394524"/>
  <node id="5270380630" lat="35.7013590" lon="51.3397364"/>
  <node id="5270380631" lat="35.7011776" lon="51.3399923"/>
  <node id="5270380632" lat="35.7009696" lon="51.3402154"/>
  <node id="5270380633" lat="35.7007389" lon="51.3404016"/>
  <node id="5270380634" lat="35.7006163" lon="51.3404797"/>
  <node id="5270380635" lat="35.7003596" lon="51.3406042"/>
  <node id="5270380636" lat="35.7000916" lon="51.3406845"/>
  <node id="5270380641" lat="35.6994047" lon="51.3406841"/>
  <node id="5270380642" lat="35.6991367" lon="51.3406035"/>
  <node id="5270380723" lat="35.7004897" lon="51.3405474"/>
  <node id="5270380724" lat="35.7002267" lon="51.3406500"/>
  <node id="5270380734" lat="35.6992696" lon="51.3406494"/>
  <node id="5270380801" lat="35.7017825" lon="51.3383183"/>
  <node id="5270380802" lat="35.7017540" lon="51.3386585"/>
  <node id="5270380811" lat="35.7015861" lon="51.3393087"/>
  <node id="5270380812" lat="35.7014499" lon="51.3396067"/>
  <node id="5270380813" lat="35.7012820" lon="51.3398791"/>
  <node id="5270380814" lat="35.6995401" lon="51.3407238"/>
  <node id="5270380821" lat="35.7012719" lon="51.3398682"/>
  <node id="5270380822" lat="35.7010767" lon="51.3401083"/>
  <node id="5270380823" lat="35.7008568" lon="51.3403134"/>
  <node id="5270381094" lat="35.6990067" lon="51.3405465"/>
  <node id="5270381638" lat="35.7018362" lon="51.3388539"/>
  <node id="5270382009" lat="35.7001099" lon="51.3408625"/>
  <node id="5270382317" lat="35.7018904" lon="51.3381450"/>
  <node id="5270382318" lat="35.7018603" lon="51.3386811"/>
  <node id="5270382861" lat="35.7018746" lon="51.3385026"/>
  <node id="5270382862" lat="35.7017680" lon="51.3392060"/>
  <node id="5270382903" lat="35.7012634" lon="51.3400980"/>
  <node id="5270382925" lat="35.7016881" lon="51.3389907"/>
  <node id="5270383157" lat="35.7018874" lon="51.3383264"/>
  <node id="5270383158" lat="35.7017075" lon="51.3393832"/>
  <node id="5270383160" lat="35.7010429" lon="51.3403346"/>
  <node id="5270383161" lat="35.7008048" lon="51.3405399"/>
  <node id="5270383162" lat="35.7004061" lon="51.3407774"/>
  <node id="5270383164" lat="35.6992408" lon="51.3408295"/>
  <node id="5270383226" lat="35.7011564" lon="51.3402209"/>
  <node id="5270383227" lat="35.7009233" lon="51.3404384"/>
  <node id="5270383228" lat="35.7006760" lon="51.3406321"/>
  <node id="5270383238" lat="35.6995606" lon="51.3408935"/>
  <node id="5270383334" lat="35.7005450" lon="51.3407146"/>
  <node id="5270383335" lat="35.7002913" lon="51.3408189"/>
  <node id="5270383704" lat="35.7017730" lon="51.3384890"/>
  <node id="5270383707" lat="35.7017257" lon="51.3388259"/>
  <node id="5270383708" lat="35.7016415" lon="51.3391518"/>
  <node id="5270383709" lat="35.7015222" lon="51.3394606"/>
  <node id="5270383710" lat="35.7013697" lon="51.3397464"/>
  <node id="5270383711" lat="35.7011871" lon="51.3400041"/>
  <node id="5270383712" lat="35.7009777" lon="51.3402287"/>
  <node id="5270384118" lat="35.7004946" lon="51.3405628"/>
  <node id="5270384942" lat="35.7010856" lon="51.3401208"/>
  <node id="5270384964" lat="35.7003637" lon="51.3406200"/>
  <node id="5270384965" lat="35.7002299" lon="51.3406661"/>
  <node id="5270384970" lat="35.6994024" lon="51.3407004"/>
  <node id="5270384971" lat="35.6992664" lon="51.3406655"/>
  <node id="5270384972" lat="35.6991326" lon="51.3406193"/>
  <node id="5270384973" lat="35.6990018" lon="51.3405619"/>
  <node id="5270385190" lat="35.7008642" lon="51.3403273"/>
  <node id="5270385191" lat="35.7007455" lon="51.3404161"/>
  <node id="5270385192" lat="35.7006221" lon="51.3404947"/>
  <node id="5270385313" lat="35.7000939" lon="51.3407008"/>
  <node id="5270386101" lat="35.7017826" lon="51.3381472"/>
  <node id="5270634681" lat="35.7006772" lon="51.3400736"/>
  <node id="5270634682" lat="35.7006690" lon="51.3400437"/>
  <node id="5270634683" lat="35.7006919" lon="51.3400371"/>
  <node id="5270634684" lat="35.7006805" lon="51.3400132"/>
  <node id="5270634685" lat="35.7008324" lon="51.3400126"/>
  <node id="5270634686" lat="35.7012093" lon="51.3392924"/>
  <node id="5270634687" lat="35.7012859" lon="51.3392052"/>
  <node id="5270634688" lat="35.7012914" lon="51.3390566"/>
  <node id="5270634689" lat="35.7013069" lon="51.3390045"/>
  <node id="5270634691" lat="35.7013933" lon="51.3387689"/>
  <node id="5270634694" lat="35.7014499" lon="51.3386414"/>
  <node id="5270634700" lat="35.7013686" lon="51.3385211"/>
  <node id="5270635722" lat="35.7005614" lon="51.3401887"/>
  <node id="5270635723" lat="35.7013110" lon="51.3384540"/>
  <node id="5270635733" lat="35.7012939" lon="51.3383617"/>
  <node id="5270635734" lat="35.7013080" lon="51.3383280"/>
  <node id="5270635764" lat="35.7006101" lon="51.3398657"/>
  <node id="5270635765" lat="35.7006225" lon="51.3398917"/>
  <node id="5270635766" lat="35.7004487" lon="51.3399722"/>
  <node id="5270635767" lat="35.7000796" lon="51.3404786"/>
  <node id="5270635768" lat="35.7000143" lon="51.3407143"/>
  <node id="5270637270" lat="35.7011872" lon="51.3393406"/>
  <node id="5270637272" lat="35.7014022" lon="51.3384716"/>
  <node id="5270637277" lat="35.7009626" lon="51.3394615"/>
  <node id="5270637281" lat="35.7008663" lon="51.3397094"/>
  <node id="5270637284" lat="35.7009021" lon="51.3393878"/>
  <node id="5270637286" lat="35.7010175" lon="51.3392066"/>
  <node id="5270637305" lat="35.7011576" lon="51.3385896"/>
  <node id="5270637306" lat="35.7007227" lon="51.3394264"/>
  <node id="5270637307" lat="35.7008371" lon="51.3391939"/>
  <node id="5270637308" lat="35.7008169" lon="51.3390229"/>
  <node id="5270637309" lat="35.7006428" lon="51.3397163"/>
  <node id="5270637744" lat="35.7006412" lon="51.3400401"/>
  <node id="5270637760" lat="35.7012325" lon="51.3393412"/>
  <node id="5270637765" lat="35.7013145" lon="51.3390394"/>
  <node id="5270637768" lat="35.7013490" lon="51.3387778"/>
  <node id="5270637791" lat="35.7009641" lon="51.3392431"/>
  <node id="5270637792" lat="35.7009319" lon="51.3392477"/>
  <node id="5270637797" lat="35.7010278" lon="51.3391818"/>
  <node id="5270637798" lat="35.7010191" lon="51.3388690"/>
  <node id="5270637799" lat="35.7010645" lon="51.3388646"/>
  <node id="5270637800" lat="35.7011398" lon="51.3387001"/>
  <node id="5270637801" lat="35.7013289" lon="51.3381853"/>
  <node id="5270637802" lat="35.7004108" lon="51.3397797"/>
  <node id="5270637803" lat="35.7006178" lon="51.3395808"/>
  <node id="5270637804" lat="35.7007681" lon="51.3393287"/>
  <node id="5270637809" lat="35.7008754" lon="51.3389325"/>
  <node id="5270637906" lat="35.7009117" lon="51.3387148"/>
  <node id="5270638888" lat="35.7009493" lon="51.3385259"/>
  <node id="5270638889" lat="35.7013305" lon="51.3383346"/>
  <node id="5270639608" lat="35.7014254" lon="51.3386389"/>
  <node id="5270639610" lat="35.7013854" lon="51.3384963"/>
  <node id="5270639612" lat="35.7000741" lon="51.3403835"/>
  <node id="5270639740" lat="35.7009212" lon="51.3398367"/>
  <node id="5270639742" lat="35.7009053" lon="51.3398159"/>
  <node id="5270639745" lat="35.7010606" lon="51.3397440"/>
  <node id="5270639749" lat="35.7010228" lon="51.3397063"/>
  <node id="5270639752" lat="35.7010732" lon="51.3395940"/>
  <node id="5270639755" lat="35.7012096" lon="51.3395277"/>
  <node id="5270639758" lat="35.7011684" lon="51.3394933"/>
  <node id="5270639816" lat="35.7013299" lon="51.3392303"/>
  <node id="5270639895" lat="35.7008744" lon="51.3398771"/>
  <node id="5270639897" lat="35.7008860" lon="51.3397973"/>
  <node id="5270639900" lat="35.7010417" lon="51.3397252"/>
  <node id="5270639903" lat="35.7010922" lon="51.3396123"/>
  <node id="5270639906" lat="35.7010542" lon="51.3395757"/>
  <node id="5270639909" lat="35.7011890" lon="51.3395105"/>
  <node id="5270639983" lat="35.7008551" lon="51.3398601"/>
  <node id="5270639998" lat="35.7012079" lon="51.3393570"/>
  <node id="5270640075" lat="35.7012118" lon="51.3393272"/>
  <node id="5270640081" lat="35.7013079" lon="51.3392177"/>
  <node id="5270640422" lat="35.7013367" lon="51.3390475"/>
  <node id="5270640428" lat="35.7013277" lon="51.3390165"/>
  <node id="5270640430" lat="35.7013679" lon="51.3389073"/>
  <node id="5270640431" lat="35.7014157" lon="51.3389217"/>
  <node id="5270640436" lat="35.7013731" lon="51.3387868"/>
  <node id="5270640439" lat="35.7014010" lon="51.3386364"/>
  <node id="5270640517" lat="35.7005494" lon="51.3401638"/>
  <node id="5270640560" lat="35.7013918" lon="51.3389145"/>
  <node id="5270640563" lat="35.7013727" lon="51.3387577"/>
  <node id="5270640644" lat="35.7013617" lon="51.3387248"/>
  <node id="5270640850" lat="35.7005734" lon="51.3402136"/>
  <node id="5270640851" lat="35.7004079" lon="51.3402062"/>
  <node id="5270640855" lat="35.7009447" lon="51.3394610"/>
  <node id="5270640859" lat="35.7009716" lon="51.3394617"/>
  <node id="5270640863" lat="35.7009645" lon="51.3395759"/>
  <node id="5270640866" lat="35.7009511" lon="51.3396570"/>
  <node id="5270640870" lat="35.7008542" lon="51.3396787"/>
  <node id="5270640880" lat="35.7007975" lon="51.3394325"/>
  <node id="5270640884" lat="35.7009184" lon="51.3395753"/>
  <node id="5270640898" lat="35.7009502" lon="51.3392926"/>
  <node id="5270640999" lat="35.7003951" lon="51.3402384"/>
  <node id="5270641007" lat="35.7009671" lon="51.3394616"/>
  <node id="5270641011" lat="35.7009974" lon="51.3394623"/>
  <node id="5270641016" lat="35.7008522" lon="51.3396738"/>
  <node id="5270641063" lat="35.7008324" lon="51.3393964"/>
  <node id="5270641064" lat="35.7009064" lon="51.3392586"/>
  <node id="5270641066" lat="35.7010202" lon="51.3387603"/>
  <node id="5270641067" lat="35.7010828" lon="51.3386418"/>
  <node id="5270641070" lat="35.7011422" lon="51.3386721"/>
  <node id="5270641071" lat="35.7011456" lon="51.3386445"/>
  <node id="5270641072" lat="35.7013530" lon="51.3383411"/>
  <node id="5270641073" lat="35.7013557" lon="51.3381732"/>
  <node id="5270641074" lat="35.7002529" lon="51.3398205"/>
  <node id="5270641075" lat="35.7004810" lon="51.3396540"/>
  <node id="5270641076" lat="35.7006583" lon="51.3394613"/>
  <node id="5270641077" lat="35.7007622" lon="51.3392466"/>
  <node id="5270641078" lat="35.7008398" lon="51.3391270"/>
  <node id="5270641079" lat="35.7008741" lon="51.3388669"/>
  <node id="5270641080" lat="35.7009127" lon="51.3385532"/>
  <node id="5270641122" lat="35.7003824" lon="51.3402707"/>
  <node id="5270641128" lat="35.7009984" lon="51.3395747"/>
  <node id="5270641131" lat="35.7009329" lon="51.3396139"/>
  <node id="5270641223" lat="35.7008424" lon="51.3396489"/>
  <node id="5270641244" lat="35.7009237" lon="51.3394138"/>
  <node id="5270641248" lat="35.7007434" lon="51.3396442"/>
  <node id="5270641255" lat="35.7009784" lon="51.3392564"/>
  <node id="5270641259" lat="35.7009682" lon="51.3392929"/>
  <node id="5270641263" lat="35.7009282" lon="51.3392790"/>
  <node id="5270641276" lat="35.7009928" lon="51.3391565"/>
  <node id="5270641279" lat="35.7010332" lon="51.3391533"/>
  <node id="5270641281" lat="35.7010428" lon="51.3391609"/>
  <node id="5270641321" lat="35.7008502" lon="51.3396688"/>
  <node id="5270641324" lat="35.7007634" lon="51.3396633"/>
  <node id="5270641328" lat="35.7007685" lon="51.3394746"/>
  <node id="5270641336" lat="35.7009282" lon="51.3392096"/>
  <node id="5270641340" lat="35.7009733" lon="51.3392727"/>
  <node id="5270641351" lat="35.7009696" lon="51.3391478"/>
  <node id="5270641356" lat="35.7010139" lon="51.3391380"/>
  <node id="5270641384" lat="35.7010213" lon="51.3392096"/>
  <node id="5270641388" lat="35.7010215" lon="51.3390093"/>
  <node id="5270641392" lat="35.7010245" lon="51.3389904"/>
  <node id="5270641396" lat="35.7010291" lon="51.3389922"/>
  <node id="5270641400" lat="35.7010437" lon="51.3388760"/>
  <node id="5270641404" lat="35.7010632" lon="51.3389249"/>
  <node id="5270641407" lat="35.7010716" lon="51.3389297"/>
  <node id="5270641408" lat="35.7010855" lon="51.3388767"/>
  <node id="5270641409" lat="35.7010209" lon="51.3387314"/>
  <node id="5270641471" lat="35.7010380" lon="51.3391571"/>
  <node id="5270641474" lat="35.7009985" lon="51.3391916"/>
  <node id="5270641477" lat="35.7010137" lon="51.3392036"/>
  <node id="5270641481" lat="35.7010035" lon="51.3390101"/>
  <node id="5270641485" lat="35.7009779" lon="51.3389728"/>
  <node id="5270641489" lat="35.7010103" lon="51.3389682"/>
  <node id="5270641501" lat="35.7010463" lon="51.3389152"/>
  <node id="5270641505" lat="35.7010960" lon="51.3388827"/>
  <node id="5270641506" lat="35.7009949" lon="51.3387497"/>
  <node id="5270641507" lat="35.7010612" lon="51.3387569"/>
  <node id="5270641512" lat="35.7010408" lon="51.3387477"/>
  <node id="5270641513" lat="35.7011533" lon="51.3385859"/>
  <node id="5270641514" lat="35.7011045" lon="51.3386565"/>
  <node id="5270641534" lat="35.7009570" lon="51.3389932"/>
  <node id="5270641538" lat="35.7009568" lon="51.3389607"/>
  <node id="5270641542" lat="35.7010258" lon="51.3389798"/>
  <node id="5270641546" lat="35.7009714" lon="51.3389393"/>
  <node id="5270641550" lat="35.7010791" lon="51.3389035"/>
  <node id="5270641554" lat="35.7010674" lon="51.3389273"/>
  <node id="5270641557" lat="35.7010908" lon="51.3388797"/>
  <node id="5270641725" lat="35.7010663" lon="51.3387591"/>
  <node id="5270641726" lat="35.7010714" lon="51.3387614"/>
  <node id="5270641945" lat="35.7010171" lon="51.3387006"/>
  <node id="5270641946" lat="35.7011107" lon="51.3385410"/>
  <node id="5270641947" lat="35.7011318" lon="51.3385674"/>
  <node id="5270641948" lat="35.7011490" lon="51.3385822"/>
  <node id="5270641949" lat="35.7011344" lon="51.3386981"/>
  <node id="5270641954" lat="35.7011501" lon="51.3386462"/>
  <node id="5270641955" lat="35.7011290" lon="51.3386961"/>
  <node id="5270641956" lat="35.7010870" lon="51.3385629"/>
  <node id="5270641957" lat="35.7012955" lon="51.3384790"/>
  <node id="5270641958" lat="35.7013053" lon="51.3385089"/>
  <node id="5270641959" lat="35.7013016" lon="51.3384522"/>
  <node id="5270641960" lat="35.7012829" lon="51.3384486"/>
  <node id="5270641961" lat="35.7012594" lon="51.3383840"/>
  <node id="5270641962" lat="35.7012855" lon="51.3383215"/>
  <node id="5270641963" lat="35.7012812" lon="51.3383318"/>
  <node id="5270641970" lat="35.7013467" lon="51.3381772"/>
  <node id="5270641971" lat="35.7003671" lon="51.3397971"/>
  <node id="5270641972" lat="35.7005857" lon="51.3396202"/>
  <node id="5270642036" lat="35.7011074" lon="51.3386881"/>
  <node id="5270642037" lat="35.7011548" lon="51.3385246"/>
  <node id="5270642038" lat="35.7012306" lon="51.3384529"/>
  <node id="5270642039" lat="35.7012721" lon="51.3384745"/>
  <node id="5270642040" lat="35.7012562" lon="51.3384994"/>
  <node id="5270642041" lat="35.7012797" lon="51.3385168"/>
  <node id="5270642127" lat="35.7011280" lon="51.3386380"/>
  <node id="5270642128" lat="35.7011545" lon="51.3386478"/>
  <node id="5270642129" lat="35.7011178" lon="51.3385146"/>
  <node id="5270642130" lat="35.7012470" lon="51.3384742"/>
  <node id="5270642131" lat="35.7012764" lon="51.3385126"/>
  <node id="5270642132" lat="35.7012800" lon="51.3385040"/>
  <node id="5270642372" lat="35.7013485" lon="51.3383398"/>
  <node id="5270642373" lat="35.7013576" lon="51.3383424"/>
  <node id="5270642375" lat="35.7016014" lon="51.3380965"/>
  <node id="5270642376" lat="35.7017669" lon="51.3380653"/>
  <node id="5270642948" lat="35.7008646" lon="51.3387746"/>
  <node id="5270642949" lat="35.7009598" lon="51.3384721"/>
  <node id="5270642950" lat="35.7010562" lon="51.3383516"/>
  <node id="5270642951" lat="35.7011014" lon="51.3382271"/>
  <node id="5270642952" lat="35.7005604" lon="51.3395310"/>
  <node id="5270642953" lat="35.7008061" lon="51.3388486"/>
  <node id="5270642965" lat="35.7009339" lon="51.3383042"/>
  <node id="5270642966" lat="35.7009778" lon="51.3392748"/>
  <node id="5270642967" lat="35.7007047" lon="51.3397270"/>
  <node id="5270643010" lat="35.7005881" lon="51.3399287"/>
  <node id="5270643011" lat="35.7004668" lon="51.3399547"/>
  <node id="5270643016" lat="35.7004778" lon="51.3399236"/>
  <node id="5270643017" lat="35.7004872" lon="51.3399437"/>
  <node id="5270643018" lat="35.7004392" lon="51.3399519"/>
  <node id="5270643019" lat="35.7004155" lon="51.3399009"/>
  <node id="5270643020" lat="35.7003656" lon="51.3400921"/>
  <node id="5270643443" lat="35.7013055" lon="51.3381067"/>
  <node id="5270643447" lat="35.7007003" lon="51.3397599"/>
  <node id="5270643448" lat="35.7007156" lon="51.3397452"/>
  <node id="5270643449" lat="35.7006818" lon="51.3397819"/>
  <node id="5270643450" lat="35.7005676" lon="51.3398436"/>
  <node id="5270643451" lat="35.7006041" lon="51.3399077"/>
  <node id="5270643452" lat="35.7006201" lon="51.3398865"/>
  <node id="5270643480" lat="35.7005833" lon="51.3399187"/>
  <node id="5270643530" lat="35.7008946" lon="51.3386491"/>
  <node id="5270643531" lat="35.7009490" lon="51.3383903"/>
  <node id="5270643532" lat="35.7010872" lon="51.3383008"/>
  <node id="5270643573" lat="35.7006943" lon="51.3393237"/>
  <node id="5270643574" lat="35.7008306" lon="51.3386515"/>
  <node id="5270643575" lat="35.7006250" lon="51.3398969"/>
  <node id="5270643576" lat="35.7004692" lon="51.3399597"/>
  <node id="5270643577" lat="35.7004543" lon="51.3398732"/>
  <node id="5270643728" lat="35.7012836" lon="51.3381517"/>
  <node id="5270643729" lat="35.7003473" lon="51.3396990"/>
  <node id="5270643731" lat="35.7007671" lon="51.3390938"/>
  <node id="5270643732" lat="35.7008643" lon="51.3384747"/>
  <node id="5270643733" lat="35.7013504" lon="51.3381037"/>
  <node id="5270643734" lat="35.7006704" lon="51.3397160"/>
  <node id="5270643735" lat="35.7006777" lon="51.3396814"/>
  <node id="5270643737" lat="35.7007033" lon="51.3397643"/>
  <node id="5270643738" lat="35.7006706" lon="51.3397632"/>
  <node id="5270643745" lat="35.7005807" lon="51.3398684"/>
  <node id="5270644068" lat="35.7005737" lon="51.3398985"/>
  <node id="5270644069" lat="35.7005857" lon="51.3399237"/>
  <node id="5270644092" lat="35.7003481" lon="51.3401116"/>
  <node id="5270644093" lat="35.7003573" lon="51.3400699"/>
  <node id="5270644094" lat="35.7003697" lon="51.3401032"/>
  <node id="5270644095" lat="35.7003267" lon="51.3401204"/>
  <node id="5270644096" lat="35.7001327" lon="51.3398334"/>
  <node id="5270644097" lat="35.7002194" lon="51.3401345"/>
  <node id="5270644098" lat="35.7002031" lon="51.3401114"/>
  <node id="5270644099" lat="35.7002324" lon="51.3401530"/>
  <node id="5270644100" lat="35.7001310" lon="51.3403115"/>
  <node id="5270644101" lat="35.7001552" lon="51.3403944"/>
  <node id="5270644102" lat="35.7000670" lon="51.3402619"/>
  <node id="5270644103" lat="35.7000747" lon="51.3403946"/>
  <node id="5270644153" lat="35.7004430" lon="51.3399044"/>
  <node id="5270644154" lat="35.7003167" lon="51.3400434"/>
  <node id="5270644155" lat="35.7003676" lon="51.3400977"/>
  <node id="5270644156" lat="35.7003191" lon="51.3401000"/>
  <node id="5270644157" lat="35.7003293" lon="51.3400677"/>
  <node id="5270644158" lat="35.7001492" lon="51.3399983"/>
  <node id="5270644168" lat="35.7001774" lon="51.3401147"/>
  <node id="5270644169" lat="35.7002356" lon="51.3401576"/>
  <node id="5270644170" lat="35.7001376" lon="51.3403612"/>
  <node id="5270644171" lat="35.7001523" lon="51.3403889"/>
  <node id="5270644172" lat="35.6999778" lon="51.3403119"/>
  <node id="5270644221" lat="35.7003286" lon="51.3401254"/>
  <node id="5270644222" lat="35.7003304" lon="51.3401305"/>
  <node id="5270644223" lat="35.7001872" lon="51.3399619"/>
  <node id="5270644224" lat="35.7002155" lon="51.3400784"/>
  <node id="5270644225" lat="35.7002389" lon="51.3401622"/>
  <node id="5270644226" lat="35.7001244" lon="51.3402617"/>
  <node id="5270644227" lat="35.7001493" lon="51.3403833"/>
  <node id="5270644231" lat="35.6999861" lon="51.3403893"/>
  <node id="5270644232" lat="35.7000728" lon="51.3403614"/>
  <node id="5270644233" lat="35.7013929" lon="51.3381565"/>
  <node id="5270644285" lat="35.7000773" lon="51.3401480"/>
  <node id="5270644286" lat="35.6997081" lon="51.3410284">
    <tag k="crossing" v="marked"/>
    <tag k="crossing_ref" v="zebra"/>
    <tag k="highway" v="crossing"/>
  </node>
  <node id="5270644373" lat="35.7015606" lon="51.3381042"/>
  <node id="5270644378" lat="35.7017788" lon="51.3380083"/>
  <node id="5270644379" lat="35.6995801" lon="51.3410331"/>
  <node id="5270653768" lat="35.7009354" lon="51.3381760">
    <tag k="crossing" v="marked"/>
    <tag k="crossing_ref" v="zebra"/>
    <tag k="highway" v="crossing"/>
  </node>
  <node id="5270653769" lat="35.7008819" lon="51.3380448"/>
  <node id="5270653864" lat="35.7009732" lon="51.3382519"/>
  <node id="5270653946" lat="35.7007653" lon="51.3380257">
    <tag k="crossing" v="marked"/>
    <tag k="crossing:island" v="yes"/>
    <tag k="crossing_ref" v="zebra"/>
    <tag k="highway" v="crossing"/>
  </node>
  <node id="5270947307" lat="35.6992351" lon="51.3401386"/>
  <node id="5270947325" lat="35.6990881" lon="51.3399713"/>
  <node id="5311635130" lat="35.7001583" lon="51.3420416"/>
  <node id="5311635131" lat="35.7010216" lon="51.3422318"/>
  <node id="5311635132" lat="35.7015437" lon="51.3424289"/>
  <node id="5311635133" lat="35.7015788" lon="51.3417746"/>
  <node id="5311635134" lat="35.7004151" lon="51.3414212"/>
  <node id="5311635135" lat="35.7003056" lon="51.3416452"/>
  <node id="5349406151" lat="35.6996576" lon="51.3380638"/>
  <node id="5349406152" lat="35.6996665" lon="51.3380634"/>
  <node id="5349406153" lat="35.6996755" lon="51.3380631"/>
  <node id="5349406155" lat="35.6996845" lon="51.3380627"/>
  <node id="5349406156" lat="35.6996935" lon="51.3380623"/>
  <node id="5349406157" lat="35.6997024" lon="51.3380619"/>
  <node id="5349406158" lat="35.6997743" lon="51.3380590"/>
  <node id="5349406159" lat="35.6997832" lon="51.3380586"/>
  <node id="5349406160" lat="35.6997922" lon="51.3380582"/>
  <node id="5349406161" lat="35.6998012" lon="51.3380578"/>
  <node id="5349406162" lat="35.6998102" lon="51.3380575"/>
  <node id="5349672738" lat="35.6997448" lon="51.3381322"/>
  <node id="5349681400" lat="35.6997358" lon="51.3381325"/>
  <node id="5377310547" lat="35.6996446" lon="51.3438813">
    <tag k="name" v="ایران فیلم"/>
    <tag k="shop" v="photo"/>
  </node>
  <node id="5405019522" lat="35.7005384" lon="51.3413588">
    <tag k="bench" v="yes"/>
    <tag k="bus" v="yes"/>
    <tag k="check_date:shelter" v="2026-01-02"/>
    <tag k="highway" v="bus_stop"/>
    <tag k="name" v="عزیزی"/>
    <tag k="public_transport" v="platform"/>
    <tag k="ref" v="4209"/>
    <tag k="shelter" v="yes"/>
  </node>
  <node id="5588836934" lat="35.6996530" lon="51.3380640"/>
  <node id="5588836935" lat="35.6996485" lon="51.3380642"/>
  <node id="5588836936" lat="35.6996441" lon="51.3380644"/>
  <node id="5588836937" lat="35.6996396" lon="51.3380645"/>
  <node id="5588836938" lat="35.6996351" lon="51.3380647"/>
  <node id="5588836939" lat="35.6996306" lon="51.3380649"/>
  <node id="5588836940" lat="35.6998461" lon="51.3380560"/>
  <node id="5588836941" lat="35.6998416" lon="51.3380562"/>
  <node id="5588836942" lat="35.6998371" lon="51.3380564"/>
  <node id="5588836943" lat="35.6998326" lon="51.3380565"/>
  <node id="5588836944" lat="35.6998281" lon="51.3380567"/>
  <node id="5588836945" lat="35.6998236" lon="51.3380569"/>
  <node id="6167603485" lat="35.6995168" lon="51.3427382">
    <tag k="amenity" v="bank"/>
    <tag k="branch" v="میدان آزادی"/>
    <tag k="brand" v="بانک پارسیان"/>
    <tag k="brand:en" v="Parsian Bank"/>
    <tag k="brand:wikidata" v="Q2410404"/>
    <tag k="brand:wikipedia" v="en:Parsian Bank"/>
    <tag k="name" v="بانک پارسیان"/>
    <tag k="name:en" v="Parsian Bank"/>
  </node>
  <node id="6167603685" lat="35.6995209" lon="51.3429651">
    <tag k="amenity" v="bank"/>
    <tag k="brand" v="بانک ملی"/>
    <tag k="brand:en" v="Bank Melli Iran"/>
    <tag k="brand:wikidata" v="Q806640"/>
    <tag k="brand:wikipedia" v="en:Bank Melli Iran"/>
    <tag k="name" v="بانک ملی"/>
    <tag k="name:en" v="Bank Melli Iran"/>
  </node>
  <node id="6169203286" lat="35.7001888" lon="51.3428269">
    <tag k="addr:housenumber" v="5"/>
    <tag k="addr:street" v="خیابان آزادی"/>
    <tag k="name" v="حمزه سیدالشهدا"/>
    <tag k="name:en" v="Hamzeh"/>
    <tag k="office" v="government"/>
    <tag k="opening_hours" v="Mo-Su 09:00-18:00"/>
  </node>
  <node id="6405273440" lat="35.6996540" lon="51.3419692"/>
  <node id="6405273441" lat="35.6999506" lon="51.3440316"/>
  <node id="6405273442" lat="35.6999661" lon="51.3437114"/>
  <node id="6405283902" lat="35.7011810" lon="51.3380316"/>
  <node id="6405437091" lat="35.6992074" lon="51.3395477"/>
  <node id="6405437092" lat="35.6999324" lon="51.3397830"/>
  <node id="6405437093" lat="35.6999567" lon="51.3398554"/>
  <node id="6405437094" lat="35.6998351" lon="51.3404786"/>
  <node id="6405437095" lat="35.6998572" lon="51.3401745"/>
  <node id="6405437096" lat="35.7004150" lon="51.3394201"/>
  <node id="6405437097" lat="35.7005900" lon="51.3391361"/>
  <node id="6405442445" lat="35.6994184" lon="51.3420776"/>
  <node id="6585514585" lat="35.7019234" lon="51.3401023"/>
  <node id="6585514596" lat="35.7019509" lon="51.3412586"/>
  <node id="6585514597" lat="35.7014148" lon="51.3412796"/>
  <node id="6585514598" lat="35.7015292" lon="51.3412905"/>
  <node id="6585514599" lat="35.7010293" lon="51.3406457"/>
  <node id="6585514600" lat="35.7011006" lon="51.3404462"/>
  <node id="6585514601" lat="35.7008900" lon="51.3407383"/>
  <node id="6585514602" lat="35.7008960" lon="51.3408434"/>
  <node id="6585514603" lat="35.7009668" lon="51.3406984"/>
  <node id="6585514604" lat="35.7010237" lon="51.3406004"/>
  <node id="6585514605" lat="35.7009592" lon="51.3407743"/>
  <node id="6585514606" lat="35.7014953" lon="51.3420916"/>
  <node id="6585514607" lat="35.7012217" lon="51.3416757"/>
  <node id="6585514608" lat="35.7023207" lon="51.3416474"/>
  <node id="6585514609" lat="35.7022837" lon="51.3414020"/>
  <node id="6585514610" lat="35.7021737" lon="51.3414435"/>
  <node id="6585514611" lat="35.7020670" lon="51.3414784"/>
  <node id="6585514612" lat="35.7019385" lon="51.3415160"/>
  <node id="6585514613" lat="35.7018252" lon="51.3415361"/>
  <node id="6585514614" lat="35.7017163" lon="51.3415414"/>
  <node id="6585514615" lat="35.7016335" lon="51.3415428"/>
  <node id="6585514616" lat="35.7015399" lon="51.3415374"/>
  <node id="6585514617" lat="35.7014332" lon="51.3415321"/>
  <node id="6585514618" lat="35.7013624" lon="51.3415253"/>
  <node id="6585514619" lat="35.7013482" lon="51.3416528"/>
  <node id="6585514620" lat="35.7013373" lon="51.3416501"/>
  <node id="6585514621" lat="35.7013613" lon="51.3417319"/>
  <node id="6585514622" lat="35.7015649" lon="51.3417667"/>
  <node id="6585514623" lat="35.7015834" lon="51.3417037"/>
  <node id="6585514624" lat="35.7021140" lon="51.3418643"/>
  <node id="6585514625" lat="35.7020681" lon="51.3417118"/>
  <node id="6585514628" lat="35.7021155" lon="51.3385354"/>
  <node id="6586340205" lat="35.7000319" lon="51.3419172"/>
  <node id="6586340206" lat="35.7000065" lon="51.3410507"/>
  <node id="6586340207" lat="35.7000292" lon="51.3411513"/>
  <node id="6586340208" lat="35.7000427" lon="51.3415945"/>
  <node id="6586340209" lat="35.7000461" lon="51.3417890"/>
  <node id="6586340210" lat="35.7000320" lon="51.3417915"/>
  <node id="6586340211" lat="35.7000844" lon="51.3418343"/>
  <node id="6586340212" lat="35.7000436" lon="51.3419580"/>
  <node id="6586340213" lat="35.7012128" lon="51.3402478"/>
  <node id="6586340214" lat="35.7012319" lon="51.3402590"/>
  <node id="6586340215" lat="35.7013623" lon="51.3400710"/>
  <node id="6586340216" lat="35.7005678" lon="51.3407651"/>
  <node id="6586340217" lat="35.7002744" lon="51.3408875"/>
  <node id="6586340218" lat="35.7001892" lon="51.3416982"/>
  <node id="6586340219" lat="35.7010537" lon="51.3425936"/>
  <node id="6586340221" lat="35.7008814" lon="51.3408817"/>
  <node id="6586340222" lat="35.7008684" lon="51.3409717"/>
  <node id="6586340223" lat="35.7009080" lon="51.3409243"/>
  <node id="6586340224" lat="35.7009104" lon="51.3410315"/>
  <node id="6586340225" lat="35.7011383" lon="51.3404735"/>
  <node id="6586340226" lat="35.7015219" lon="51.3398281"/>
  <node id="6586340227" lat="35.7013817" lon="51.3399408">
    <tag k="traffic_calming" v="hump"/>
  </node>
  <node id="6586340228" lat="35.7021139" lon="51.3380738"/>
  <node id="6586340229" lat="35.7021138" lon="51.3384020"/>
  <node id="6586340230" lat="35.7020322" lon="51.3385698"/>
  <node id="6586340231" lat="35.7020420" lon="51.3385927"/>
  <node id="6586340232" lat="35.7021748" lon="51.3383856"/>
  <node id="6586340233" lat="35.7020753" lon="51.3384762"/>
  <node id="6586340235" lat="35.7020782" lon="51.3383407"/>
  <node id="6586340237" lat="35.6998323" lon="51.3414238"/>
  <node id="6586340238" lat="35.6998440" lon="51.3422803"/>
  <node id="6586340239" lat="35.6998449" lon="51.3435464"/>
  <node id="6586340240" lat="35.7007823" lon="51.3445624"/>
  <node id="6586340241" lat="35.7007110" lon="51.3445497"/>
  <node id="6586340242" lat="35.7007426" lon="51.3443710"/>
  <node id="6586340243" lat="35.7004557" lon="51.3443040"/>
  <node id="6586340244" lat="35.7004780" lon="51.3440377"/>
  <node id="6586340245" lat="35.7008634" lon="51.3441114"/>
  <node id="6586340246" lat="35.7008335" lon="51.3443820"/>
  <node id="6586340247" lat="35.7007959" lon="51.3443713"/>
  <node id="6586340267" lat="35.7004703" lon="51.3432904"/>
  <node id="6586340268" lat="35.7001937" lon="51.3432702"/>
  <node id="6586340269" lat="35.7001942" lon="51.3431603"/>
  <node id="6586340270" lat="35.7002536" lon="51.3431656"/>
  <node id="6586340271" lat="35.7004126" lon="51.3431703"/>
  <node id="6586340272" lat="35.7004142" lon="51.3430771"/>
  <node id="6586340273" lat="35.7007759" lon="51.3430917"/>
  <node id="6586340274" lat="35.7007386" lon="51.3433916"/>
  <node id="6586340275" lat="35.7004607" lon="51.3433434"/>
  <node id="6586340276" lat="35.7004515" lon="51.3434012"/>
  <node id="6586340278" lat="35.6995901" lon="51.3422236"/>
  <node id="6586340279" lat="35.6996039" lon="51.3422880"/>
  <node id="6586340280" lat="35.6995874" lon="51.3422920"/>
  <node id="6586340281" lat="35.6995722" lon="51.3422955"/>
  <node id="6586340282" lat="35.6995597" lon="51.3422848"/>
  <node id="6586340283" lat="35.6995640" lon="51.3421359"/>
  <node id="6586340284" lat="35.6995183" lon="51.3420614"/>
  <node id="6586340285" lat="35.6995217" lon="51.3420109"/>
  <node id="6586340286" lat="35.6994967" lon="51.3419971"/>
  <node id="6586340287" lat="35.6995208" lon="51.3422466"/>
  <node id="6586340288" lat="35.6995361" lon="51.3422668"/>
  <node id="6586340289" lat="35.6995825" lon="51.3413726">
    <tag k="amenity" v="taxi"/>
    <tag k="check_date" v="2025-08-20"/>
  </node>
  <node id="6586340290" lat="35.6995549" lon="51.3398902"/>
  <node id="6586340291" lat="35.6990329" lon="51.3393512"/>
  <node id="6586340334" lat="35.7020223" lon="51.3380038"/>
  <node id="6586340335" lat="35.7018873" lon="51.3380117">
    <tag k="crossing:signals" v="yes"/>
    <tag k="highway" v="crossing"/>
  </node>
  <node id="6586340336" lat="35.7018001" lon="51.3380105"/>
  <node id="6586601668" lat="35.6996760" lon="51.3401618"/>
  <node id="6586601669" lat="35.6994239" lon="51.3396623"/>
  <node id="6586601670" lat="35.6991436" lon="51.3394923"/>
  <node id="6586606347" lat="35.6990496" lon="51.3409289"/>
  <node id="6586606348" lat="35.6994347" lon="51.3417724"/>
  <node id="6618052130" lat="35.6998024" lon="51.3381027"/>
  <node id="6618052131" lat="35.6998212" lon="51.3380791"/>
  <node id="6657426251" lat="35.7002285" lon="51.3434817">
    <tag k="name" v="دفتر خدمات الکترونیک انتظامی پلیس + ۱۰"/>
    <tag k="office" v="government"/>
  </node>
  <node id="8175888774" lat="35.7028079" lon="51.3444258"/>
  <node id="8995263310" lat="35.7008011" lon="51.3400212"/>
  <node id="8998176493" lat="35.6991771" lon="51.3410055"/>
  <node id="9013146246" lat="35.6994883" lon="51.3425492">
    <tag k="amenity" v="bank"/>
    <tag k="brand" v="بانک سپه"/>
    <tag k="brand:en" v="Bank Sepah"/>
    <tag k="brand:wikidata" v="Q2882624"/>
    <tag k="brand:wikipedia" v="en:Bank Sepah"/>
    <tag k="name" v="بانک سپه"/>
    <tag k="name:en" v="Bank Sepah"/>
  </node>
  <node id="9023512671" lat="35.7007982" lon="51.3400406"/>
  <node id="9023512672" lat="35.7008038" lon="51.3400591"/>
  <node id="9023512673" lat="35.7008163" lon="51.3400715"/>
  <node id="9023512674" lat="35.7008312" lon="51.3400743"/>
  <node id="9023512675" lat="35.7008454" lon="51.3400678"/>
  <node id="9023512676" lat="35.7008552" lon="51.3400537"/>
  <node id="9023512677" lat="35.7008582" lon="51.3400349"/>
  <node id="9023512678" lat="35.7008532" lon="51.3400167"/>
  <node id="9023512679" lat="35.7008414" lon="51.3400041"/>
  <node id="9023512680" lat="35.7008261" lon="51.3400004"/>
  <node id="9023512681" lat="35.7008113" lon="51.3400067"/>
  <node id="9038957826" lat="35.6994372" lon="51.3413657">
    <tag k="bench" v="yes"/>
    <tag k="bin" v="yes"/>
    <tag k="bus" v="yes"/>
    <tag k="highway" v="bus_stop"/>
    <tag k="public_transport" v="platform"/>
    <tag k="shelter" v="yes"/>
  </node>
  <node id="9038957827" lat="35.6991152" lon="51.3409409"/>
  <node id="9038957828" lat="35.6992444" lon="51.3410927"/>
  <node id="9069366271" lat="35.6995888" lon="51.3431743">
    <tag k="check_date" v="2025-08-15"/>
    <tag k="name" v="دفتر اسناد رسمی ۱۶۰۰"/>
    <tag k="office" v="notary"/>
    <tag k="ref" v="1600"/>
  </node>
  <node id="9710282784" lat="35.6995218" lon="51.3428231">
    <tag k="name" v="پیشگامان پرواز"/>
    <tag k="shop" v="travel_agency"/>
  </node>
  <node id="9962731780" lat="35.7003213" lon="51.3436449">
    <tag k="name" v="بیمه ایران"/>
    <tag k="name:en" v="Iran Insurance"/>
    <tag k="office" v="insurance"/>
  </node>
  <node id="10056080717" lat="35.7005899" lon="51.3421367"/>
  <node id="10056080728" lat="35.6993256" lon="51.3426722"/>
  <node id="10056080729" lat="35.6995126" lon="51.3426815"/>
  <node id="10056080730" lat="35.6995462" lon="51.3427210"/>
  <node id="10056080731" lat="35.6995538" lon="51.3428775"/>
  <node id="10056080732" lat="35.6993356" lon="51.3428774"/>
  <node id="10056080733" lat="35.6995515" lon="51.3430039"/>
  <node id="10056080734" lat="35.6993333" lon="51.3430261"/>
  <node id="10056080735" lat="35.6990877" lon="51.3424707"/>
  <node id="10056080736" lat="35.6992880" lon="51.3424735"/>
  <node id="10056080737" lat="35.6992880" lon="51.3426008"/>
  <node id="10056080738" lat="35.6990909" lon="51.3425915"/>
  <node id="10056080739" lat="35.7002891" lon="51.3435924"/>
  <node id="10056080740" lat="35.7004859" lon="51.3436249"/>
  <node id="10056080741" lat="35.7004723" lon="51.3437495"/>
  <node id="10056080742" lat="35.7002755" lon="51.3437170"/>
  <node id="10056080743" lat="35.7004579" lon="51.3438798"/>
  <node id="10056080744" lat="35.7002620" lon="51.3438430"/>
  <node id="10056080745" lat="35.7004747" lon="51.3438857"/>
  <node id="10056080746" lat="35.7004627" lon="51.3440137"/>
  <node id="10056080747" lat="35.7002668" lon="51.3439842"/>
  <node id="10056080748" lat="35.7002849" lon="51.3438473"/>
  <node id="10056080749" lat="35.7005093" lon="51.3435121"/>
  <node id="10056080750" lat="35.7004974" lon="51.3434694"/>
  <node id="10056080751" lat="35.7004054" lon="51.3434459"/>
  <node id="10056080752" lat="35.7002943" lon="51.3434341"/>
  <node id="10056080753" lat="35.7010302" lon="51.3436436"/>
  <node id="10056080754" lat="35.7011587" lon="51.3437053"/>
  <node id="10056080755" lat="35.7011435" lon="51.3437938"/>
  <node id="10056080756" lat="35.7011740" lon="51.3437991"/>
  <node id="10056080757" lat="35.7011587" lon="51.3438903"/>
  <node id="10056080758" lat="35.7010019" lon="51.3438474"/>
  <node id="10056080759" lat="35.7012893" lon="51.3437558"/>
  <node id="10056080760" lat="35.7014493" lon="51.3438190"/>
  <node id="10056080761" lat="35.7014434" lon="51.3438514"/>
  <node id="10056080762" lat="35.7014804" lon="51.3438690"/>
  <node id="10056080763" lat="35.7014673" lon="51.3439676"/>
  <node id="10056080764" lat="35.7012642" lon="51.3439132"/>
  <node id="10056080765" lat="35.7013383" lon="51.3449550"/>
  <node id="10056080766" lat="35.7013359" lon="51.3447770"/>
  <node id="10056080767" lat="35.7011806" lon="51.3447462"/>
  <node id="10056080768" lat="35.7011758" lon="51.3449874"/>
  <node id="10056080769" lat="35.7009340" lon="51.3447007"/>
  <node id="10056080770" lat="35.7011036" lon="51.3447287"/>
  <node id="10056080771" lat="35.7011084" lon="51.3447890"/>
  <node id="10056080772" lat="35.7010737" lon="51.3447846"/>
  <node id="10056080773" lat="35.7010702" lon="51.3448669"/>
  <node id="10056080774" lat="35.7009232" lon="51.3448375"/>
  <node id="10154254003" lat="35.7017002" lon="51.3394002"/>
  <node id="10154254004" lat="35.7018568" lon="51.3394738"/>
  <node id="10154254005" lat="35.7021312" lon="51.3395154"/>
  <node id="10154254006" lat="35.7025538" lon="51.3396280"/>
  <node id="10154254007" lat="35.7027498" lon="51.3396736"/>
  <node id="10154269625" lat="35.7026448" lon="51.3408999"/>
  <node id="10154269626" lat="35.7027434" lon="51.3404858"/>
  <node id="10154269627" lat="35.7029300" lon="51.3402720"/>
  <node id="10154284992" lat="35.7016204" lon="51.3442682"/>
  <node id="10154284993" lat="35.7018266" lon="51.3443257"/>
  <node id="10154284994" lat="35.7020023" lon="51.3442976"/>
  <node id="10154284995" lat="35.7022497" lon="51.3444526"/>
  <node id="10154284996" lat="35.7020121" lon="51.3445595"/>
  <node id="10154284997" lat="35.7019785" lon="51.3447639"/>
  <node id="10154284998" lat="35.7019448" lon="51.3447826"/>
  <node id="10154284999" lat="35.7015488" lon="51.3447038"/>
  <node id="10154285000" lat="35.7001307" lon="51.3425874"/>
  <node id="10154285001" lat="35.7006993" lon="51.3425981"/>
  <node id="10154285002" lat="35.7009835" lon="51.3426141"/>
  <node id="10154285003" lat="35.7010920" lon="51.3426275"/>
  <node id="10154285004" lat="35.7019665" lon="51.3429909"/>
  <node id="10154285005" lat="35.7025915" lon="51.3432074"/>
  <node id="10154285006" lat="35.7024678" lon="51.3436403"/>
  <node id="10154285007" lat="35.7022551" lon="51.3435360"/>
  <node id="10154285008" lat="35.7021597" lon="51.3437765"/>
  <node id="10154285009" lat="35.7018494" lon="51.3437284"/>
  <node id="10154285010" lat="35.7018494" lon="51.3439075"/>
  <node id="10154285011" lat="35.7012179" lon="51.3436964"/>
  <node id="10154285012" lat="35.7007752" lon="51.3434612"/>
  <node id="10154285013" lat="35.7004736" lon="51.3433650"/>
  <node id="10154285014" lat="35.7001437" lon="51.3433249"/>
  <node id="10154285015" lat="35.7010942" lon="51.3435735"/>
  <node id="10154285016" lat="35.7016649" lon="51.3437097"/>
  <node id="10154304717" lat="35.7004519" lon="51.3441373"/>
  <node id="10154304718" lat="35.7002544" lon="51.3440999"/>
  <node id="10154304725" lat="35.7019177" lon="51.3448708"/>
  <node id="10154304726" lat="35.7019438" lon="51.3448494"/>
  <node id="10255363895" lat="35.7010369" lon="51.3411556"/>
  <node id="10255363896" lat="35.7015966" lon="51.3412334"/>
  <node id="10255363897" lat="35.7018689" lon="51.3412173"/>
  <node id="10255363898" lat="35.7022109" lon="51.3410886"/>
  <node id="10255363899" lat="35.7010848" lon="51.3407318"/>
  <node id="10255363900" lat="35.7010216" lon="51.3408096"/>
  <node id="10255363901" lat="35.7009759" lon="51.3408901"/>
  <node id="10255363902" lat="35.7009497" lon="51.3410027"/>
  <node id="10255363903" lat="35.7009737" lon="51.3410939"/>
  <node id="10255363904" lat="35.7023134" lon="51.3401088"/>
  <node id="10255363905" lat="35.7022261" lon="51.3400965"/>
  <node id="10255363906" lat="35.7027245" lon="51.3400751"/>
  <node id="10255363907" lat="35.7025624" lon="51.3383195"/>
  <node id="10255363908" lat="35.7026562" lon="51.3383245"/>
  <node id="10255437309" lat="35.7026554" lon="51.3383491"/>
  <node id="10255437310" lat="35.7027075" lon="51.3383521"/>
  <node id="10255437311" lat="35.7027099" lon="51.3383314"/>
  <node id="10255437312" lat="35.7027829" lon="51.3383343"/>
  <node id="10255437313" lat="35.7027804" lon="51.3383590"/>
  <node id="10255437314" lat="35.7028189" lon="51.3383630"/>
  <node id="10255437315" lat="35.7028125" lon="51.3385022"/>
  <node id="10255437316" lat="35.7027772" lon="51.3385002"/>
  <node id="10255437317" lat="35.7027756" lon="51.3385200"/>
  <node id="10255437318" lat="35.7026995" lon="51.3385140"/>
  <node id="10255437319" lat="35.7026987" lon="51.3384923"/>
  <node id="10255437320" lat="35.7026449" lon="51.3384874"/>
  <node id="10255437321" lat="35.7026433" lon="51.3385111"/>
  <node id="10255437322" lat="35.7025447" lon="51.3385052"/>
  <node id="10255437323" lat="35.7025479" lon="51.3384755"/>
  <node id="10255437324" lat="35.7025014" lon="51.3384745"/>
  <node id="10255437325" lat="35.7025110" lon="51.3383383"/>
  <node id="10255437326" lat="35.7025600" lon="51.3383412"/>
  <node id="10255437327" lat="35.7029881" lon="51.3383168"/>
  <node id="10255437328" lat="35.7028718" lon="51.3388242"/>
  <node id="10255437331" lat="35.7029830" lon="51.3389874"/>
  <node id="10255437332" lat="35.7029831" lon="51.3390254"/>
  <node id="10255437333" lat="35.7028724" lon="51.3390259"/>
  <node id="10255437368" lat="35.7027070" lon="51.3418634"/>
  <node id="10255437369" lat="35.7028183" lon="51.3418941"/>
  <node id="10255437370" lat="35.7028132" lon="51.3419211"/>
  <node id="10255437371" lat="35.7028565" lon="51.3419365"/>
  <node id="10255437372" lat="35.7028594" lon="51.3419103"/>
  <node id="10255437373" lat="35.7029444" lon="51.3419320"/>
  <node id="10255437374" lat="35.7029459" lon="51.3419970"/>
  <node id="10255437375" lat="35.7029253" lon="51.3419970"/>
  <node id="10255437376" lat="35.7029231" lon="51.3420655"/>
  <node id="10255437377" lat="35.7029495" lon="51.3420682"/>
  <node id="10255437378" lat="35.7029495" lon="51.3421224"/>
  <node id="10255437379" lat="35.7028359" lon="51.3420899"/>
  <node id="10255437380" lat="35.7028440" lon="51.3420610"/>
  <node id="10255437381" lat="35.7028081" lon="51.3420484"/>
  <node id="10255437382" lat="35.7027993" lon="51.3420800"/>
  <node id="10255437383" lat="35.7027187" lon="51.3420601"/>
  <node id="10255437384" lat="35.7022906" lon="51.3417123"/>
  <node id="10255437385" lat="35.7024760" lon="51.3416879"/>
  <node id="10255437386" lat="35.7025720" lon="51.3417024"/>
  <node id="10255437387" lat="35.7025764" lon="51.3418070"/>
  <node id="10255437388" lat="35.7025838" lon="51.3419731"/>
  <node id="10255437389" lat="35.7025647" lon="51.3419848"/>
  <node id="10255437390" lat="35.7024834" lon="51.3419641"/>
  <node id="10255437391" lat="35.7024760" lon="51.3419866"/>
  <node id="10255437392" lat="35.7024028" lon="51.3419623"/>
  <node id="10255437393" lat="35.7024072" lon="51.3419253"/>
  <node id="10255437394" lat="35.7023053" lon="51.3419081"/>
  <node id="10255437395" lat="35.7025707" lon="51.3441378"/>
  <node id="10255437396" lat="35.7027356" lon="51.3442263"/>
  <node id="10255437397" lat="35.7027392" lon="51.3442687"/>
  <node id="10255437398" lat="35.7026887" lon="51.3443797"/>
  <node id="10255437399" lat="35.7026652" lon="51.3443986"/>
  <node id="10255437400" lat="35.7025612" lon="51.3443607"/>
  <node id="10255437401" lat="35.7024827" lon="51.3443580"/>
  <node id="10255437402" lat="35.7028539" lon="51.3445485"/>
  <node id="10255437409" lat="35.7028473" lon="51.3447199"/>
  <node id="10255437416" lat="35.7028437" lon="51.3448968"/>
  <node id="10255437531" lat="35.7008997" lon="51.3380884"/>
  <node id="10255437532" lat="35.7008440" lon="51.3380386"/>
  <node id="10255784227" lat="35.7008161" lon="51.3382337"/>
  <node id="10255784228" lat="35.7002346" lon="51.3397327"/>
  <node id="10255784229" lat="35.7004910" lon="51.3395737"/>
  <node id="10255784230" lat="35.7006457" lon="51.3393736"/>
  <node id="10255784231" lat="35.7007357" lon="51.3391446"/>
  <node id="10255784232" lat="35.7007827" lon="51.3389060"/>
  <node id="10255784233" lat="35.7008101" lon="51.3386722"/>
  <node id="10255784234" lat="35.7007200" lon="51.3390458"/>
  <node id="10255784235" lat="35.7006104" lon="51.3392820"/>
  <node id="10255784236" lat="35.7005106" lon="51.3394435"/>
  <node id="10255784237" lat="35.7003834" lon="51.3396074"/>
  <node id="10257833453" lat="35.7001475" lon="51.3427399">
    <tag k="amenity" v="fast_food"/>
  </node>
  <node id="10584543210" lat="35.7023665" lon="51.3413590"/>
  <node id="10723648262" lat="35.6997965" lon="51.3446005"/>
  <node id="10869257523" lat="35.7023328" lon="51.3380176"/>
  <node id="10869257524" lat="35.7023889" lon="51.3381109"/>
  <node id="10869257525" lat="35.7024297" lon="51.3380866">
    <tag k="level" v="0"/>
    <tag k="wheelchair" v="limited"/>
  </node>
  <node id="10869257534" lat="35.7025233" lon="51.3380290">
    <tag k="level" v="-1"/>
  </node>
  <node id="11280063825" lat="35.6992461" lon="51.3444034"/>
  <node id="12167907213" lat="35.7001690" lon="51.3446707">
    <tag k="name" v="استاد معین"/>
    <tag k="name:en" v="Ostad Moein"/>
    <tag k="railway" v="subway_entrance"/>
  </node>
  <node id="12167907214" lat="35.7002612" lon="51.3446090"/>
  <node id="12167907215" lat="35.7002535" lon="51.3446733"/>
  <node id="12167907216" lat="35.7003286" lon="51.3446835"/>
  <node id="12167907217" lat="35.7003242" lon="51.3447351"/>
  <node id="12167907218" lat="35.7001784" lon="51.3447131"/>
  <node id="12167907219" lat="35.7001685" lon="51.3446939"/>
  <node id="12167907220" lat="35.7001651" lon="51.3445930"/>
  <node id="12376987065" lat="35.7000693" lon="51.3433031">
    <tag k="addr:city" v="شهر تهران"/>
    <tag k="addr:street" v="حسین بیگ محمدلو"/>
    <tag k="name" v="مجموعه تبلیغاتی پارسیان"/>
    <tag k="opening_hours" v="Mo-Su 08:00-20:00"/>
    <tag k="operator" v="مصطفی قنبری"/>
    <tag k="phone" v="۶۶۰۰۷۴۷۰"/>
    <tag k="shop" v="copyshop"/>
  </node>
  <node id="12492072528" lat="35.7004404" lon="51.3414186">
    <tag k="name" v="خشکبار آزادی"/>
    <tag k="shop" v="yes"/>
  </node>
  <node id="12949824719" lat="35.6997383" lon="51.3380605">
    <tag k="historic" v="monument"/>
    <tag k="name" v="Borj-e Azadi"/>
    <tag k="name:ar" v="برج آزادي"/>
    <tag k="name:en" v="Azadi Tower"/>
    <tag k="name:fa" v="برج آزادی"/>
    <tag k="name:hi" v="आज़ादी टावर"/>
    <tag k="name:pl" v="Borj-e Azadi (wieża wolności)"/>
    <tag k="wikidata" v="Q1140026"/>
    <tag k="wikipedia" v="en:Azadi Tower"/>
  </node>
  <node id="13040767158" lat="35.7005851" lon="51.3445933"/>
  <node id="13040767808" lat="35.6999872" lon="51.3445569"/>
  <node id="13040767819" lat="35.7000147" lon="51.3444987"/>
  <node id="13060869347" lat="35.6991204" lon="51.3380717">
    <tag k="amenity" v="drinking_water"/>
  </node>
  <node id="13063458824" lat="35.7026479" lon="51.3446876"/>
  <node id="13063458825" lat="35.7018763" lon="51.3439154"/>
  <node id="13063458826" lat="35.7018744" lon="51.3438074"/>
  <node id="13063458827" lat="35.7021466" lon="51.3438409"/>
  <node id="13063458828" lat="35.7022133" lon="51.3438690"/>
  <node id="13063458829" lat="35.7023086" lon="51.3439246"/>
  <node id="13063458849" lat="35.7028350" lon="51.3403565"/>
  <node id="13063458850" lat="35.7027925" lon="51.3404110"/>
  <node id="13063458851" lat="35.7028908" lon="51.3403000"/>
  <node id="13063458852" lat="35.7029815" lon="51.3402668"/>
  <node id="13063458855" lat="35.7022068" lon="51.3413125"/>
  <node id="13063458856" lat="35.7004877" lon="51.3412089"/>
  <node id="13063458857" lat="35.7005573" lon="51.3411987"/>
  <node id="13063458858" lat="35.7006589" lon="51.3412174"/>
  <node id="13063458859" lat="35.7008746" lon="51.3406726"/>
  <node id="13063458860" lat="35.7005869" lon="51.3409920"/>
  <node id="13063458861" lat="35.7014500" lon="51.3399822"/>
  <node id="13063458879" lat="35.7020758" lon="51.3423001"/>
  <node id="13063458882" lat="35.7016166" lon="51.3417145"/>
  <node id="13086881401" lat="35.7004387" lon="51.3447489"/>
  <node id="13086881403" lat="35.7012328" lon="51.3446678"/>
  <node id="13086881404" lat="35.7012904" lon="51.3441903"/>
  <node id="13086881405" lat="35.7015431" lon="51.3442488"/>
  <node id="13086881406" lat="35.7014793" lon="51.3446986"/>
  <node id="13086881407" lat="35.7000511" lon="51.3420943"/>
  <node id="13086881408" lat="35.6993462" lon="51.3414522"/>
  <node id="13112560666" lat="35.6997628" lon="51.3431655"/>
  <node id="13112560667" lat="35.6997624" lon="51.3431424"/>
  <node id="13112560668" lat="35.6997230" lon="51.3430060"/>
  <node id="13112560669" lat="35.6996959" lon="51.3430294"/>
  <node id="13112560670" lat="35.6996545" lon="51.3430601"/>
  <node id="13112560671" lat="35.6996095" lon="51.3430736"/>
  <node id="13112560672" lat="35.6995745" lon="51.3430798"/>
  <node id="13112560677" lat="35.6994340" lon="51.3417996"/>
  <node id="13112560678" lat="35.6994114" lon="51.3418451"/>
  <node id="13112560679" lat="35.6993128" lon="51.3418783"/>
  <node id="13112560680" lat="35.6994463" lon="51.3423151"/>
  <node id="13112560681" lat="35.6994857" lon="51.3423463"/>
  <node id="13112560682" lat="35.7005012" lon="51.3438393"/>
  <node id="13112560683" lat="35.7005173" lon="51.3438586"/>
  <node id="13112560684" lat="35.7005436" lon="51.3438718"/>
  <node id="13112560685" lat="35.7004940" lon="51.3437877"/>
  <node id="13204580309" lat="35.6998690" lon="51.3410254"/>
  <node id="13204580312" lat="35.6997538" lon="51.3427698"/>
  <node id="13300261459" lat="35.6992597" lon="51.3443158"/>
  <node id="13300261460" lat="35.6996544" lon="51.3440309"/>
  <node id="13300261461" lat="35.6996926" lon="51.3440385"/>
  <node id="13300261462" lat="35.6997346" lon="51.3440532"/>
  <node id="13300261463" lat="35.6995438" lon="51.3430060"/>
  <node id="13300261464" lat="35.6995395" lon="51.3430337"/>
  <node id="13300261465" lat="35.6994155" lon="51.3421052"/>
  <node id="13300261466" lat="35.6994181" lon="51.3422711"/>
  <node id="13300261467" lat="35.6996431" lon="51.3420630"/>
  <node id="13300261468" lat="35.6998473" lon="51.3410252"/>
  <node id="13300261469" lat="35.6999963" lon="51.3410264"/>
  <node id="13300261470" lat="35.6997582" lon="51.3410266"/>
  <node id="13300261471" lat="35.6995970" lon="51.3399531"/>
  <node id="13300261472" lat="35.6996196" lon="51.3399962"/>
  <node id="13300261473" lat="35.6999120" lon="51.3401307"/>
  <node id="13300261474" lat="35.6999739" lon="51.3399404"/>
  <node id="13366625988" lat="35.7029869" lon="51.3382939"/>
  <node id="13366625991" lat="35.7013170" lon="51.3403516"/>
  <node id="13366625992" lat="35.7017547" lon="51.3412295"/>
  <node id="13366625993" lat="35.7020551" lon="51.3411571"/>
  <node id="13374567294" lat="35.7008938" lon="51.3384544">
    <tag k="amenity" v="charging_station"/>
    <tag k="brand" v="mapna"/>
    <tag k="fee" v="no"/>
  </node>
  <node id="13404346860" lat="35.7018485" lon="51.3393899"/>
  <node id="13404346861" lat="35.7019350" lon="51.3394383"/>
  <node id="13404346862" lat="35.7019560" lon="51.3393221"/>
  <node id="13404346863" lat="35.7024158" lon="51.3394786"/>
  <node id="13404346864" lat="35.7024578" lon="51.3392511"/>
  <node id="13404346865" lat="35.7028168" lon="51.3393253"/>
  <node id="13404346866" lat="35.7028377" lon="51.3392350"/>
  <node id="13404346867" lat="35.7029906" lon="51.3392752"/>
  <node id="13404346878" lat="35.7026323" lon="51.3389869"/>
  <node id="13404346879" lat="35.7020087" lon="51.3388987"/>
  <node id="13404346880" lat="35.7021139" lon="51.3385927"/>
  <node id="13404346881" lat="35.7021975" lon="51.3384809"/>
  <node id="13404346882" lat="35.7028138" lon="51.3385427"/>
  <node id="13404346883" lat="35.7028138" lon="51.3386868"/>
  <node id="13404346884" lat="35.7023528" lon="51.3386574"/>
  <node id="13404346885" lat="35.7023497" lon="51.3389469"/>
  <node id="13404346886" lat="35.7015572" lon="51.3400019"/>
  <node id="13404346887" lat="35.7016647" lon="51.3398195"/>
  <node id="13404346888" lat="35.7017698" lon="51.3396106"/>
  <node id="13404346889" lat="35.7018128" lon="51.3395194"/>
  <node id="13404346890" lat="35.7026394" lon="51.3399636"/>
  <node id="13404346891" lat="35.7025750" lon="51.3401063"/>
  <node id="13404346892" lat="35.7018454" lon="51.3400603"/>
  <node id="13503890293" lat="35.7004643" lon="51.3446677"/>
  <node id="13503890294" lat="35.7004208" lon="51.3447990"/>
  <node id="13503890295" lat="35.7006471" lon="51.3445965"/>
  <node id="13503890296" lat="35.7005449" lon="51.3445979"/>
  <node id="13503890300" lat="35.7018779" lon="51.3437264"/>
  <node id="13503915001" lat="35.7028237" lon="51.3444386"/>
  <node id="13503915002" lat="35.7028426" lon="51.3444526"/>
  <node id="13503915003" lat="35.7028652" lon="51.3444637"/>
  <node id="13503915004" lat="35.7029206" lon="51.3444705"/>
  <node id="13604895697" lat="35.6995382" lon="51.3424896"/>
  <node id="13604895698" lat="35.6995382" lon="51.3425566"/>
  <node id="13604895699" lat="35.6995001" lon="51.3426130"/>
  <node id="13604895700" lat="35.6993334" lon="51.3426009"/>
  <node id="13604926201" lat="35.6993378" lon="51.3424762"/>
  <node id="13604926202" lat="35.6992588" lon="51.3410975"/>
  <node id="13604926203" lat="35.6992321" lon="51.3411237"/>
  <node id="13604926204" lat="35.6994903" lon="51.3414925"/>
  <node id="13604926205" lat="35.6995131" lon="51.3414650"/>
  <node id="13604926206" lat="35.6996678" lon="51.3420148"/>
  <way id="4294743">
    <nd ref="1863241294"/>
    <nd ref="2148639507"/>
    <nd ref="354985518"/>
    <nd ref="6586340235"/>
    <nd ref="3116671469"/>
    <nd ref="1556786368"/>
    <nd ref="10869257523"/>
    <nd ref="354985519"/>
    <nd ref="354985522"/>
    <tag k="destination" v="جناح"/>
    <tag k="highway" v="trunk_link"/>
    <tag k="lanes" v="3"/>
    <tag k="oneway" v="yes"/>
    <tag k="surface" v="asphalt"/>
  </way>
  <way id="25776902">
    <nd ref="4692553270"/>
    <nd ref="6586687784"/>
    <nd ref="6405273451"/>
    <nd ref="6405273441"/>
    <nd ref="6405273442"/>
    <nd ref="26052158"/>
    <nd ref="354987356"/>
    <nd ref="3870176586"/>
    <nd ref="1863241165"/>
    <tag k="highway" v="primary"/>
    <tag k="lane_markings" v="yes"/>
    <tag k="lit" v="yes"/>
    <tag k="maxheight" v="4.5"/>
    <tag k="maxspeed" v="60"/>
    <tag k="name" v="خیابان آزادی"/>
    <tag k="name:en" v="Azadi Street"/>
    <tag k="name:ru" v="улица Азади"/>
    <tag k="old_name" v="خیابان آیزنهاور"/>
    <tag k="old_name:en" v="Eisenhower avenue"/>
    <tag k="old_name:ru" v="авеню Эйзенхауэра"/>
    <tag k="oneway" v="yes"/>
    <tag k="ref" v="146"/>
    <tag k="surface" v="asphalt"/>
    <tag k="wikipedia" v="fa:خیابان آزادی"/>
  </way>
  <way id="73834059">
    <nd ref="873786206"/>
    <nd ref="2204496989"/>
    <nd ref="2204496916"/>
    <nd ref="2204496819"/>
    <nd ref="2204496735"/>
    <nd ref="2204496653"/>
    <nd ref="2204496609"/>
    <tag k="full_name" v="کوچه ولیعصر"/>
    <tag k="highway" v="living_street"/>
    <tag k="lanes" v="2"/>
    <tag k="name" v="الهادی"/>
  </way>
  <way id="73834060">
    <nd ref="873786232"/>
    <nd ref="873786234"/>
    <tag k="full_name" v="بن‌بست نورگاه"/>
    <tag k="highway" v="residential"/>
    <tag k="lanes" v="2"/>
    <tag k="maxspeed" v="30"/>
    <tag k="name" v="نورگاه"/>
    <tag k="name:en" v="Nourgah Dead End"/>
    <tag k="surface" v="asphalt"/>
  </way>
  <way id="73834061">
    <nd ref="873786237"/>
    <nd ref="873786238"/>
    <tag k="full_name" v="بن‌بست عزیزی"/>
    <tag k="highway" v="residential"/>
    <tag k="lanes" v="2"/>
    <tag k="maxspeed" v="30"/>
    <tag k="name" v="عزیزی"/>
    <tag k="name:en" v="Azizi Dead End"/>
  </way>
  <way id="73834062">
    <nd ref="873786248"/>
    <nd ref="13063458829"/>
    <nd ref="13063458828"/>
    <nd ref="13063458827"/>
    <nd ref="873786253"/>
    <tag k="full_name" v="کوچه شقایق"/>
    <tag k="highway" v="residential"/>
    <tag k="lanes" v="2"/>
    <tag k="name" v="شقایق"/>
    <tag k="name:en" v="Shaqayeq Alley"/>
  </way>
  <way id="73834063">
    <nd ref="873786258"/>
    <nd ref="873786259"/>
    <tag k="full_name" v="بن‌بست اصفهانی"/>
    <tag k="highway" v="residential"/>
    <tag k="maxspeed" v="30"/>
    <tag k="name" v="بن بست اصفهانی"/>
    <tag k="name:en" v="Esfahani Dead End"/>
    <tag k="name:fa" v="اصفهان"/>
  </way>
  <way id="73834066">
    <nd ref="873786343"/>
    <nd ref="2204536535"/>
    <nd ref="873786336"/>
    <nd ref="13086881402"/>
    <nd ref="13503890298"/>
    <nd ref="13503890297"/>
    <nd ref="4713359509"/>
    <nd ref="3276191283"/>
    <tag k="full_name" v="کوچه نوریاب"/>
    <tag k="highway" v="residential"/>
    <tag k="lanes" v="2"/>
    <tag k="maxspeed" v="30"/>
    <tag k="name" v="نوریاب شرقی"/>
    <tag k="name:en" v="East Nouryab Alley"/>
    <tag k="oneway" v="yes"/>
  </way>
  <way id="73834067">
    <nd ref="3276191283"/>
    <nd ref="5145963206"/>
    <nd ref="13503890294"/>
    <nd ref="13086881401"/>
    <nd ref="3276191285"/>
    <nd ref="13503890293"/>
    <nd ref="5145963207"/>
    <nd ref="5145963208"/>
    <nd ref="13503890296"/>
    <nd ref="13040767158"/>
    <nd ref="13503890295"/>
    <nd ref="2203911368"/>
    <nd ref="873786343"/>
    <tag k="full_name" v="کوچه نوریاب غربی"/>
    <tag k="highway" v="residential"/>
    <tag k="lanes" v="2"/>
    <tag k="maxspeed" v="30"/>
    <tag k="name" v="نوریاب غربی"/>
    <tag k="name:en" v="West Nouryab Alley"/>
    <tag k="oneway" v="yes"/>
    <tag k="surface" v="asphalt"/>
  </way>
  <way id="73834068">
    <nd ref="873786232"/>
    <nd ref="13112560685"/>
    <nd ref="873786366"/>
    <nd ref="13112560682"/>
    <nd ref="13112560683"/>
    <nd ref="13112560684"/>
    <nd ref="873786254"/>
    <nd ref="5145963209"/>
    <nd ref="2204536538"/>
    <nd ref="4713359511"/>
    <nd ref="873786371"/>
    <nd ref="5145963210"/>
    <tag k="highway" v="residential"/>
    <tag k="lanes" v="2"/>
    <tag k="name" v="حسین بیگ محمدلو"/>
    <tag k="old_name" v="نورگاه"/>
    <tag k="oneway" v="no"/>
    <tag k="surface" v="asphalt"/>
  </way>
  <way id="73834069">
    <nd ref="873786399"/>
    <nd ref="13063458831"/>
    <nd ref="13063458830"/>
    <nd ref="5145963201"/>
    <nd ref="873786237"/>
    <nd ref="6586340219"/>
    <nd ref="873786396"/>
    <nd ref="5145963202"/>
    <nd ref="354987356"/>
    <tag k="full_name" v="خیابان کوه نور"/>
    <tag k="highway" v="residential"/>
    <tag k="name" v="کوه نور"/>
    <tag k="name:en" v="Kuhe Nur Street"/>
    <tag k="oneway" v="yes"/>
    <tag k="surface" v="asphalt"/>
  </way>
  <way id="73834071">
    <nd ref="3319935135"/>
    <nd ref="873785984"/>
    <nd ref="873785990"/>
    <nd ref="873785994"/>
    <nd ref="873785980"/>
    <nd ref="2204536544"/>
    <nd ref="873785976"/>
    <nd ref="873786450"/>
    <nd ref="13063408009"/>
    <nd ref="13063408010"/>
    <nd ref="873786451"/>
    <tag k="full_name" v="خیابان مسلم حسین مردی"/>
    <tag k="highway" v="residential"/>
    <tag k="lanes" v="2"/>
    <tag k="maxspeed" v="30"/>
    <tag k="name" v="مسلم حسین مردی"/>
    <tag k="name:en" v="Moslem Hossein Mardi Street"/>
  </way>
  <way id="73834073">
    <nd ref="873786508"/>
    <nd ref="873786189"/>
    <nd ref="2204497050"/>
    <nd ref="13040767159"/>
    <nd ref="4713359513"/>
    <nd ref="13040767160"/>
    <nd ref="873786206"/>
    <nd ref="13063458834"/>
    <nd ref="2204497057"/>
    <nd ref="10259169715"/>
    <nd ref="2204497051"/>
    <nd ref="13063458833"/>
    <nd ref="873786110"/>
    <nd ref="873786399"/>
    <nd ref="873786258"/>
    <nd ref="873786248"/>
    <nd ref="880421260"/>
    <nd ref="5145963210"/>
    <nd ref="13063458824"/>
    <nd ref="3319935135"/>
    <nd ref="3276184190"/>
    <nd ref="10154284975"/>
    <nd ref="873786513"/>
    <nd ref="873786515"/>
    <tag k="full_name" v="خیابان حبیب الله سلطان محمدی"/>
    <tag k="highway" v="residential"/>
    <tag k="lanes" v="2"/>
    <tag k="maxspeed" v="30"/>
    <tag k="name" v="حبیب الله سلطان محمدی"/>
    <tag k="name:en" v="Soltan Mohammadi Street"/>
    <tag k="surface" v="asphalt"/>
  </way>
  <way id="73834101">
    <nd ref="2148639590"/>
    <nd ref="13063458856"/>
    <nd ref="13063458857"/>
    <nd ref="2148639460"/>
    <nd ref="13063458858"/>
    <nd ref="2148639513"/>
    <nd ref="2148639456"/>
    <nd ref="2148639455"/>
    <nd ref="873786813"/>
    <nd ref="873786208"/>
    <nd ref="873786820"/>
    <nd ref="13063458855"/>
    <nd ref="2204496685"/>
    <nd ref="2204496787"/>
    <nd ref="2204496952"/>
    <nd ref="873786508"/>
    <nd ref="13063458853"/>
    <nd ref="3295281733"/>
    <nd ref="3295281734"/>
    <nd ref="878633055"/>
    <nd ref="13063458835"/>
    <nd ref="873786036"/>
    <nd ref="873786026"/>
    <nd ref="873786830"/>
    <nd ref="13063458836"/>
    <nd ref="2131738376"/>
    <nd ref="4607761773"/>
    <nd ref="4607761774"/>
    <nd ref="2131738357"/>
    <tag k="full_name" v="بلوار شهید علیرضا عزیزی"/>
    <tag k="highway" v="secondary"/>
    <tag k="lanes" v="3"/>
    <tag k="maxspeed" v="50"/>
    <tag k="name" v="بلوار علیرضا عزیزی"/>
    <tag k="name:en" v="Alireza Azizi Boulevard"/>
    <tag k="oneway" v="yes"/>
    <tag k="ref" v="2167"/>
    <tag k="surface" v="asphalt"/>
  </way>
  <way id="74327650">
    <nd ref="4570289795"/>
    <nd ref="878633048"/>
    <nd ref="2204497523"/>
    <nd ref="896837632"/>
    <nd ref="896837645"/>
    <nd ref="13063458847"/>
    <nd ref="2204497469"/>
    <nd ref="5000715452"/>
    <nd ref="7054968342"/>
    <nd ref="5000715451"/>
    <nd ref="2204497267"/>
    <nd ref="878633063"/>
    <nd ref="878633036"/>
    <nd ref="878633065"/>
    <tag k="full_name" v="خیابان علی حسین مردی"/>
    <tag k="highway" v="residential"/>
    <tag k="name" v="علی حسین مردی"/>
    <tag k="name:en" v="Ali Hossein Mardi Street"/>
    <tag k="surface" v="asphalt"/>
  </way>
  <way id="75984232">
    <nd ref="896837666"/>
    <nd ref="878633036"/>
    <tag k="highway" v="residential"/>
    <tag k="maxspeed" v="30"/>
  </way>
  <way id="175770848">
    <nd ref="1863241037"/>
    <nd ref="1863241062"/>
    <nd ref="6586340291"/>
    <nd ref="3128466140"/>
    <nd ref="6586601670"/>
    <nd ref="6405437091"/>
    <nd ref="1863241082"/>
    <tag k="highway" v="trunk"/>
    <tag k="junction" v="roundabout"/>
    <tag k="lanes" v="6"/>
    <tag k="lit" v="yes"/>
    <tag k="maxspeed" v="30"/>
    <tag k="name" v="میدان آزادی"/>
    <tag k="name:en" v="Azadi Square"/>
    <tag k="name:tk" v="Azadi Meýdany"/>
    <tag k="name:tr" v="Azadi Meydanı"/>
    <tag k="old_name" v="میدان شهیاد"/>
    <tag k="old_name:en" v="Shahyad Square"/>
    <tag k="surface" v="asphalt"/>
  </way>
  <way id="175770857">
    <nd ref="354987356"/>
    <nd ref="13086881407"/>
    <nd ref="1863241203"/>
    <nd ref="6586340218"/>
    <nd ref="1863241213"/>
    <nd ref="2148639590"/>
    <nd ref="13063458860"/>
    <nd ref="3870176579"/>
    <nd ref="13063458859"/>
    <nd ref="6585514600"/>
    <nd ref="1863241254"/>
    <nd ref="3870176578"/>
    <nd ref="13063458861"/>
    <nd ref="6586340226"/>
    <nd ref="1863241279"/>
    <tag k="destination" v="بلوار عزیزی"/>
    <tag k="highway" v="trunk_link"/>
    <tag k="lane_markings" v="no"/>
    <tag k="oneway" v="yes"/>
    <tag k="surface" v="asphalt"/>
  </way>
  <way id="175770931">
    <nd ref="1863241151"/>
    <nd ref="4423431951"/>
    <nd ref="1863241148"/>
    <nd ref="7236335146"/>
    <nd ref="7215530188"/>
    <nd ref="4679653907"/>
    <nd ref="13040767183"/>
    <nd ref="13063458890"/>
    <nd ref="1863241154"/>
    <tag k="destination" v="استاد معین"/>
    <tag k="highway" v="secondary"/>
    <tag k="lanes" v="1"/>
    <tag k="lit" v="yes"/>
    <tag k="maxheight" v="4.5"/>
    <tag k="maxspeed" v="50"/>
    <tag k="name" v="کنارگذر آزادی"/>
    <tag k="oneway" v="yes"/>
    <tag k="surface" v="asphalt"/>
  </way>
  <way id="182013296">
    <nd ref="4834021564"/>
    <nd ref="13112560668"/>
    <nd ref="13112560669"/>
    <nd ref="13112560670"/>
    <nd ref="13112560671"/>
    <nd ref="13112560672"/>
    <nd ref="2022797835"/>
    <nd ref="1923580852"/>
    <nd ref="2022797806"/>
    <nd ref="2022797815"/>
    <nd ref="2022797803"/>
    <nd ref="2022797822"/>
    <nd ref="2022791799"/>
    <nd ref="2022797834"/>
    <nd ref="2022797837"/>
    <nd ref="2022791813"/>
    <nd ref="1923613953"/>
    <nd ref="1923581103"/>
    <tag k="highway" v="tertiary"/>
    <tag k="lanes" v="2"/>
    <tag k="maxspeed" v="40"/>
    <tag k="name" v="رضا میرقاسمی"/>
    <tag k="oneway" v="yes"/>
    <tag k="surface" v="asphalt"/>
  </way>
  <way id="182328357">
    <nd ref="13204580312"/>
    <nd ref="1926815286"/>
    <nd ref="6586340239"/>
    <nd ref="1926815338"/>
    <nd ref="6586687781"/>
    <nd ref="6586687783"/>
    <nd ref="1926815315"/>
    <nd ref="6380273772"/>
    <nd ref="6380273773"/>
    <nd ref="1926815282"/>
    <nd ref="1926815326"/>
    <tag k="foot" v="yes"/>
    <tag k="highway" v="busway"/>
    <tag k="lane_markings" v="yes"/>
    <tag k="lanes" v="1"/>
    <tag k="lit" v="yes"/>
    <tag k="maxheight" v="4.5"/>
    <tag k="name" v="تندرو پایانه آزادی ـ چهارراه تهرانپارس"/>
    <tag k="name:en" v="BRT 1"/>
    <tag k="oneway" v="yes"/>
    <tag k="surface" v="asphalt"/>
  </way>
  <way id="191693982">
    <nd ref="2022791846"/>
    <nd ref="2022791839"/>
    <tag k="highway" v="residential"/>
    <tag k="maxspeed" v="30"/>
    <tag k="name" v="نورانی"/>
    <tag k="surface" v="asphalt"/>
  </way>
  <way id="191694236">
    <nd ref="1923614067"/>
    <nd ref="4834057767"/>
    <nd ref="13300261459"/>
    <nd ref="11280063825"/>
    <nd ref="2022793988"/>
    <nd ref="2022793989"/>
    <tag k="highway" v="residential"/>
    <tag k="maxspeed" v="30"/>
    <tag k="name" v="محمد شجاعی"/>
    <tag k="oneway" v="yes"/>
    <tag k="surface" v="asphalt"/>
  </way>
  <way id="191694238">
    <nd ref="13112560666"/>
    <nd ref="2022793994"/>
    <nd ref="3883064893"/>
    <nd ref="1923614067"/>
    <tag k="highway" v="residential"/>
    <tag k="maxspeed" v="30"/>
    <tag k="name" v="نوربخش"/>
    <tag k="oneway" v="yes"/>
    <tag k="surface" v="asphalt"/>
  </way>
  <way id="191694359">
    <nd ref="2022797809"/>
    <nd ref="2022797835"/>
    <tag k="highway" v="service"/>
    <tag k="maxspeed" v="30"/>
    <tag k="name" v="اول"/>
    <tag k="service" v="alley"/>
    <tag k="surface" v="asphalt"/>
  </way>
  <way id="192131982">
    <nd ref="4929614016"/>
    <nd ref="2022809708"/>
    <nd ref="2022826229"/>
    <nd ref="2022797825"/>
    <nd ref="2022826230"/>
    <nd ref="2022797827"/>
    <nd ref="4834057771"/>
    <nd ref="2022797823"/>
    <nd ref="4834057769"/>
    <nd ref="2022797820"/>
    <nd ref="1923581043"/>
    <nd ref="1923614067"/>
    <nd ref="13300261460"/>
    <nd ref="13300261461"/>
    <nd ref="13300261462"/>
    <nd ref="1923613929"/>
    <tag k="highway" v="tertiary"/>
    <tag k="maxspeed" v="40"/>
    <tag k="name" v="علی رضایی دهقان"/>
    <tag k="oneway" v="yes"/>
    <tag k="surface" v="asphalt"/>
  </way>
  <way id="192204261">
    <nd ref="4515555809"/>
    <nd ref="13112560679"/>
    <nd ref="2022791817"/>
    <nd ref="2022819914"/>
    <nd ref="6405442442"/>
    <nd ref="2022791801"/>
    <nd ref="2022791823"/>
    <nd ref="4414727396"/>
    <nd ref="2022791815"/>
    <nd ref="2022791811"/>
    <nd ref="4834021566"/>
    <nd ref="6405437109"/>
    <nd ref="4929614125"/>
    <tag k="highway" v="tertiary"/>
    <tag k="maxspeed" v="40"/>
    <tag k="name" v="رجبعلی لعل آخر"/>
    <tag k="name:en" v="La'l Akhar"/>
    <tag k="oneway" v="yes"/>
    <tag k="surface" v="asphalt"/>
  </way>
  <way id="203193641">
    <nd ref="2131738368"/>
    <nd ref="13063458837"/>
    <nd ref="13063458838"/>
    <nd ref="2148639468"/>
    <nd ref="13063458839"/>
    <nd ref="896837768"/>
    <nd ref="873786804"/>
    <nd ref="6585514594"/>
    <nd ref="873786806"/>
    <nd ref="13063458854"/>
    <nd ref="6585514595"/>
    <nd ref="13063458848"/>
    <nd ref="873786807"/>
    <nd ref="10154269625"/>
    <nd ref="2204496779"/>
    <nd ref="2204496679"/>
    <nd ref="873786809"/>
    <nd ref="6585514596"/>
    <nd ref="873786811"/>
    <nd ref="2148639483"/>
    <nd ref="6585514598"/>
    <nd ref="6585514597"/>
    <nd ref="2148639555"/>
    <nd ref="2148639522"/>
    <nd ref="2148639529"/>
    <nd ref="2148639493"/>
    <nd ref="2148639553"/>
    <nd ref="6586340224"/>
    <nd ref="2148639599"/>
    <nd ref="6586340223"/>
    <nd ref="2148639451"/>
    <nd ref="6585514605"/>
    <nd ref="6585514599"/>
    <nd ref="6586340225"/>
    <nd ref="1863241254"/>
    <tag k="full_name" v="بلوار شهید علیرضا عزیزی"/>
    <tag k="highway" v="secondary"/>
    <tag k="lanes" v="3"/>
    <tag k="maxspeed" v="50"/>
    <tag k="name" v="بلوار علیرضا عزیزی"/>
    <tag k="name:en" v="Alireza Azizi Boulevard"/>
    <tag k="oneway" v="yes"/>
    <tag k="ref" v="2167"/>
    <tag k="surface" v="asphalt"/>
  </way>
  <way id="204882885">
    <nd ref="2148639579"/>
    <nd ref="2148639482"/>
    <nd ref="2148639490"/>
    <nd ref="2148639485"/>
    <nd ref="2148639473"/>
    <tag k="access" v="destination"/>
    <tag k="highway" v="service"/>
    <tag k="oneway" v="yes"/>
    <tag k="service" v="parking_aisle"/>
  </way>
  <way id="204882886">
    <nd ref="2148639569"/>
    <nd ref="2148639481"/>
    <tag k="highway" v="service"/>
    <tag k="oneway" v="yes"/>
    <tag k="service" v="parking_aisle"/>
  </way>
  <way id="204882887">
    <nd ref="2148639481"/>
    <nd ref="2148639465"/>
    <nd ref="2148639505"/>
    <nd ref="2148639512"/>
    <nd ref="2148639471"/>
    <nd ref="2148639503"/>
    <tag k="access" v="destination"/>
    <tag k="highway" v="service"/>
    <tag k="oneway" v="yes"/>
    <tag k="service" v="parking_aisle"/>
  </way>
  <way id="204882889">
    <nd ref="2148639575"/>
    <nd ref="2148639491"/>
    <nd ref="2148639549"/>
    <nd ref="2148639472"/>
    <nd ref="2148639543"/>
    <tag k="access" v="destination"/>
    <tag k="highway" v="service"/>
    <tag k="oneway" v="yes"/>
    <tag k="service" v="parking_aisle"/>
  </way>
  <way id="204882893">
    <nd ref="2148639532"/>
    <nd ref="2148639578"/>
    <tag k="access" v="destination"/>
    <tag k="highway" v="service"/>
    <tag k="oneway" v="yes"/>
    <tag k="service" v="parking_aisle"/>
  </way>
  <way id="204882894">
    <nd ref="2148639507"/>
    <nd ref="6586340231"/>
    <nd ref="6586340232"/>
    <nd ref="2148639569"/>
    <tag k="access" v="destination"/>
    <tag k="highway" v="service"/>
    <tag k="oneway" v="yes"/>
  </way>
  <way id="204882895">
    <nd ref="2148639449"/>
    <nd ref="6586340234"/>
    <nd ref="2148639583"/>
    <tag k="access" v="destination"/>
    <tag k="highway" v="service"/>
    <tag k="oneway" v="yes"/>
    <tag k="service" v="parking_aisle"/>
  </way>
  <way id="204882897">
    <nd ref="2148639569"/>
    <nd ref="2148639600"/>
    <nd ref="2148639503"/>
    <nd ref="2148639515"/>
    <tag k="access" v="destination"/>
    <tag k="highway" v="service"/>
    <tag k="oneway" v="yes"/>
    <tag k="service" v="parking_aisle"/>
  </way>
  <way id="204882899">
    <nd ref="2148639459"/>
    <nd ref="2148639570"/>
    <nd ref="2148639526"/>
    <nd ref="2148639457"/>
    <nd ref="2148639495"/>
    <nd ref="2148639565"/>
    <nd ref="2148639601"/>
    <nd ref="2148639449"/>
    <nd ref="2148639571"/>
    <nd ref="2148639575"/>
    <nd ref="2148639467"/>
    <nd ref="2148639516"/>
    <nd ref="2148639515"/>
    <nd ref="2148639494"/>
    <nd ref="2148639520"/>
    <nd ref="2148639594"/>
    <nd ref="2148639592"/>
    <nd ref="2148639539"/>
    <nd ref="2148639459"/>
    <tag k="access" v="destination"/>
    <tag k="highway" v="service"/>
    <tag k="oneway" v="yes"/>
    <tag k="service" v="parking_aisle"/>
  </way>
  <way id="204882900">
    <nd ref="2148639555"/>
    <nd ref="2148639455"/>
    <tag k="highway" v="secondary_link"/>
    <tag k="lane_markings" v="no"/>
    <tag k="surface" v="asphalt"/>
  </way>
  <way id="204882901">
    <nd ref="2148639495"/>
    <nd ref="2148639568"/>
    <tag k="access" v="destination"/>
    <tag k="highway" v="service"/>
    <tag k="oneway" v="yes"/>
    <tag k="service" v="parking_aisle"/>
  </way>
  <way id="204882902">
    <nd ref="2148639598"/>
    <nd ref="2148639591"/>
    <tag k="access" v="destination"/>
    <tag k="highway" v="service"/>
    <tag k="oneway" v="yes"/>
    <tag k="service" v="parking_aisle"/>
  </way>
  <way id="204882904">
    <nd ref="2148639570"/>
    <nd ref="2148639598"/>
    <nd ref="2148639532"/>
    <tag k="access" v="destination"/>
    <tag k="highway" v="service"/>
    <tag k="oneway" v="yes"/>
    <tag k="service" v="parking_aisle"/>
  </way>
  <way id="204882906">
    <nd ref="2148639582"/>
    <nd ref="2148639473"/>
    <nd ref="2148639592"/>
    <tag k="access" v="destination"/>
    <tag k="highway" v="service"/>
    <tag k="oneway" v="yes"/>
    <tag k="service" v="parking_aisle"/>
  </way>
  <way id="210371121">
    <nd ref="2204497050"/>
    <nd ref="2204496739"/>
    <nd ref="2204496724"/>
    <nd ref="2204496702"/>
    <nd ref="2204496694"/>
    <nd ref="2204496696"/>
    <nd ref="2204496708"/>
    <nd ref="10584543210"/>
    <nd ref="2204496728"/>
    <tag k="fixme" v="name"/>
    <tag k="highway" v="residential"/>
    <tag k="lanes" v="2"/>
    <tag k="maxspeed" v="30"/>
    <tag k="name" v="ولیعصر"/>
    <tag k="name:en" v="Valiasr Street"/>
  </way>
  <way id="210371132">
    <nd ref="2204496871"/>
    <nd ref="2204496916"/>
    <tag k="highway" v="living_street"/>
    <tag k="lanes" v="2"/>
  </way>
  <way id="210371142">
    <nd ref="2204496782"/>
    <nd ref="2204496819"/>
    <tag k="highway" v="residential"/>
    <tag k="lanes" v="2"/>
  </way>
  <way id="210371145">
    <nd ref="2204496779"/>
    <nd ref="2204496787"/>
    <tag k="highway" v="secondary_link"/>
    <tag k="lane_markings" v="no"/>
    <tag k="surface" v="asphalt"/>
  </way>
  <way id="210371147">
    <nd ref="2204496684"/>
    <nd ref="2204496735"/>
    <tag k="highway" v="living_street"/>
    <tag k="lanes" v="2"/>
  </way>
  <way id="210371149">
    <nd ref="2204496643"/>
    <nd ref="2204496653"/>
    <tag k="highway" v="living_street"/>
    <tag k="lanes" v="2"/>
    <tag k="surface" v="asphalt"/>
  </way>
  <way id="210371167">
    <nd ref="2204496597"/>
    <nd ref="2204496609"/>
    <tag k="highway" v="living_street"/>
    <tag k="lanes" v="2"/>
    <tag k="surface" v="asphalt"/>
  </way>
  <way id="210375901">
    <nd ref="873786253"/>
    <nd ref="13063458826"/>
    <nd ref="13063458825"/>
    <nd ref="2204536537"/>
    <nd ref="873786254"/>
    <tag k="full_name" v="کوچه شقایق"/>
    <tag k="highway" v="footway"/>
    <tag k="lanes" v="1"/>
    <tag k="name" v="شقایق"/>
    <tag k="name:en" v="Shaqayeq Alley"/>
  </way>
  <way id="320913804">
    <nd ref="3276189887"/>
    <nd ref="3276189888"/>
    <nd ref="3276189890"/>
    <nd ref="3276189889"/>
    <nd ref="3276189887"/>
    <tag k="leisure" v="park"/>
    <tag k="name" v="بوستان تندرستی آینده"/>
  </way>
  <way id="320913805">
    <nd ref="2204496728"/>
    <nd ref="873786189"/>
    <tag k="full_name" v="خیابان اتحاد"/>
    <tag k="highway" v="residential"/>
    <tag k="lanes" v="2"/>
    <tag k="maxspeed" v="30"/>
    <tag k="name" v="اتحاد"/>
    <tag k="name:en" v="Etehad Street"/>
  </way>
  <way id="384953200">
    <nd ref="3883064894"/>
    <nd ref="3883064895"/>
    <nd ref="6586606347"/>
    <nd ref="4515555818"/>
    <nd ref="3883064896"/>
    <nd ref="3883064897"/>
    <nd ref="3883064898"/>
    <nd ref="13300261467"/>
    <nd ref="4515555808"/>
    <tag k="destination" v="آزادی"/>
    <tag k="highway" v="service"/>
    <tag k="oneway" v="yes"/>
    <tag k="service" v="bus"/>
    <tag k="surface" v="concrete"/>
  </way>
  <way id="384953204">
    <nd ref="3883064907"/>
    <nd ref="3883064908"/>
    <nd ref="3883064909"/>
    <nd ref="3883064910"/>
    <nd ref="3883064907"/>
    <tag k="addr:street" v="خیابان آزادی"/>
    <tag k="amenity" v="fuel"/>
    <tag k="building" v="roof"/>
    <tag k="fuel:gasoline" v="yes"/>
    <tag k="fuel:octane_91" v="yes"/>
    <tag k="layer" v="1"/>
    <tag k="name" v="پمپ بنزین و گازوئیل"/>
    <tag k="opening_hours" v="24/7"/>
    <tag k="surface" v="concrete"/>
    <tag k="wheelchair" v="yes"/>
  </way>
  <way id="387347127">
    <nd ref="5861780280"/>
    <nd ref="3906463690"/>
    <nd ref="6586687782"/>
    <nd ref="6586687780"/>
    <nd ref="3906463689"/>
    <nd ref="6586340238"/>
    <nd ref="3906463718"/>
    <nd ref="6586340237"/>
    <nd ref="3906463719"/>
    <nd ref="13204580309"/>
    <nd ref="1863241165"/>
    <tag k="foot" v="yes"/>
    <tag k="highway" v="busway"/>
    <tag k="lanes" v="1"/>
    <tag k="lit" v="yes"/>
    <tag k="maxheight" v="4.5"/>
    <tag k="name" v="تندرو چهارراه تهرانپارس ـ پایانه آزادی"/>
    <tag k="oneway" v="yes"/>
    <tag k="surface" v="asphalt"/>
  </way>
  <way id="441978139">
    <nd ref="1863241232"/>
    <nd ref="1863241242"/>
    <nd ref="5270653768"/>
    <nd ref="1863241251"/>
    <nd ref="6405283902"/>
    <nd ref="1863241260"/>
    <nd ref="2148639476"/>
    <nd ref="5270699562"/>
    <nd ref="4396674610"/>
    <tag k="destination" v="جناح"/>
    <tag k="highway" v="trunk_link"/>
    <tag k="lanes" v="3"/>
    <tag k="oneway" v="yes"/>
    <tag k="surface" v="asphalt"/>
  </way>
  <way id="451502052">
    <nd ref="873786332"/>
    <nd ref="3276191283"/>
    <tag k="full_name" v="کوچه نوریاب"/>
    <tag k="highway" v="residential"/>
    <tag k="lanes" v="2"/>
    <tag k="maxspeed" v="30"/>
    <tag k="name" v="نوریاب شرقی"/>
    <tag k="name:en" v="East Nouryab Alley"/>
  </way>
  <way id="451502053">
    <nd ref="873786343"/>
    <nd ref="5145963205"/>
    <nd ref="4713359508"/>
    <nd ref="5145963204"/>
    <nd ref="2204536539"/>
    <nd ref="4713359510"/>
    <nd ref="873786371"/>
    <tag k="full_name" v="کوچه نوریاب"/>
    <tag k="highway" v="residential"/>
    <tag k="lanes" v="2"/>
    <tag k="maxspeed" v="30"/>
    <tag k="name" v="نوریاب شرقی"/>
    <tag k="name:en" v="East Nouryab Alley"/>
  </way>
  <way id="451502054">
    <nd ref="3319935135"/>
    <nd ref="5145963198"/>
    <nd ref="873786173"/>
    <nd ref="13503890299"/>
    <nd ref="2204536536"/>
    <nd ref="873786441"/>
    <nd ref="5145963203"/>
    <nd ref="873786438"/>
    <tag k="full_name" v="خیابان مسلم حسینمردی"/>
    <tag k="highway" v="residential"/>
    <tag k="lanes" v="2"/>
    <tag k="maxspeed" v="30"/>
    <tag k="name" v="حسینمردی"/>
    <tag k="name:en" v="Hossein Mardi Street"/>
    <tag k="oneway" v="yes"/>
  </way>
  <way id="454729241">
    <nd ref="4512621920"/>
    <nd ref="4512621919"/>
    <nd ref="10255437424"/>
    <nd ref="10255437425"/>
    <nd ref="6585514590"/>
    <nd ref="10255363906"/>
    <nd ref="4512621918"/>
    <nd ref="4512621917"/>
    <nd ref="4512621916"/>
    <nd ref="6585514591"/>
    <nd ref="4512621915"/>
    <nd ref="6585514592"/>
    <nd ref="6585514593"/>
    <nd ref="4512621920"/>
    <tag k="access" v="private"/>
    <tag k="amenity" v="parking"/>
    <tag k="name" v="پایانه اتوبوس BRT"/>
    <tag k="name:en" v="BRT Parking"/>
    <tag k="parking" v="surface"/>
    <tag k="surface" v="asphalt"/>
  </way>
  <way id="455109345">
    <nd ref="1863241082"/>
    <nd ref="1863241115"/>
    <nd ref="6586340290"/>
    <nd ref="13300261471"/>
    <nd ref="13300261472"/>
    <nd ref="1863241125"/>
    <nd ref="3128466138"/>
    <nd ref="6586601668"/>
    <nd ref="1863241129"/>
    <nd ref="1863241130"/>
    <nd ref="5270644286"/>
    <nd ref="3906463717"/>
    <nd ref="1863241145"/>
    <tag k="highway" v="primary"/>
    <tag k="lanes" v="4"/>
    <tag k="lit" v="yes"/>
    <tag k="maxspeed" v="60"/>
    <tag k="name" v="خیابان آزادی"/>
    <tag k="name:en" v="Azadi Street"/>
    <tag k="name:ru" v="улица Азади"/>
    <tag k="old_name" v="خیابان آیزنهاور"/>
    <tag k="old_name:en" v="Eisenhower avenue"/>
    <tag k="old_name:ru" v="авеню Эйзенхауэра"/>
    <tag k="oneway" v="yes"/>
    <tag k="ref" v="146"/>
    <tag k="surface" v="asphalt"/>
    <tag k="wikipedia" v="fa:خیابان آزادی"/>
  </way>
  <way id="455109351">
    <nd ref="4515555816"/>
    <nd ref="4562008509"/>
    <nd ref="6405442445"/>
    <tag k="highway" v="service"/>
    <tag k="name" v="دسترسی به پمپ بنزین"/>
    <tag k="oneway" v="yes"/>
    <tag k="surface" v="asphalt"/>
  </way>
  <way id="455109354">
    <nd ref="3883064899"/>
    <nd ref="3883064900"/>
    <nd ref="6586606348"/>
    <nd ref="13112560677"/>
    <nd ref="3883064901"/>
    <nd ref="13112560678"/>
    <nd ref="3883064902"/>
    <nd ref="4515555809"/>
    <tag k="highway" v="tertiary"/>
    <tag k="lanes" v="1"/>
    <tag k="oneway" v="yes"/>
    <tag k="surface" v="asphalt"/>
  </way>
  <way id="455109356">
    <nd ref="1863241007"/>
    <nd ref="4515555817"/>
    <nd ref="2204511327"/>
    <nd ref="3883064894"/>
    <nd ref="1863241071"/>
    <nd ref="1863241091"/>
    <nd ref="13086881408"/>
    <nd ref="3883064899"/>
    <nd ref="4515555816"/>
    <nd ref="4929614013"/>
    <nd ref="4515555808"/>
    <nd ref="4515555813"/>
    <nd ref="1863241145"/>
    <tag k="destination" v="آزادی"/>
    <tag k="highway" v="trunk_link"/>
    <tag k="lanes" v="3"/>
    <tag k="oneway" v="yes"/>
    <tag k="surface" v="asphalt"/>
  </way>
  <way id="460323997">
    <nd ref="4559976379"/>
    <nd ref="6586340230"/>
    <nd ref="6586340233"/>
    <nd ref="6586340229"/>
    <nd ref="4559976380"/>
    <nd ref="4559976381"/>
    <nd ref="4559976382"/>
    <nd ref="4559976383"/>
    <nd ref="13366625990"/>
    <nd ref="4559976384"/>
    <nd ref="4559976385"/>
    <nd ref="4559976386"/>
    <nd ref="13366625989"/>
    <nd ref="4559976387"/>
    <nd ref="4559976388"/>
    <nd ref="13366625988"/>
    <nd ref="10255437327"/>
    <nd ref="4559976589"/>
    <nd ref="4559976592"/>
    <nd ref="4559976594"/>
    <nd ref="6585514628"/>
    <nd ref="4559976379"/>
    <tag k="amenity" v="taxi"/>
    <tag k="name" v="پایانه شهید نظری"/>
    <tag k="name:en" v="Shahid Nazari Taxi Station"/>
    <tag k="shelter" v="yes"/>
  </way>
  <way id="461961970">
    <nd ref="660627937"/>
    <nd ref="6390530111"/>
    <nd ref="4556779907"/>
    <nd ref="6438071583"/>
    <nd ref="3853324436"/>
    <nd ref="3853324435"/>
    <nd ref="3853324434"/>
    <nd ref="3853324433"/>
    <nd ref="3853324430"/>
    <nd ref="2051420653"/>
    <nd ref="3853324428"/>
    <nd ref="660627262"/>
    <nd ref="5033020760"/>
    <nd ref="5188341404"/>
    <nd ref="4721580443"/>
    <nd ref="660627036"/>
    <nd ref="4721555057"/>
    <nd ref="660627037"/>
    <nd ref="660627038"/>
    <nd ref="4634230601"/>
    <nd ref="4634232734"/>
    <nd ref="11527724759"/>
    <nd ref="5188247276"/>
    <nd ref="3906463682"/>
    <nd ref="3906463683"/>
    <nd ref="4721513208"/>
    <nd ref="660624968"/>
    <nd ref="11652461141"/>
    <nd ref="5162910434"/>
    <nd ref="2169732952"/>
    <nd ref="8998049336"/>
    <nd ref="7043423958"/>
    <nd ref="8483110667"/>
    <nd ref="4452444057"/>
    <nd ref="9465977116"/>
    <nd ref="654081655"/>
    <nd ref="2203911344"/>
    <nd ref="4558309639"/>
    <nd ref="2120235181"/>
    <nd ref="2169732984"/>
    <nd ref="2169732950"/>
    <nd ref="11934929948"/>
    <nd ref="11903749759"/>
    <nd ref="11859810274"/>
    <nd ref="3930789262"/>
    <nd ref="1869939249"/>
    <nd ref="2169732935"/>
    <tag k="layer" v="-2"/>
    <tag k="loc_ref:fa" v="خط ۴"/>
    <tag k="name" v="خط ۴"/>
    <tag k="name:en" v="Line 4"/>
    <tag k="railway" v="subway"/>
    <tag k="tunnel" v="yes"/>
  </way>
  <way id="462660404">
    <nd ref="4580331807"/>
    <nd ref="4580331806"/>
    <nd ref="4580331805"/>
    <nd ref="4580331804"/>
    <nd ref="4580331807"/>
    <tag k="amenity" v="police"/>
    <tag k="building" v="office"/>
    <tag k="name" v="ایستگاه پلیس کلانتری ۱۱۸ ستارخان"/>
    <tag k="wheelchair" v="no"/>
  </way>
  <way id="463089634">
    <nd ref="4584020951"/>
    <nd ref="4584020952"/>
    <nd ref="4584020953"/>
    <nd ref="6586340228"/>
    <nd ref="4584020954"/>
    <nd ref="4584020956"/>
    <nd ref="4584020951"/>
    <tag k="landuse" v="grass"/>
  </way>
  <way id="463090384">
    <nd ref="4584026915"/>
    <nd ref="4584026916"/>
    <nd ref="4584026917"/>
    <nd ref="4584026918"/>
    <nd ref="4584026919"/>
    <nd ref="4584026920"/>
    <nd ref="4584026921"/>
    <nd ref="4584026922"/>
    <nd ref="4584026923"/>
    <nd ref="4584026924"/>
    <nd ref="4584026926"/>
    <nd ref="4584026927"/>
    <nd ref="6585514601"/>
    <nd ref="4584026928"/>
    <nd ref="6585514604"/>
    <nd ref="6585514603"/>
    <nd ref="6585514602"/>
    <nd ref="6586340221"/>
    <nd ref="4584026929"/>
    <nd ref="6586340222"/>
    <nd ref="4584026930"/>
    <nd ref="4584026915"/>
    <tag k="landuse" v="grass"/>
  </way>
  <way id="463090385">
    <nd ref="4584026931"/>
    <nd ref="4584026932"/>
    <nd ref="4584026933"/>
    <nd ref="4584026934"/>
    <nd ref="6586340214"/>
    <nd ref="6586340215"/>
    <nd ref="6586340213"/>
    <nd ref="4584026935"/>
    <nd ref="6586340216"/>
    <nd ref="4584026936"/>
    <nd ref="6586340217"/>
    <nd ref="4584026937"/>
    <nd ref="4584026938"/>
    <nd ref="6586340206"/>
    <nd ref="6586340207"/>
    <nd ref="6586340208"/>
    <nd ref="6586340209"/>
    <nd ref="6586340210"/>
    <nd ref="6586340205"/>
    <nd ref="4584026939"/>
    <nd ref="6586340212"/>
    <nd ref="6586340211"/>
    <nd ref="4584026940"/>
    <nd ref="4584026941"/>
    <nd ref="4584026942"/>
    <nd ref="4584026931"/>
    <tag k="landuse" v="grass"/>
  </way>
  <way id="463090386">
    <nd ref="4584026943"/>
    <nd ref="4584026944"/>
    <nd ref="4584026945"/>
    <nd ref="4584026946"/>
    <nd ref="4584026947"/>
    <nd ref="4584026948"/>
    <nd ref="6405437094"/>
    <nd ref="4584026949"/>
    <nd ref="6405437095"/>
    <nd ref="4584026950"/>
    <nd ref="4584026951"/>
    <nd ref="6405437093"/>
    <nd ref="4584026952"/>
    <nd ref="4584026953"/>
    <nd ref="6405437092"/>
    <nd ref="4584026954"/>
    <nd ref="4584026955"/>
    <nd ref="4584026956"/>
    <nd ref="4584026943"/>
    <tag k="landuse" v="grass"/>
  </way>
  <way id="463090387">
    <nd ref="4584026957"/>
    <nd ref="4584026958"/>
    <nd ref="4584026959"/>
    <nd ref="4584026960"/>
    <nd ref="4584026961"/>
    <nd ref="4584026962"/>
    <nd ref="4584026963"/>
    <nd ref="4584026964"/>
    <nd ref="13604926206"/>
    <nd ref="6405273440"/>
    <nd ref="4584026965"/>
    <nd ref="4584026966"/>
    <nd ref="4584026967"/>
    <nd ref="4584026968"/>
    <nd ref="4584026969"/>
    <nd ref="4584026957"/>
    <tag k="landuse" v="grass"/>
  </way>
  <way id="463090942">
    <nd ref="4583999099"/>
    <nd ref="4583999100"/>
    <nd ref="4583999102"/>
    <nd ref="4583999103"/>
    <nd ref="4583999104"/>
    <nd ref="4583999105"/>
    <nd ref="6585514636"/>
    <nd ref="4583999106"/>
    <nd ref="4583999107"/>
    <nd ref="4583999108"/>
    <nd ref="4583999109"/>
    <nd ref="4583999110"/>
    <nd ref="4583999111"/>
    <nd ref="6585514637"/>
    <nd ref="4583999112"/>
    <nd ref="4583999099"/>
    <tag k="landuse" v="grass"/>
  </way>
  <way id="469770778">
    <nd ref="4421793432"/>
    <nd ref="4692553271"/>
    <nd ref="8855518865"/>
    <nd ref="25920966"/>
    <nd ref="2155881866"/>
    <nd ref="1926815277"/>
    <nd ref="7215508845"/>
    <nd ref="6586702288"/>
    <nd ref="4421793431"/>
    <nd ref="873786463"/>
    <nd ref="873786438"/>
    <nd ref="873786332"/>
    <nd ref="4423431952"/>
    <nd ref="4644059516"/>
    <nd ref="4644059515"/>
    <nd ref="6405273442"/>
    <tag k="destination" v="حبیب الله-اکبری"/>
    <tag k="highway" v="secondary"/>
    <tag k="lit" v="yes"/>
    <tag k="maxheight" v="4.5"/>
    <tag k="maxspeed" v="50"/>
    <tag k="name" v="کنارگذر آزادی"/>
    <tag k="oneway" v="yes"/>
    <tag k="surface" v="asphalt"/>
  </way>
  <way id="529788257">
    <nd ref="8175888774"/>
    <nd ref="13503915001"/>
    <nd ref="13503915002"/>
    <nd ref="13503915003"/>
    <nd ref="13503915004"/>
    <nd ref="13503915005"/>
    <nd ref="13503915006"/>
    <nd ref="873786104"/>
    <nd ref="2204536542"/>
    <nd ref="13503915007"/>
    <nd ref="873785980"/>
    <tag k="highway" v="residential"/>
    <tag k="lanes" v="2"/>
    <tag k="name" v="بیگ محمدلو"/>
    <tag k="old_name" v="خیابان نورگاه"/>
    <tag k="oneway" v="no"/>
  </way>
  <way id="544306451">
    <nd ref="5268675529"/>
    <nd ref="5268660975"/>
    <nd ref="5268676213"/>
    <nd ref="5268675411"/>
    <nd ref="5268678563"/>
    <nd ref="5268678290"/>
    <nd ref="5268676212"/>
    <nd ref="5268678773"/>
    <nd ref="5268677550"/>
    <nd ref="5268678270"/>
    <nd ref="5268677183"/>
    <nd ref="5268677552"/>
    <nd ref="5268697764"/>
    <nd ref="5270366650"/>
    <nd ref="5268774402"/>
    <nd ref="5268698314"/>
    <nd ref="5268678271"/>
    <nd ref="5268677548"/>
    <nd ref="5268675539"/>
    <nd ref="5268677549"/>
    <nd ref="5268678289"/>
    <nd ref="5268676211"/>
    <nd ref="5268678772"/>
    <nd ref="5268678275"/>
    <nd ref="5268677555"/>
    <nd ref="5268678771"/>
    <nd ref="5268675412"/>
    <nd ref="5268678274"/>
    <nd ref="5268677554"/>
    <nd ref="5268678770"/>
    <nd ref="5268678273"/>
    <nd ref="5268657766"/>
    <nd ref="5268678272"/>
    <nd ref="5268677829"/>
    <nd ref="5268674855"/>
    <nd ref="5268677828"/>
    <nd ref="5268677878"/>
    <nd ref="5268697766"/>
    <nd ref="5268697762"/>
    <nd ref="5268697765"/>
    <nd ref="5268657765"/>
    <nd ref="5268677547"/>
    <nd ref="5268677551"/>
    <nd ref="5268677184"/>
    <nd ref="5268675541"/>
    <nd ref="5268678565"/>
    <nd ref="5268675540"/>
    <nd ref="5268678564"/>
    <nd ref="5268675529"/>
    <tag k="highway" v="footway"/>
    <tag k="surface" v="paving_stones"/>
  </way>
  <way id="544349668">
    <nd ref="5262152908"/>
    <nd ref="5262549485"/>
  </way>
  <way id="544349719">
    <nd ref="5262152908"/>
    <nd ref="5262549486"/>
  </way>
  <way id="544359524">
    <nd ref="5262230038"/>
    <nd ref="5262229064"/>
    <nd ref="5262229063"/>
    <nd ref="5262532790"/>
    <nd ref="5262229884"/>
    <nd ref="5262229743"/>
    <nd ref="5262229669"/>
    <nd ref="5262229742"/>
    <nd ref="5262229883"/>
    <nd ref="5262533112"/>
    <nd ref="5262214326"/>
    <nd ref="5262229061"/>
    <nd ref="5262230038"/>
    <tag k="building:part" v="yes"/>
    <tag k="height" v="63"/>
    <tag k="min_height" v="60"/>
    <tag k="roof:shape" v="dome"/>
  </way>
  <way id="544399548">
    <nd ref="5262536429"/>
    <nd ref="5262532425"/>
  </way>
  <way id="544399570">
    <nd ref="5262534472"/>
    <nd ref="5262536429"/>
  </way>
  <way id="544399578">
    <nd ref="5262538857"/>
    <nd ref="5262534472"/>
  </way>
  <way id="544399608">
    <nd ref="5262541484"/>
    <nd ref="5262538857"/>
  </way>
  <way id="544399621">
    <nd ref="5262543667"/>
    <nd ref="5262541484"/>
  </way>
  <way id="544399622">
    <nd ref="5262547904"/>
    <nd ref="5262543667"/>
  </way>
  <way id="544399625">
    <nd ref="5262550534"/>
    <nd ref="5262547904"/>
  </way>
  <way id="544399626">
    <nd ref="5262551793"/>
    <nd ref="5262550534"/>
  </way>
  <way id="544399629">
    <nd ref="5262554737"/>
    <nd ref="5262551793"/>
  </way>
  <way id="544399642">
    <nd ref="5262555849"/>
    <nd ref="5262554737"/>
  </way>
  <way id="544399683">
    <nd ref="5262556619"/>
    <nd ref="5262555849"/>
  </way>
  <way id="544399713">
    <nd ref="5262557025"/>
    <nd ref="5262556619"/>
  </way>
  <way id="544399748">
    <nd ref="5262558262"/>
    <nd ref="5262557025"/>
  </way>
  <way id="544399786">
    <nd ref="5262558169"/>
    <nd ref="5262558262"/>
  </way>
  <way id="544399938">
    <nd ref="5262538562"/>
    <nd ref="5262537449"/>
  </way>
  <way id="544399940">
    <nd ref="5262538203"/>
    <nd ref="5262538562"/>
  </way>
  <way id="544399964">
    <nd ref="5262543668"/>
    <nd ref="5262538203"/>
  </way>
  <way id="544399994">
    <nd ref="5262548133"/>
    <nd ref="5262543668"/>
  </way>
  <way id="544399996">
    <nd ref="5262550010"/>
    <nd ref="5262548133"/>
  </way>
  <way id="544399998">
    <nd ref="5262552952"/>
    <nd ref="5262550010"/>
  </way>
  <way id="544400001">
    <nd ref="5262554175"/>
    <nd ref="5262552952"/>
  </way>
  <way id="544400003">
    <nd ref="5262555749"/>
    <nd ref="5262554175"/>
  </way>
  <way id="544400006">
    <nd ref="5262556417"/>
    <nd ref="5262555749"/>
  </way>
  <way id="544400014">
    <nd ref="5262556817"/>
    <nd ref="5262556417"/>
  </way>
  <way id="544400027">
    <nd ref="5262557980"/>
    <nd ref="5262556817"/>
  </way>
  <way id="544400029">
    <nd ref="5262554212"/>
    <nd ref="5262557980"/>
  </way>
  <way id="544400207">
    <nd ref="5262537711"/>
    <nd ref="5262533267"/>
  </way>
  <way id="544400225">
    <nd ref="5262538858"/>
    <nd ref="5262537711"/>
  </way>
  <way id="544400227">
    <nd ref="5262541485"/>
    <nd ref="5262538858"/>
  </way>
  <way id="544400228">
    <nd ref="5262544937"/>
    <nd ref="5262541485"/>
  </way>
  <way id="544400230">
    <nd ref="5262543693"/>
    <nd ref="5262544937"/>
  </way>
  <way id="544400236">
    <nd ref="5262550535"/>
    <nd ref="5262543693"/>
  </way>
  <way id="544400238">
    <nd ref="5262553230"/>
    <nd ref="5262550535"/>
  </way>
  <way id="544400242">
    <nd ref="5262553251"/>
    <nd ref="5262553230"/>
  </way>
  <way id="544400244">
    <nd ref="5262555750"/>
    <nd ref="5262553251"/>
  </way>
  <way id="544400246">
    <nd ref="5262556620"/>
    <nd ref="5262555750"/>
  </way>
  <way id="544400248">
    <nd ref="5262556827"/>
    <nd ref="5262556620"/>
  </way>
  <way id="544400252">
    <nd ref="5262558263"/>
    <nd ref="5262556827"/>
  </way>
  <way id="544400254">
    <nd ref="5262558170"/>
    <nd ref="5262558263"/>
  </way>
  <way id="544400304">
    <nd ref="5262537713"/>
    <nd ref="5262533627"/>
  </way>
  <way id="544400313">
    <nd ref="5262542190"/>
    <nd ref="5262538859"/>
  </way>
  <way id="544400315">
    <nd ref="5262543670"/>
    <nd ref="5262542190"/>
  </way>
  <way id="544400321">
    <nd ref="5262547906"/>
    <nd ref="5262543670"/>
  </way>
  <way id="544400343">
    <nd ref="5262547987"/>
    <nd ref="5262547906"/>
  </way>
  <way id="544400379">
    <nd ref="5262553232"/>
    <nd ref="5262547987"/>
  </way>
  <way id="544400389">
    <nd ref="5262554177"/>
    <nd ref="5262553232"/>
  </way>
  <way id="544400391">
    <nd ref="5262555753"/>
    <nd ref="5262554177"/>
  </way>
  <way id="544400393">
    <nd ref="5262556821"/>
    <nd ref="5262555753"/>
  </way>
  <way id="544400397">
    <nd ref="5262556227"/>
    <nd ref="5262556821"/>
  </way>
  <way id="544400399">
    <nd ref="5262558142"/>
    <nd ref="5262556227"/>
  </way>
  <way id="544400401">
    <nd ref="5262558171"/>
    <nd ref="5262558142"/>
  </way>
  <way id="544400473">
    <nd ref="5262537448"/>
    <nd ref="5262532840"/>
  </way>
  <way id="544400475">
    <nd ref="5262538555"/>
    <nd ref="5262537448"/>
  </way>
  <way id="544400476">
    <nd ref="5262538202"/>
    <nd ref="5262538555"/>
  </way>
  <way id="544400478">
    <nd ref="5262544935"/>
    <nd ref="5262538202"/>
  </way>
  <way id="544400480">
    <nd ref="5262538435"/>
    <nd ref="5262544935"/>
  </way>
  <way id="544400482">
    <nd ref="5262229883"/>
    <nd ref="5262538435"/>
  </way>
  <way id="544400483">
    <nd ref="5262552950"/>
    <nd ref="5262229883"/>
  </way>
  <way id="544400489">
    <nd ref="5262553913"/>
    <nd ref="5262552950"/>
  </way>
  <way id="544400490">
    <nd ref="5262214326"/>
    <nd ref="5262553913"/>
  </way>
  <way id="544400492">
    <nd ref="5262556416"/>
    <nd ref="5262214326"/>
  </way>
  <way id="544400495">
    <nd ref="5262556816"/>
    <nd ref="5262556416"/>
  </way>
  <way id="544400501">
    <nd ref="5262557979"/>
    <nd ref="5262556816"/>
  </way>
  <way id="544400504">
    <nd ref="5262558466"/>
    <nd ref="5262557979"/>
  </way>
  <way id="544400551">
    <nd ref="5262537716"/>
    <nd ref="5262533631"/>
  </way>
  <way id="544400553">
    <nd ref="5262538860"/>
    <nd ref="5262537716"/>
  </way>
  <way id="544400564">
    <nd ref="5262542191"/>
    <nd ref="5262538860"/>
  </way>
  <way id="544400567">
    <nd ref="5262544940"/>
    <nd ref="5262542191"/>
  </way>
  <way id="544400570">
    <nd ref="5262547988"/>
    <nd ref="5262229742"/>
  </way>
  <way id="544400571">
    <nd ref="5262552974"/>
    <nd ref="5262547988"/>
  </way>
  <way id="544400574">
    <nd ref="5262552786"/>
    <nd ref="5262552974"/>
  </way>
  <way id="544400576">
    <nd ref="5262555756"/>
    <nd ref="5262552786"/>
  </way>
  <way id="544400578">
    <nd ref="5262229061"/>
    <nd ref="5262555756"/>
  </way>
  <way id="544400580">
    <nd ref="5262557078"/>
    <nd ref="5262229061"/>
  </way>
  <way id="544400587">
    <nd ref="5262558143"/>
    <nd ref="5262557078"/>
  </way>
  <way id="544400591">
    <nd ref="5262558172"/>
    <nd ref="5262558143"/>
  </way>
  <way id="544400738">
    <nd ref="5262544941"/>
    <nd ref="5262538910"/>
  </way>
  <way id="544400740">
    <nd ref="5262548887"/>
    <nd ref="5262544941"/>
  </way>
  <way id="544400742">
    <nd ref="5262550537"/>
    <nd ref="5262548887"/>
  </way>
  <way id="544400744">
    <nd ref="5262547912"/>
    <nd ref="5262550537"/>
  </way>
  <way id="544400746">
    <nd ref="5262552787"/>
    <nd ref="5262547912"/>
  </way>
  <way id="544400751">
    <nd ref="5262555851"/>
    <nd ref="5262552787"/>
  </way>
  <way id="544400752">
    <nd ref="5262556813"/>
    <nd ref="5262555851"/>
  </way>
  <way id="544400769">
    <nd ref="5262557079"/>
    <nd ref="5262556813"/>
  </way>
  <way id="544400782">
    <nd ref="5262558266"/>
    <nd ref="5262557079"/>
  </way>
  <way id="544400784">
    <nd ref="5262558173"/>
    <nd ref="5262558266"/>
  </way>
  <way id="544400868">
    <nd ref="5262543652"/>
    <nd ref="5262536515"/>
  </way>
  <way id="544400870">
    <nd ref="5262544942"/>
    <nd ref="5262543652"/>
  </way>
  <way id="544400872">
    <nd ref="5262548889"/>
    <nd ref="5262544942"/>
  </way>
  <way id="544400875">
    <nd ref="5262553236"/>
    <nd ref="5262551730"/>
  </way>
  <way id="544400883">
    <nd ref="5262552789"/>
    <nd ref="5262553236"/>
  </way>
  <way id="544400903">
    <nd ref="5262549454"/>
    <nd ref="5262552789"/>
  </way>
  <way id="544400912">
    <nd ref="5262556502"/>
    <nd ref="5262549454"/>
  </way>
  <way id="544400914">
    <nd ref="5262557324"/>
    <nd ref="5262556502"/>
  </way>
  <way id="544400916">
    <nd ref="5262557985"/>
    <nd ref="5262557324"/>
  </way>
  <way id="544400918">
    <nd ref="5262558174"/>
    <nd ref="5262557985"/>
  </way>
  <way id="544400976">
    <nd ref="5262536506"/>
    <nd ref="5262534411"/>
  </way>
  <way id="544400978">
    <nd ref="5262540811"/>
    <nd ref="5262536506"/>
  </way>
  <way id="544400980">
    <nd ref="5262543592"/>
    <nd ref="5262540811"/>
  </way>
  <way id="544400993">
    <nd ref="5262544219"/>
    <nd ref="5262543592"/>
  </way>
  <way id="544400994">
    <nd ref="5262229743"/>
    <nd ref="5262544219"/>
  </way>
  <way id="544400996">
    <nd ref="5262551650"/>
    <nd ref="5262229743"/>
  </way>
  <way id="544400998">
    <nd ref="5262553238"/>
    <nd ref="5262551650"/>
  </way>
  <way id="544401001">
    <nd ref="5262554179"/>
    <nd ref="5262553238"/>
  </way>
  <way id="544401002">
    <nd ref="5262549456"/>
    <nd ref="5262554179"/>
  </way>
  <way id="544401005">
    <nd ref="5262229064"/>
    <nd ref="5262549456"/>
  </way>
  <way id="544401006">
    <nd ref="5262557210"/>
    <nd ref="5262229064"/>
  </way>
  <way id="544401037">
    <nd ref="5262558145"/>
    <nd ref="5262557210"/>
  </way>
  <way id="544401038">
    <nd ref="5262558759"/>
    <nd ref="5262558145"/>
  </way>
  <way id="544401041">
    <nd ref="5262559851"/>
    <nd ref="5262558759"/>
  </way>
  <way id="544401113">
    <nd ref="5262537507"/>
    <nd ref="5262534438"/>
  </way>
  <way id="544401158">
    <nd ref="5262543593"/>
    <nd ref="5262538165"/>
  </way>
  <way id="544401174">
    <nd ref="5262544997"/>
    <nd ref="5262543593"/>
  </way>
  <way id="544401220">
    <nd ref="5262548898"/>
    <nd ref="5262544997"/>
  </way>
  <way id="544401232">
    <nd ref="5262229884"/>
    <nd ref="5262548898"/>
  </way>
  <way id="544401235">
    <nd ref="5262553245"/>
    <nd ref="5262229884"/>
  </way>
  <way id="544401238">
    <nd ref="5262555508"/>
    <nd ref="5262553245"/>
  </way>
  <way id="544401240">
    <nd ref="5262229063"/>
    <nd ref="5262555508"/>
  </way>
  <way id="544401242">
    <nd ref="5262556815"/>
    <nd ref="5262229063"/>
  </way>
  <way id="544401245">
    <nd ref="5262557224"/>
    <nd ref="5262556815"/>
  </way>
  <way id="544401247">
    <nd ref="5262558146"/>
    <nd ref="5262557224"/>
  </way>
  <way id="544401265">
    <nd ref="5262558569"/>
    <nd ref="5262558146"/>
  </way>
  <way id="544401266">
    <nd ref="5262559184"/>
    <nd ref="5262558569"/>
  </way>
  <way id="544401375">
    <nd ref="5262538367"/>
    <nd ref="5262535609"/>
  </way>
  <way id="544401377">
    <nd ref="5262540812"/>
    <nd ref="5262538367"/>
  </way>
  <way id="544401378">
    <nd ref="5262538912"/>
    <nd ref="5262540812"/>
  </way>
  <way id="544401387">
    <nd ref="5262543676"/>
    <nd ref="5262538912"/>
  </way>
  <way id="544401388">
    <nd ref="5262548899"/>
    <nd ref="5262543676"/>
  </way>
  <way id="544401396">
    <nd ref="5262550539"/>
    <nd ref="5262548899"/>
  </way>
  <way id="544401401">
    <nd ref="5262553246"/>
    <nd ref="5262550539"/>
  </way>
  <way id="544401404">
    <nd ref="5262555509"/>
    <nd ref="5262553246"/>
  </way>
  <way id="544401406">
    <nd ref="5262555645"/>
    <nd ref="5262555509"/>
  </way>
  <way id="544401408">
    <nd ref="5262556923"/>
    <nd ref="5262555645"/>
  </way>
  <way id="544401409">
    <nd ref="5262557110"/>
    <nd ref="5262556923"/>
  </way>
  <way id="544401413">
    <nd ref="5262558269"/>
    <nd ref="5262557110"/>
  </way>
  <way id="544401415">
    <nd ref="5262558760"/>
    <nd ref="5262558269"/>
  </way>
  <way id="544401438">
    <nd ref="5262559853"/>
    <nd ref="5262558760"/>
  </way>
  <way id="544401508">
    <nd ref="5262538532"/>
    <nd ref="5262536257"/>
  </way>
  <way id="544401509">
    <nd ref="5262540813"/>
    <nd ref="5262538532"/>
  </way>
  <way id="544401512">
    <nd ref="5262538913"/>
    <nd ref="5262540813"/>
  </way>
  <way id="544401515">
    <nd ref="5262548902"/>
    <nd ref="5262536520"/>
  </way>
  <way id="544401532">
    <nd ref="5262551652"/>
    <nd ref="5262548902"/>
  </way>
  <way id="544401534">
    <nd ref="5262553904"/>
    <nd ref="5262551652"/>
  </way>
  <way id="544401537">
    <nd ref="5262555621"/>
    <nd ref="5262553904"/>
  </way>
  <way id="544401541">
    <nd ref="5262555759"/>
    <nd ref="5262555621"/>
  </way>
  <way id="544401543">
    <nd ref="5262554202"/>
    <nd ref="5262555759"/>
  </way>
  <way id="544401546">
    <nd ref="5262557344"/>
    <nd ref="5262554202"/>
  </way>
  <way id="544401547">
    <nd ref="5262558342"/>
    <nd ref="5262557344"/>
  </way>
  <way id="544401551">
    <nd ref="5262558761"/>
    <nd ref="5262558342"/>
  </way>
  <way id="544401553">
    <nd ref="5262557261"/>
    <nd ref="5262558761"/>
  </way>
  <way id="544401602">
    <nd ref="5262538395"/>
    <nd ref="5262534448"/>
  </way>
  <way id="544401613">
    <nd ref="5262538167"/>
    <nd ref="5262538395"/>
  </way>
  <way id="544401625">
    <nd ref="5262543595"/>
    <nd ref="5262538167"/>
  </way>
  <way id="544401648">
    <nd ref="5262543691"/>
    <nd ref="5262543595"/>
  </way>
  <way id="544401673">
    <nd ref="5262548904"/>
    <nd ref="5262543691"/>
  </way>
  <way id="544401675">
    <nd ref="5262550540"/>
    <nd ref="5262548904"/>
  </way>
  <way id="544401707">
    <nd ref="5262553906"/>
    <nd ref="5262550540"/>
  </way>
  <way id="544401739">
    <nd ref="5262555622"/>
    <nd ref="5262553906"/>
  </way>
  <way id="544401771">
    <nd ref="5262554181"/>
    <nd ref="5262555622"/>
  </way>
  <way id="544401778">
    <nd ref="5262556101"/>
    <nd ref="5262554181"/>
  </way>
  <way id="544401780">
    <nd ref="5262557212"/>
    <nd ref="5262556101"/>
  </way>
  <way id="544401782">
    <nd ref="5262558148"/>
    <nd ref="5262557212"/>
  </way>
  <way id="544401783">
    <nd ref="5262558586"/>
    <nd ref="5262558148"/>
  </way>
  <way id="544401804">
    <nd ref="5262559189"/>
    <nd ref="5262558586"/>
  </way>
  <way id="544402009">
    <nd ref="5262536182"/>
    <nd ref="5262534450"/>
  </way>
  <way id="544402022">
    <nd ref="5262537510"/>
    <nd ref="5262536182"/>
  </way>
  <way id="544402023">
    <nd ref="5262539094"/>
    <nd ref="5262537510"/>
  </way>
  <way id="544402030">
    <nd ref="5262543656"/>
    <nd ref="5262539094"/>
  </way>
  <way id="544402032">
    <nd ref="5262547901"/>
    <nd ref="5262543656"/>
  </way>
  <way id="544402034">
    <nd ref="5262548907"/>
    <nd ref="5262547901"/>
  </way>
  <way id="544402036">
    <nd ref="5262551734"/>
    <nd ref="5262548907"/>
  </way>
  <way id="544402038">
    <nd ref="5262553248"/>
    <nd ref="5262551734"/>
  </way>
  <way id="544402041">
    <nd ref="5262554182"/>
    <nd ref="5262555623"/>
  </way>
  <way id="544402043">
    <nd ref="5262556825"/>
    <nd ref="5262554182"/>
  </way>
  <way id="544402045">
    <nd ref="5262557476"/>
    <nd ref="5262556825"/>
  </way>
  <way id="544402050">
    <nd ref="5262558275"/>
    <nd ref="5262557476"/>
  </way>
  <way id="544402053">
    <nd ref="5262558185"/>
    <nd ref="5262558275"/>
  </way>
  <way id="544402066">
    <nd ref="5262558685"/>
    <nd ref="5262558185"/>
  </way>
  <way id="544402221">
    <nd ref="5262583766"/>
    <nd ref="5262570966"/>
  </way>
  <way id="544402222">
    <nd ref="5262570966"/>
    <nd ref="5262570970"/>
  </way>
  <way id="544402223">
    <nd ref="5262570970"/>
    <nd ref="5262571406"/>
  </way>
  <way id="544402224">
    <nd ref="5262571406"/>
    <nd ref="5262571666"/>
  </way>
  <way id="544402225">
    <nd ref="5262571561"/>
    <nd ref="5262571666"/>
  </way>
  <way id="544402226">
    <nd ref="5262571958"/>
    <nd ref="5262571561"/>
  </way>
  <way id="544402227">
    <nd ref="5262569486"/>
    <nd ref="5262571958"/>
  </way>
  <way id="544402228">
    <nd ref="5262152909"/>
    <nd ref="5262569486"/>
  </way>
  <way id="544402384">
    <nd ref="5262560407"/>
    <nd ref="5262560179"/>
    <nd ref="5262560398"/>
    <nd ref="5262560850"/>
  </way>
  <way id="544402385">
    <nd ref="5262560635"/>
    <nd ref="5262560407"/>
  </way>
  <way id="544402386">
    <nd ref="5262560212"/>
    <nd ref="5262560635"/>
  </way>
  <way id="544402387">
    <nd ref="5262561096"/>
    <nd ref="5262560212"/>
  </way>
  <way id="544402388">
    <nd ref="5262152414"/>
    <nd ref="5262561096"/>
  </way>
  <way id="544402389">
    <nd ref="5262560886"/>
    <nd ref="5262152414"/>
  </way>
  <way id="544402390">
    <nd ref="5262561004"/>
    <nd ref="5262560886"/>
  </way>
  <way id="544402397">
    <nd ref="5262561006"/>
    <nd ref="5262561004"/>
  </way>
  <way id="544402398">
    <nd ref="5262562321"/>
    <nd ref="5262561006"/>
  </way>
  <way id="544402399">
    <nd ref="5262561684"/>
    <nd ref="5262562321"/>
  </way>
  <way id="544402400">
    <nd ref="5262561689"/>
    <nd ref="5262561684"/>
  </way>
  <way id="544402401">
    <nd ref="5262562398"/>
    <nd ref="5262561689"/>
  </way>
  <way id="544402406">
    <nd ref="5262563757"/>
    <nd ref="5262562398"/>
  </way>
  <way id="544402407">
    <nd ref="5262563760"/>
    <nd ref="5262563757"/>
  </way>
  <way id="544402408">
    <nd ref="5262565021"/>
    <nd ref="5262563760"/>
  </way>
  <way id="544402410">
    <nd ref="5262563938"/>
    <nd ref="5262565021"/>
  </way>
  <way id="544402412">
    <nd ref="5262563941"/>
    <nd ref="5262563938"/>
  </way>
  <way id="544402413">
    <nd ref="5262565631"/>
    <nd ref="5262563941"/>
  </way>
  <way id="544402414">
    <nd ref="5262565605"/>
    <nd ref="5262565631"/>
  </way>
  <way id="544402415">
    <nd ref="5262565657"/>
    <nd ref="5262565605"/>
  </way>
  <way id="544402416">
    <nd ref="5262565027"/>
    <nd ref="5262565657"/>
  </way>
  <way id="544402417">
    <nd ref="5262566144"/>
    <nd ref="5262565027"/>
  </way>
  <way id="544402418">
    <nd ref="5262566334"/>
    <nd ref="5262566144"/>
  </way>
  <way id="544402419">
    <nd ref="5262566821"/>
    <nd ref="5262566334"/>
  </way>
  <way id="544402420">
    <nd ref="5262565680"/>
    <nd ref="5262566821"/>
  </way>
  <way id="544402425">
    <nd ref="5262565685"/>
    <nd ref="5262565680"/>
  </way>
  <way id="544402426">
    <nd ref="5262566678"/>
    <nd ref="5262565685"/>
  </way>
  <way id="544402428">
    <nd ref="5262567122"/>
    <nd ref="5262566678"/>
  </way>
  <way id="544402429">
    <nd ref="5262567125"/>
    <nd ref="5262567122"/>
  </way>
  <way id="544402439">
    <nd ref="5262567316"/>
    <nd ref="5262567125"/>
  </way>
  <way id="544402450">
    <nd ref="5262549467"/>
    <nd ref="5262567316"/>
  </way>
  <way id="544402462">
    <nd ref="5262549470"/>
    <nd ref="5262549467"/>
  </way>
  <way id="544402463">
    <nd ref="5262566690"/>
    <nd ref="5262549470"/>
  </way>
  <way id="544402467">
    <nd ref="5262567072"/>
    <nd ref="5262566690"/>
  </way>
  <way id="544402472">
    <nd ref="5262569445"/>
    <nd ref="5262567072"/>
  </way>
  <way id="544402473">
    <nd ref="5262569660"/>
    <nd ref="5262569445"/>
  </way>
  <way id="544402474">
    <nd ref="5262570101"/>
    <nd ref="5262569660"/>
  </way>
  <way id="544402475">
    <nd ref="5262567819"/>
    <nd ref="5262570101"/>
  </way>
  <way id="544402476">
    <nd ref="5262570116"/>
    <nd ref="5262567819"/>
  </way>
  <way id="544402477">
    <nd ref="5262570824"/>
    <nd ref="5262570116"/>
  </way>
  <way id="544402478">
    <nd ref="5262571235"/>
    <nd ref="5262570824"/>
  </way>
  <way id="544402482">
    <nd ref="5262569478"/>
    <nd ref="5262571235"/>
  </way>
  <way id="544402483">
    <nd ref="5262549477"/>
    <nd ref="5262569478"/>
  </way>
  <way id="544402484">
    <nd ref="5262571408"/>
    <nd ref="5262549477"/>
  </way>
  <way id="544402485">
    <nd ref="5262570851"/>
    <nd ref="5262571408"/>
  </way>
  <way id="544402486">
    <nd ref="5262571672"/>
    <nd ref="5262570851"/>
  </way>
  <way id="544402487">
    <nd ref="5262571962"/>
    <nd ref="5262571672"/>
  </way>
  <way id="544402488">
    <nd ref="5262572360"/>
    <nd ref="5262571962"/>
  </way>
  <way id="544402489">
    <nd ref="5262572619"/>
    <nd ref="5262572360"/>
  </way>
  <way id="544402490">
    <nd ref="5262573124"/>
    <nd ref="5262572619"/>
  </way>
  <way id="544402494">
    <nd ref="5262573278"/>
    <nd ref="5262573124"/>
  </way>
  <way id="544402505">
    <nd ref="5262573309"/>
    <nd ref="5262573278"/>
  </way>
  <way id="544402512">
    <nd ref="5262153230"/>
    <nd ref="5262573309"/>
  </way>
  <way id="544402775">
    <nd ref="5262560850"/>
    <nd ref="5262560210"/>
  </way>
  <way id="544402776">
    <nd ref="5262560210"/>
    <nd ref="5262561093"/>
  </way>
  <way id="544402777">
    <nd ref="5262561093"/>
    <nd ref="5262560860"/>
  </way>
  <way id="544402781">
    <nd ref="5262560860"/>
    <nd ref="5262561099"/>
  </way>
  <way id="544402782">
    <nd ref="5262561099"/>
    <nd ref="5262561101"/>
  </way>
  <way id="544402783">
    <nd ref="5262561101"/>
    <nd ref="5262560680"/>
  </way>
  <way id="544402784">
    <nd ref="5262560680"/>
    <nd ref="5262561005"/>
  </way>
  <way id="544402785">
    <nd ref="5262561005"/>
    <nd ref="5262562025"/>
  </way>
  <way id="544402786">
    <nd ref="5262562025"/>
    <nd ref="5262562026"/>
  </way>
  <way id="544402787">
    <nd ref="5262562026"/>
    <nd ref="5262562563"/>
  </way>
  <way id="544402791">
    <nd ref="5262562563"/>
    <nd ref="5262562397"/>
  </way>
  <way id="544402792">
    <nd ref="5262562397"/>
    <nd ref="5262563928"/>
  </way>
  <way id="544402793">
    <nd ref="5262563928"/>
    <nd ref="5262563931"/>
  </way>
  <way id="544402794">
    <nd ref="5262563931"/>
    <nd ref="5262563762"/>
  </way>
  <way id="544402799">
    <nd ref="5262563762"/>
    <nd ref="5262565023"/>
  </way>
  <way id="544402803">
    <nd ref="5262565023"/>
    <nd ref="5262565597"/>
  </way>
  <way id="544402804">
    <nd ref="5262565597"/>
    <nd ref="5262563943"/>
  </way>
  <way id="544402805">
    <nd ref="5262563943"/>
    <nd ref="5262565633"/>
  </way>
  <way id="544402806">
    <nd ref="5262565633"/>
    <nd ref="5262562083"/>
  </way>
  <way id="544402807">
    <nd ref="5262562083"/>
    <nd ref="5262565659"/>
  </way>
  <way id="544402808">
    <nd ref="5262565659"/>
    <nd ref="5262566315"/>
  </way>
  <way id="544402809">
    <nd ref="5262566315"/>
    <nd ref="5262566333"/>
  </way>
  <way id="544402810">
    <nd ref="5262566333"/>
    <nd ref="5262566168"/>
  </way>
  <way id="544402811">
    <nd ref="5262566168"/>
    <nd ref="5262566355"/>
  </way>
  <way id="544402812">
    <nd ref="5262566355"/>
    <nd ref="5262566784"/>
  </way>
  <way id="544402813">
    <nd ref="5262566784"/>
    <nd ref="5262566787"/>
  </way>
  <way id="544402814">
    <nd ref="5262566787"/>
    <nd ref="5262567121"/>
  </way>
  <way id="544402815">
    <nd ref="5262567121"/>
    <nd ref="5262567124"/>
  </way>
  <way id="544402816">
    <nd ref="5262567124"/>
    <nd ref="5262566681"/>
  </way>
  <way id="544402817">
    <nd ref="5262566681"/>
    <nd ref="5262567318"/>
  </way>
  <way id="544402818">
    <nd ref="5262567318"/>
    <nd ref="5262567320"/>
  </way>
  <way id="544402819">
    <nd ref="5262567320"/>
    <nd ref="5262215844"/>
  </way>
  <way id="544402820">
    <nd ref="5262215844"/>
    <nd ref="5262566692"/>
  </way>
  <way id="544402821">
    <nd ref="5262566692"/>
    <nd ref="5262567748"/>
  </way>
  <way id="544402822">
    <nd ref="5262567748"/>
    <nd ref="5262569659"/>
  </way>
  <way id="544402823">
    <nd ref="5262569659"/>
    <nd ref="5262549472"/>
  </way>
  <way id="544402824">
    <nd ref="5262549472"/>
    <nd ref="5262570107"/>
  </way>
  <way id="544402825">
    <nd ref="5262570107"/>
    <nd ref="5262569449"/>
  </way>
  <way id="544402826">
    <nd ref="5262569449"/>
    <nd ref="5262549475"/>
  </way>
  <way id="544402827">
    <nd ref="5262549475"/>
    <nd ref="5262570828"/>
  </way>
  <way id="544402828">
    <nd ref="5262570828"/>
    <nd ref="5262570967"/>
  </way>
  <way id="544402829">
    <nd ref="5262570967"/>
    <nd ref="5262570971"/>
  </way>
  <way id="544402830">
    <nd ref="5262570971"/>
    <nd ref="5262571549"/>
  </way>
  <way id="544402831">
    <nd ref="5262571549"/>
    <nd ref="5262571667"/>
  </way>
  <way id="544402833">
    <nd ref="5262571562"/>
    <nd ref="5262571667"/>
  </way>
  <way id="544402834">
    <nd ref="5262571679"/>
    <nd ref="5262571562"/>
  </way>
  <way id="544402835">
    <nd ref="5262572359"/>
    <nd ref="5262571679"/>
  </way>
  <way id="544402836">
    <nd ref="5262572363"/>
    <nd ref="5262572359"/>
  </way>
  <way id="544402837">
    <nd ref="5262556271"/>
    <nd ref="5262572363"/>
  </way>
  <way id="544402838">
    <nd ref="5262549485"/>
    <nd ref="5262556271"/>
  </way>
  <way id="544402839">
    <nd ref="5262580818"/>
    <nd ref="5262216701"/>
  </way>
  <way id="544402840">
    <nd ref="5262580948"/>
    <nd ref="5262580818"/>
  </way>
  <way id="544402841">
    <nd ref="5262566858"/>
    <nd ref="5262580948"/>
  </way>
  <way id="544402842">
    <nd ref="5262581158"/>
    <nd ref="5262566858"/>
  </way>
  <way id="544402843">
    <nd ref="5262580838"/>
    <nd ref="5262581158"/>
  </way>
  <way id="544402844">
    <nd ref="5262580192"/>
    <nd ref="5262580838"/>
  </way>
  <way id="544402845">
    <nd ref="5262573169"/>
    <nd ref="5262580192"/>
  </way>
  <way id="544402854">
    <nd ref="5262581015"/>
    <nd ref="5262573169"/>
  </way>
  <way id="544402868">
    <nd ref="5262566859"/>
    <nd ref="5262581015"/>
  </way>
  <way id="544402881">
    <nd ref="5262581179"/>
    <nd ref="5262566859"/>
  </way>
  <way id="544402892">
    <nd ref="5262582432"/>
    <nd ref="5262581179"/>
  </way>
  <way id="544402896">
    <nd ref="5262582514"/>
    <nd ref="5262582432"/>
  </way>
  <way id="544402897">
    <nd ref="5262582518"/>
    <nd ref="5262582514"/>
  </way>
  <way id="544402898">
    <nd ref="5262582852"/>
    <nd ref="5262582518"/>
  </way>
  <way id="544402899">
    <nd ref="5262582858"/>
    <nd ref="5262582852"/>
  </way>
  <way id="544402913">
    <nd ref="5262573167"/>
    <nd ref="5262582858"/>
  </way>
  <way id="544402915">
    <nd ref="5262573320"/>
    <nd ref="5262573167"/>
  </way>
  <way id="544402919">
    <nd ref="5262573516"/>
    <nd ref="5262573320"/>
  </way>
  <way id="544402948">
    <nd ref="5262582861"/>
    <nd ref="5262573495"/>
  </way>
  <way id="544402949">
    <nd ref="5262582853"/>
    <nd ref="5262582861"/>
  </way>
  <way id="544402950">
    <nd ref="5262582607"/>
    <nd ref="5262582853"/>
  </way>
  <way id="544402958">
    <nd ref="5262582515"/>
    <nd ref="5262582607"/>
  </way>
  <way id="544402973">
    <nd ref="5262582515"/>
    <nd ref="5262582433"/>
  </way>
  <way id="544402986">
    <nd ref="5262582433"/>
    <nd ref="5262581180"/>
  </way>
  <way id="544402998">
    <nd ref="5262581180"/>
    <nd ref="5262582323"/>
  </way>
  <way id="544403372">
    <nd ref="5262573315"/>
    <nd ref="5262153323"/>
  </way>
  <way id="544403373">
    <nd ref="5262556273"/>
    <nd ref="5262573315"/>
  </way>
  <way id="544403374">
    <nd ref="5262573518"/>
    <nd ref="5262556273"/>
  </way>
  <way id="544403375">
    <nd ref="5262573722"/>
    <nd ref="5262573518"/>
  </way>
  <way id="544403377">
    <nd ref="5262582856"/>
    <nd ref="5262573722"/>
  </way>
  <way id="544403378">
    <nd ref="5262583025"/>
    <nd ref="5262582856"/>
  </way>
  <way id="544403379">
    <nd ref="5262582606"/>
    <nd ref="5262583025"/>
  </way>
  <way id="544403380">
    <nd ref="5262582513"/>
    <nd ref="5262582606"/>
  </way>
  <way id="544403381">
    <nd ref="5262581174"/>
    <nd ref="5262582513"/>
  </way>
  <way id="544403385">
    <nd ref="5262582456"/>
    <nd ref="5262581174"/>
  </way>
  <way id="544403394">
    <nd ref="5262581725"/>
    <nd ref="5262582456"/>
  </way>
  <way id="544403405">
    <nd ref="5262581162"/>
    <nd ref="5262581725"/>
  </way>
  <way id="544403413">
    <nd ref="5262573760"/>
    <nd ref="5262581162"/>
  </way>
  <way id="544403414">
    <nd ref="5262581008"/>
    <nd ref="5262573760"/>
  </way>
  <way id="544403415">
    <nd ref="5262581548"/>
    <nd ref="5262581008"/>
  </way>
  <way id="544403416">
    <nd ref="5262581531"/>
    <nd ref="5262581548"/>
  </way>
  <way id="544403417">
    <nd ref="5262580951"/>
    <nd ref="5262581531"/>
  </way>
  <way id="544403418">
    <nd ref="5262581145"/>
    <nd ref="5262580951"/>
  </way>
  <way id="544403419">
    <nd ref="5262580499"/>
    <nd ref="5262581145"/>
  </way>
  <way id="544403420">
    <nd ref="5262580585"/>
    <nd ref="5262580499"/>
  </way>
  <way id="544403421">
    <nd ref="5262576180"/>
    <nd ref="5262580585"/>
  </way>
  <way id="544403422">
    <nd ref="5262580442"/>
    <nd ref="5262576180"/>
  </way>
  <way id="544403423">
    <nd ref="5262580526"/>
    <nd ref="5262580442"/>
  </way>
  <way id="544403433">
    <nd ref="5262579962"/>
    <nd ref="5262580526"/>
  </way>
  <way id="544403435">
    <nd ref="5262579956"/>
    <nd ref="5262579962"/>
  </way>
  <way id="544403440">
    <nd ref="5262580121"/>
    <nd ref="5262579956"/>
  </way>
  <way id="544403447">
    <nd ref="5262579953"/>
    <nd ref="5262580121"/>
  </way>
  <way id="544403448">
    <nd ref="5262579745"/>
    <nd ref="5262579953"/>
  </way>
  <way id="544403450">
    <nd ref="5262556278"/>
    <nd ref="5262579745"/>
  </way>
  <way id="544403452">
    <nd ref="5262575792"/>
    <nd ref="5262556278"/>
  </way>
  <way id="544403453">
    <nd ref="5262579437"/>
    <nd ref="5262575792"/>
  </way>
  <way id="544403454">
    <nd ref="5262556276"/>
    <nd ref="5262579437"/>
  </way>
  <way id="544403455">
    <nd ref="5262579323"/>
    <nd ref="5262556276"/>
  </way>
  <way id="544403456">
    <nd ref="5262575019"/>
    <nd ref="5262579323"/>
  </way>
  <way id="544403457">
    <nd ref="5262575015"/>
    <nd ref="5262575019"/>
  </way>
  <way id="544403458">
    <nd ref="5262575009"/>
    <nd ref="5262575015"/>
  </way>
  <way id="544403459">
    <nd ref="5262574996"/>
    <nd ref="5262575009"/>
  </way>
  <way id="544403463">
    <nd ref="5262578936"/>
    <nd ref="5262574996"/>
  </way>
  <way id="544403464">
    <nd ref="5262578623"/>
    <nd ref="5262578936"/>
  </way>
  <way id="544403465">
    <nd ref="5262578341"/>
    <nd ref="5262578623"/>
  </way>
  <way id="544403466">
    <nd ref="5262566856"/>
    <nd ref="5262578341"/>
  </way>
  <way id="544403467">
    <nd ref="5262549504"/>
    <nd ref="5262566856"/>
  </way>
  <way id="544403470">
    <nd ref="5262575575"/>
    <nd ref="5262549504"/>
  </way>
  <way id="544403471">
    <nd ref="5262574697"/>
    <nd ref="5262575575"/>
  </way>
  <way id="544403472">
    <nd ref="5262549500"/>
    <nd ref="5262574697"/>
  </way>
  <way id="544403473">
    <nd ref="5262574662"/>
    <nd ref="5262549500"/>
  </way>
  <way id="544403474">
    <nd ref="5262574850"/>
    <nd ref="5262574662"/>
  </way>
  <way id="544403475">
    <nd ref="5262153171"/>
    <nd ref="5262574850"/>
  </way>
  <way id="544403476">
    <nd ref="5262574362"/>
    <nd ref="5262153171"/>
  </way>
  <way id="544403477">
    <nd ref="5262574359"/>
    <nd ref="5262574362"/>
  </way>
  <way id="544403478">
    <nd ref="5262574356"/>
    <nd ref="5262574359"/>
  </way>
  <way id="544403479">
    <nd ref="5262549491"/>
    <nd ref="5262574356"/>
  </way>
  <way id="544403489">
    <nd ref="5262573774"/>
    <nd ref="5262573771"/>
    <nd ref="5262573843"/>
    <nd ref="5262549491"/>
  </way>
  <way id="544403498">
    <nd ref="5262570312"/>
    <nd ref="5262573774"/>
  </way>
  <way id="544403508">
    <nd ref="5262574824"/>
    <nd ref="5262570312"/>
  </way>
  <way id="544403509">
    <nd ref="5262574847"/>
    <nd ref="5262574824"/>
  </way>
  <way id="544403510">
    <nd ref="5262574849"/>
    <nd ref="5262574847"/>
  </way>
  <way id="544403511">
    <nd ref="5262574851"/>
    <nd ref="5262574849"/>
  </way>
  <way id="544403512">
    <nd ref="5262574663"/>
    <nd ref="5262574851"/>
  </way>
  <way id="544403513">
    <nd ref="5262575535"/>
    <nd ref="5262574663"/>
  </way>
  <way id="544403518">
    <nd ref="5262575569"/>
    <nd ref="5262575535"/>
  </way>
  <way id="544403519">
    <nd ref="5262549502"/>
    <nd ref="5262575569"/>
  </way>
  <way id="544403520">
    <nd ref="5262575775"/>
    <nd ref="5262549502"/>
  </way>
  <way id="544403522">
    <nd ref="5262574988"/>
    <nd ref="5262575775"/>
  </way>
  <way id="544403523">
    <nd ref="5262574994"/>
    <nd ref="5262574988"/>
  </way>
  <way id="544403524">
    <nd ref="5262578624"/>
    <nd ref="5262574994"/>
  </way>
  <way id="544403525">
    <nd ref="5262578626"/>
    <nd ref="5262578624"/>
  </way>
  <way id="544403526">
    <nd ref="5262578345"/>
    <nd ref="5262578626"/>
  </way>
  <way id="544403527">
    <nd ref="5262578630"/>
    <nd ref="5262578345"/>
  </way>
  <way id="544403528">
    <nd ref="5262575016"/>
    <nd ref="5262578630"/>
  </way>
  <way id="544403529">
    <nd ref="5262575020"/>
    <nd ref="5262575016"/>
  </way>
  <way id="544403531">
    <nd ref="5262579325"/>
    <nd ref="5262575020"/>
  </way>
  <way id="544403532">
    <nd ref="5262579330"/>
    <nd ref="5262579325"/>
  </way>
  <way id="544403533">
    <nd ref="5262575789"/>
    <nd ref="5262579330"/>
  </way>
  <way id="544403534">
    <nd ref="5262575793"/>
    <nd ref="5262575789"/>
  </way>
  <way id="544403535">
    <nd ref="5262575796"/>
    <nd ref="5262575793"/>
  </way>
  <way id="544403536">
    <nd ref="5262579747"/>
    <nd ref="5262575796"/>
  </way>
  <way id="544403537">
    <nd ref="5262579762"/>
    <nd ref="5262579747"/>
  </way>
  <way id="544403538">
    <nd ref="5262579960"/>
    <nd ref="5262579762"/>
  </way>
  <way id="544403539">
    <nd ref="5262579957"/>
    <nd ref="5262579960"/>
  </way>
  <way id="544403540">
    <nd ref="5262580075"/>
    <nd ref="5262579957"/>
  </way>
  <way id="544403541">
    <nd ref="5262580439"/>
    <nd ref="5262580075"/>
  </way>
  <way id="544403543">
    <nd ref="5262556280"/>
    <nd ref="5262580439"/>
  </way>
  <way id="544403545">
    <nd ref="5262580583"/>
    <nd ref="5262556280"/>
  </way>
  <way id="544403546">
    <nd ref="5262216701"/>
    <nd ref="5262580583"/>
  </way>
  <way id="544403568">
    <nd ref="5262151565"/>
    <nd ref="5262573516"/>
  </way>
  <way id="544403569">
    <nd ref="5262582862"/>
    <nd ref="5262556272"/>
  </way>
  <way id="544403576">
    <nd ref="5262566895"/>
    <nd ref="5262582862"/>
  </way>
  <way id="544403583">
    <nd ref="5262582849"/>
    <nd ref="5262566895"/>
  </way>
  <way id="544403592">
    <nd ref="5262582604"/>
    <nd ref="5262582849"/>
  </way>
  <way id="544403593">
    <nd ref="5262581176"/>
    <nd ref="5262582604"/>
  </way>
  <way id="544403594">
    <nd ref="5262566894"/>
    <nd ref="5262581176"/>
  </way>
  <way id="544403596">
    <nd ref="5262581169"/>
    <nd ref="5262566894"/>
  </way>
  <way id="544403634">
    <nd ref="5262573517"/>
    <nd ref="5262153091"/>
  </way>
  <way id="544403637">
    <nd ref="5262573721"/>
    <nd ref="5262573517"/>
  </way>
  <way id="544403638">
    <nd ref="5262573759"/>
    <nd ref="5262573721"/>
  </way>
  <way id="544403639">
    <nd ref="5262582865"/>
    <nd ref="5262573759"/>
  </way>
  <way id="544404206">
    <nd ref="5262582323"/>
    <nd ref="5262584221"/>
  </way>
  <way id="544404207">
    <nd ref="5262583768"/>
    <nd ref="5262581169"/>
  </way>
  <way id="544404208">
    <nd ref="5262533111"/>
    <nd ref="5264510100"/>
    <nd ref="5262532789"/>
    <nd ref="5262532835"/>
    <nd ref="5262533110"/>
    <nd ref="5262521861"/>
    <nd ref="5262529875"/>
    <nd ref="5262532834"/>
    <nd ref="5262532788"/>
    <nd ref="6618052131"/>
    <nd ref="5264510168"/>
    <nd ref="5262533109"/>
    <nd ref="5264509012"/>
    <nd ref="5262532787"/>
    <nd ref="5262532833"/>
    <nd ref="5262533108"/>
    <nd ref="5262558609"/>
    <nd ref="5262532423"/>
    <nd ref="5262533103"/>
    <nd ref="5262532785"/>
    <nd ref="5264509479"/>
    <nd ref="5262533111"/>
  </way>
  <way id="544404407">
    <nd ref="5262570968"/>
    <nd ref="5262583767"/>
  </way>
  <way id="544404408">
    <nd ref="5262570836"/>
    <nd ref="5262570968"/>
  </way>
  <way id="544404409">
    <nd ref="5262571550"/>
    <nd ref="5262570836"/>
  </way>
  <way id="544404410">
    <nd ref="5262571668"/>
    <nd ref="5262571550"/>
  </way>
  <way id="544404411">
    <nd ref="5262571563"/>
    <nd ref="5262571668"/>
  </way>
  <way id="544404423">
    <nd ref="5262571680"/>
    <nd ref="5262571563"/>
  </way>
  <way id="544404441">
    <nd ref="5262572078"/>
    <nd ref="5262571680"/>
  </way>
  <way id="544404488">
    <nd ref="5262549487"/>
    <nd ref="5262153223"/>
  </way>
  <way id="544405076">
    <nd ref="5262538165"/>
    <nd ref="5262537507"/>
  </way>
  <way id="544405125">
    <nd ref="5262551730"/>
    <nd ref="5262548889"/>
  </way>
  <way id="544405126">
    <nd ref="5262538910"/>
    <nd ref="5262538565"/>
  </way>
  <way id="544405129">
    <nd ref="5262229742"/>
    <nd ref="5262544940"/>
  </way>
  <way id="544405133">
    <nd ref="5262538859"/>
    <nd ref="5262537713"/>
  </way>
  <way id="544405139">
    <nd ref="5262558185"/>
    <nd ref="5262558586"/>
  </way>
  <way id="544405141">
    <nd ref="5262558275"/>
    <nd ref="5262558148"/>
  </way>
  <way id="544405143">
    <nd ref="5262557476"/>
    <nd ref="5262557212"/>
  </way>
  <way id="544405144">
    <nd ref="5262556825"/>
    <nd ref="5262556101"/>
  </way>
  <way id="544405146">
    <nd ref="5262554182"/>
    <nd ref="5262554181"/>
  </way>
  <way id="544405148">
    <nd ref="5262555623"/>
    <nd ref="5262555622"/>
  </way>
  <way id="544405153">
    <nd ref="5262537713"/>
    <nd ref="5262537711"/>
  </way>
  <way id="544405230">
    <nd ref="5262553248"/>
    <nd ref="5262553906"/>
  </way>
  <way id="544405247">
    <nd ref="5262152908"/>
    <nd ref="5262573309"/>
  </way>
  <way id="544405296">
    <nd ref="5262549485"/>
    <nd ref="5262573278"/>
  </way>
  <way id="544405310">
    <nd ref="5262549486"/>
    <nd ref="5262549485"/>
  </way>
  <way id="544405324">
    <nd ref="5262573128"/>
    <nd ref="5264506420"/>
  </way>
  <way id="544405338">
    <nd ref="5262549487"/>
    <nd ref="5262573128"/>
  </way>
  <way id="544405385">
    <nd ref="5262556271"/>
    <nd ref="5262573124"/>
  </way>
  <way id="544405399">
    <nd ref="5262573125"/>
    <nd ref="5262556271"/>
  </way>
  <way id="544405426">
    <nd ref="5262559631"/>
    <nd ref="5262532787"/>
  </way>
  <way id="544405427">
    <nd ref="5262573126"/>
    <nd ref="5262559631"/>
  </way>
  <way id="544405431">
    <nd ref="5262151566"/>
    <nd ref="5262573121"/>
  </way>
  <way id="544405432">
    <nd ref="5262572363"/>
    <nd ref="5262152909"/>
  </way>
  <way id="544405433">
    <nd ref="5262572619"/>
    <nd ref="5262572363"/>
  </way>
  <way id="544405435">
    <nd ref="5262572359"/>
    <nd ref="5262572360"/>
  </way>
  <way id="544405437">
    <nd ref="5262569486"/>
    <nd ref="5262572359"/>
  </way>
  <way id="544405442">
    <nd ref="5262572522"/>
    <nd ref="5262572078"/>
  </way>
  <way id="544405446">
    <nd ref="5262571679"/>
    <nd ref="5262571962"/>
  </way>
  <way id="544405448">
    <nd ref="5262571958"/>
    <nd ref="5262571679"/>
  </way>
  <way id="544405452">
    <nd ref="5262549483"/>
    <nd ref="5262571680"/>
  </way>
  <way id="544405455">
    <nd ref="5262571562"/>
    <nd ref="5262571672"/>
  </way>
  <way id="544405457">
    <nd ref="5262571561"/>
    <nd ref="5262571562"/>
  </way>
  <way id="544405461">
    <nd ref="5262571677"/>
    <nd ref="5262571563"/>
  </way>
  <way id="544405464">
    <nd ref="5262571667"/>
    <nd ref="5262570851"/>
  </way>
  <way id="544405469">
    <nd ref="5262571666"/>
    <nd ref="5262571667"/>
  </way>
  <way id="544405473">
    <nd ref="5262570294"/>
    <nd ref="5262571668"/>
  </way>
  <way id="544405488">
    <nd ref="5262571549"/>
    <nd ref="5262571408"/>
  </way>
  <way id="544405490">
    <nd ref="5262571406"/>
    <nd ref="5262571549"/>
  </way>
  <way id="544405535">
    <nd ref="5262571552"/>
    <nd ref="5262571550"/>
  </way>
  <way id="544405578">
    <nd ref="5262570971"/>
    <nd ref="5262549477"/>
  </way>
  <way id="544405580">
    <nd ref="5262570970"/>
    <nd ref="5262570971"/>
  </way>
  <way id="544405585">
    <nd ref="5262571405"/>
    <nd ref="5262570836"/>
  </way>
  <way id="544405588">
    <nd ref="5262570967"/>
    <nd ref="5262569478"/>
  </way>
  <way id="544405590">
    <nd ref="5262570966"/>
    <nd ref="5262570967"/>
  </way>
  <way id="544405594">
    <nd ref="5262570833"/>
    <nd ref="5262570968"/>
  </way>
  <way id="544405598">
    <nd ref="5262570828"/>
    <nd ref="5262571235"/>
  </way>
  <way id="544405600">
    <nd ref="5262583766"/>
    <nd ref="5262570828"/>
  </way>
  <way id="544405623">
    <nd ref="5262571239"/>
    <nd ref="5262583767"/>
  </way>
  <way id="544405652">
    <nd ref="5262549475"/>
    <nd ref="5262570824"/>
  </way>
  <way id="544405654">
    <nd ref="5263244997"/>
    <nd ref="5262549475"/>
  </way>
  <way id="544405658">
    <nd ref="5262549476"/>
    <nd ref="5263228309"/>
  </way>
  <way id="544405675">
    <nd ref="5262569449"/>
    <nd ref="5262570116"/>
  </way>
  <way id="544405677">
    <nd ref="5263245908"/>
    <nd ref="5262569449"/>
  </way>
  <way id="544405681">
    <nd ref="5262549473"/>
    <nd ref="5263245951"/>
  </way>
  <way id="544405684">
    <nd ref="5262570107"/>
    <nd ref="5262567819"/>
  </way>
  <way id="544405685">
    <nd ref="5263245946"/>
    <nd ref="5262570107"/>
  </way>
  <way id="544405700">
    <nd ref="5262549472"/>
    <nd ref="5262570101"/>
  </way>
  <way id="544405702">
    <nd ref="5263245016"/>
    <nd ref="5262549472"/>
  </way>
  <way id="544405738">
    <nd ref="5262569659"/>
    <nd ref="5262569660"/>
  </way>
  <way id="544405745">
    <nd ref="5263246021"/>
    <nd ref="5262569659"/>
  </way>
  <way id="544405751">
    <nd ref="5262567748"/>
    <nd ref="5262569445"/>
  </way>
  <way id="544405753">
    <nd ref="5263245949"/>
    <nd ref="5262567748"/>
  </way>
  <way id="544405766">
    <nd ref="5262566692"/>
    <nd ref="5262567072"/>
  </way>
  <way id="544405785">
    <nd ref="5262215844"/>
    <nd ref="5262566690"/>
  </way>
  <way id="544405807">
    <nd ref="5262567320"/>
    <nd ref="5262549470"/>
  </way>
  <way id="544405852">
    <nd ref="5262567318"/>
    <nd ref="5262549467"/>
  </way>
  <way id="544405875">
    <nd ref="5262566681"/>
    <nd ref="5262567316"/>
  </way>
  <way id="544405880">
    <nd ref="5262567124"/>
    <nd ref="5262567125"/>
  </way>
  <way id="544405885">
    <nd ref="5262567121"/>
    <nd ref="5262567122"/>
  </way>
  <way id="544405919">
    <nd ref="5262566787"/>
    <nd ref="5262566678"/>
  </way>
  <way id="544405925">
    <nd ref="5262566784"/>
    <nd ref="5262565685"/>
  </way>
  <way id="544405948">
    <nd ref="5262566355"/>
    <nd ref="5262565680"/>
  </way>
  <way id="544405953">
    <nd ref="5262566168"/>
    <nd ref="5262566821"/>
  </way>
  <way id="544405959">
    <nd ref="5262566333"/>
    <nd ref="5262566334"/>
  </way>
  <way id="544406007">
    <nd ref="5262566315"/>
    <nd ref="5262566144"/>
  </way>
  <way id="544406054">
    <nd ref="5262565659"/>
    <nd ref="5262565027"/>
  </way>
  <way id="544406076">
    <nd ref="5262562083"/>
    <nd ref="5262565657"/>
  </way>
  <way id="544406093">
    <nd ref="5262565633"/>
    <nd ref="5262565605"/>
  </way>
  <way id="544406106">
    <nd ref="5262563943"/>
    <nd ref="5262565631"/>
  </way>
  <way id="544406111">
    <nd ref="5262565597"/>
    <nd ref="5262563941"/>
  </way>
  <way id="544406117">
    <nd ref="5262565023"/>
    <nd ref="5262563938"/>
  </way>
  <way id="544406123">
    <nd ref="5262563762"/>
    <nd ref="5262565021"/>
  </way>
  <way id="544406134">
    <nd ref="5262563931"/>
    <nd ref="5262563760"/>
  </way>
  <way id="544406153">
    <nd ref="5262563928"/>
    <nd ref="5262563757"/>
  </way>
  <way id="544406159">
    <nd ref="5262562397"/>
    <nd ref="5262562398"/>
  </way>
  <way id="544406174">
    <nd ref="5262562563"/>
    <nd ref="5262561689"/>
  </way>
  <way id="544406200">
    <nd ref="5262562026"/>
    <nd ref="5262561684"/>
  </way>
  <way id="544406208">
    <nd ref="5262562025"/>
    <nd ref="5262562321"/>
  </way>
  <way id="544406216">
    <nd ref="5262561005"/>
    <nd ref="5262561006"/>
  </way>
  <way id="544406221">
    <nd ref="5262560680"/>
    <nd ref="5262561004"/>
  </way>
  <way id="544406226">
    <nd ref="5262561101"/>
    <nd ref="5262560886"/>
  </way>
  <way id="544406233">
    <nd ref="5262561099"/>
    <nd ref="5262152414"/>
  </way>
  <way id="544406238">
    <nd ref="5262560860"/>
    <nd ref="5262561096"/>
  </way>
  <way id="544406243">
    <nd ref="5262561093"/>
    <nd ref="5262560212"/>
  </way>
  <way id="544406251">
    <nd ref="5262560210"/>
    <nd ref="5262560635"/>
  </way>
  <way id="544406267">
    <nd ref="5262560850"/>
    <nd ref="5262560407"/>
  </way>
  <way id="544406312">
    <nd ref="5262573315"/>
    <nd ref="5262151565"/>
  </way>
  <way id="544406322">
    <nd ref="5262556273"/>
    <nd ref="5262573516"/>
  </way>
  <way id="544406323">
    <nd ref="5262556274"/>
    <nd ref="5262573516"/>
  </way>
  <way id="544406324">
    <nd ref="5262573318"/>
    <nd ref="5264508507"/>
  </way>
  <way id="544406325">
    <nd ref="5262573318"/>
    <nd ref="5262573517"/>
  </way>
  <way id="544406328">
    <nd ref="5262573518"/>
    <nd ref="5262573320"/>
  </way>
  <way id="544406329">
    <nd ref="5262573165"/>
    <nd ref="5262573721"/>
  </way>
  <way id="544406331">
    <nd ref="5262573721"/>
    <nd ref="5262573166"/>
  </way>
  <way id="544406332">
    <nd ref="5262550009"/>
    <nd ref="5262532789"/>
  </way>
  <way id="544406335">
    <nd ref="5262573165"/>
    <nd ref="5262532785"/>
  </way>
  <way id="544406336">
    <nd ref="5262573495"/>
    <nd ref="5262573167"/>
  </way>
  <way id="544406341">
    <nd ref="5262573722"/>
    <nd ref="5262573167"/>
  </way>
  <way id="544406343">
    <nd ref="5262573759"/>
    <nd ref="5262573168"/>
  </way>
  <way id="544406345">
    <nd ref="5262582856"/>
    <nd ref="5262582858"/>
  </way>
  <way id="544406350">
    <nd ref="5262582861"/>
    <nd ref="5262582858"/>
  </way>
  <way id="544406354">
    <nd ref="5262582865"/>
    <nd ref="5262582862"/>
  </way>
  <way id="544406357">
    <nd ref="5262583025"/>
    <nd ref="5262582852"/>
  </way>
  <way id="544406362">
    <nd ref="5262582853"/>
    <nd ref="5262582852"/>
  </way>
  <way id="544406376">
    <nd ref="5262582613"/>
    <nd ref="5262566895"/>
  </way>
  <way id="544406379">
    <nd ref="5262582606"/>
    <nd ref="5262582518"/>
  </way>
  <way id="544406382">
    <nd ref="5262582607"/>
    <nd ref="5262582518"/>
  </way>
  <way id="544406385">
    <nd ref="5262582850"/>
    <nd ref="5262582849"/>
  </way>
  <way id="544406388">
    <nd ref="5262582513"/>
    <nd ref="5262582514"/>
  </way>
  <way id="544406391">
    <nd ref="5262582514"/>
    <nd ref="5262582515"/>
  </way>
  <way id="544406394">
    <nd ref="5262582604"/>
    <nd ref="5262582605"/>
  </way>
  <way id="544406397">
    <nd ref="5262581174"/>
    <nd ref="5262582432"/>
  </way>
  <way id="544406400">
    <nd ref="5262582432"/>
    <nd ref="5262582433"/>
  </way>
  <way id="544406421">
    <nd ref="5262581176"/>
    <nd ref="5262582455"/>
  </way>
  <way id="544406437">
    <nd ref="5262582456"/>
    <nd ref="5262581179"/>
  </way>
  <way id="544406441">
    <nd ref="5262581179"/>
    <nd ref="5262581180"/>
  </way>
  <way id="544406454">
    <nd ref="5262566894"/>
    <nd ref="5262582512"/>
  </way>
  <way id="544406457">
    <nd ref="5262581725"/>
    <nd ref="5262566859"/>
  </way>
  <way id="544406460">
    <nd ref="5262566859"/>
    <nd ref="5262582323"/>
  </way>
  <way id="544406464">
    <nd ref="5262581169"/>
    <nd ref="5262582430"/>
  </way>
  <way id="544406485">
    <nd ref="5262581162"/>
    <nd ref="5262581015"/>
  </way>
  <way id="544406488">
    <nd ref="5262581015"/>
    <nd ref="5262584221"/>
  </way>
  <way id="544406511">
    <nd ref="5262583768"/>
    <nd ref="5262581017"/>
  </way>
  <way id="544406545">
    <nd ref="5262573169"/>
    <nd ref="5263246234"/>
  </way>
  <way id="544406549">
    <nd ref="5263242809"/>
    <nd ref="5262573763"/>
  </way>
  <way id="544406553">
    <nd ref="5262581008"/>
    <nd ref="5262580192"/>
  </way>
  <way id="544406556">
    <nd ref="5262580192"/>
    <nd ref="5263245968"/>
  </way>
  <way id="544406561">
    <nd ref="5263246128"/>
    <nd ref="5262580849"/>
  </way>
  <way id="544406564">
    <nd ref="5262581548"/>
    <nd ref="5262580838"/>
  </way>
  <way id="544406569">
    <nd ref="5262580838"/>
    <nd ref="5263246132"/>
  </way>
  <way id="544406576">
    <nd ref="5263245913"/>
    <nd ref="5262580190"/>
  </way>
  <way id="544406597">
    <nd ref="5262581531"/>
    <nd ref="5262581158"/>
  </way>
  <way id="544406599">
    <nd ref="5262581158"/>
    <nd ref="5263246235"/>
  </way>
  <way id="544406607">
    <nd ref="5263245964"/>
    <nd ref="5262581547"/>
  </way>
  <way id="544406610">
    <nd ref="5262580951"/>
    <nd ref="5262566858"/>
  </way>
  <way id="544406612">
    <nd ref="5262566858"/>
    <nd ref="5263245969"/>
  </way>
  <way id="544406625">
    <nd ref="5262581145"/>
    <nd ref="5262580948"/>
  </way>
  <way id="544406628">
    <nd ref="5262580948"/>
    <nd ref="5263246133"/>
  </way>
  <way id="544406639">
    <nd ref="5262580499"/>
    <nd ref="5262580818"/>
  </way>
  <way id="544406649">
    <nd ref="5262580585"/>
    <nd ref="5262216701"/>
  </way>
  <way id="544406654">
    <nd ref="5262576180"/>
    <nd ref="5262580583"/>
  </way>
  <way id="544406659">
    <nd ref="5262580442"/>
    <nd ref="5262556280"/>
  </way>
  <way id="544406671">
    <nd ref="5262580526"/>
    <nd ref="5262580439"/>
  </way>
  <way id="544406682">
    <nd ref="5262579962"/>
    <nd ref="5262580075"/>
  </way>
  <way id="544406708">
    <nd ref="5262579956"/>
    <nd ref="5262579957"/>
  </way>
  <way id="544406719">
    <nd ref="5262580121"/>
    <nd ref="5262579960"/>
  </way>
  <way id="544406724">
    <nd ref="5262579953"/>
    <nd ref="5262579762"/>
  </way>
  <way id="544406741">
    <nd ref="5262579745"/>
    <nd ref="5262579747"/>
  </way>
  <way id="544406748">
    <nd ref="5262556278"/>
    <nd ref="5262575796"/>
  </way>
  <way id="544406753">
    <nd ref="5262575792"/>
    <nd ref="5262575793"/>
  </way>
  <way id="544406760">
    <nd ref="5262579437"/>
    <nd ref="5262575789"/>
  </way>
  <way id="544406765">
    <nd ref="5262556276"/>
    <nd ref="5262579330"/>
  </way>
  <way id="544406798">
    <nd ref="5262579323"/>
    <nd ref="5262579325"/>
  </way>
  <way id="544406803">
    <nd ref="5262575019"/>
    <nd ref="5262575020"/>
  </way>
  <way id="544406808">
    <nd ref="5262575015"/>
    <nd ref="5262575016"/>
  </way>
  <way id="544406815">
    <nd ref="5262575009"/>
    <nd ref="5262578630"/>
  </way>
  <way id="544406820">
    <nd ref="5262574996"/>
    <nd ref="5262578345"/>
  </way>
  <way id="544406825">
    <nd ref="5262578936"/>
    <nd ref="5262578626"/>
  </way>
  <way id="544406835">
    <nd ref="5262578623"/>
    <nd ref="5262578624"/>
  </way>
  <way id="544406843">
    <nd ref="5262578341"/>
    <nd ref="5262574994"/>
  </way>
  <way id="544406851">
    <nd ref="5262566856"/>
    <nd ref="5262574988"/>
  </way>
  <way id="544406867">
    <nd ref="5262549504"/>
    <nd ref="5262575775"/>
  </way>
  <way id="544406934">
    <nd ref="5262575575"/>
    <nd ref="5262549502"/>
  </way>
  <way id="544407007">
    <nd ref="5262574697"/>
    <nd ref="5262575569"/>
  </way>
  <way id="544407083">
    <nd ref="5262549500"/>
    <nd ref="5262575535"/>
  </way>
  <way id="544407161">
    <nd ref="5262574662"/>
    <nd ref="5262574663"/>
  </way>
  <way id="544407237">
    <nd ref="5262574850"/>
    <nd ref="5262574851"/>
  </way>
  <way id="544407311">
    <nd ref="5262153171"/>
    <nd ref="5262574849"/>
  </way>
  <way id="544407376">
    <nd ref="5262574362"/>
    <nd ref="5262574847"/>
  </way>
  <way id="544407440">
    <nd ref="5262574359"/>
    <nd ref="5262574824"/>
  </way>
  <way id="544407450">
    <nd ref="5262574356"/>
    <nd ref="5262570312"/>
  </way>
  <way id="544407465">
    <nd ref="5262549491"/>
    <nd ref="5262573774"/>
  </way>
  <way id="544407491">
    <nd ref="5262533114"/>
    <nd ref="5262533251"/>
  </way>
  <way id="544407492">
    <nd ref="5262533115"/>
    <nd ref="6618052130"/>
    <nd ref="5262532424"/>
  </way>
  <way id="544407495">
    <nd ref="5262537449"/>
    <nd ref="5262533265"/>
  </way>
  <way id="544407499">
    <nd ref="5262536428"/>
    <nd ref="5262534420"/>
  </way>
  <way id="544407500">
    <nd ref="5262534452"/>
    <nd ref="5262536580"/>
  </way>
  <way id="544407501">
    <nd ref="5262555623"/>
    <nd ref="5262553248"/>
  </way>
  <way id="544407505">
    <nd ref="5262536520"/>
    <nd ref="5262538913"/>
  </way>
  <way id="544407722">
    <nd ref="5262549489"/>
    <nd ref="5262153223"/>
  </way>
  <way id="544407730">
    <nd ref="5262152912"/>
    <nd ref="5262153230"/>
  </way>
  <way id="544407731">
    <nd ref="5262150776"/>
    <nd ref="5262153323"/>
  </way>
  <way id="544407732">
    <nd ref="5262153091"/>
    <nd ref="5262573515"/>
  </way>
  <way id="544407741">
    <nd ref="5262573517"/>
    <nd ref="5262573319"/>
  </way>
  <way id="544407748">
    <nd ref="5262573519"/>
    <nd ref="5262573320"/>
  </way>
  <way id="544407857">
    <nd ref="5262556272"/>
    <nd ref="5262573759"/>
  </way>
  <way id="544411216">
    <nd ref="5262555747"/>
    <nd ref="5262216702"/>
  </way>
  <way id="544411218">
    <nd ref="5262556272"/>
    <nd ref="5264281792"/>
  </way>
  <way id="544411219">
    <nd ref="5262573165"/>
    <nd ref="5262556272"/>
  </way>
  <way id="544411233">
    <nd ref="5262573318"/>
    <nd ref="5262573165"/>
  </way>
  <way id="544411234">
    <nd ref="5262153091"/>
    <nd ref="5262573318"/>
  </way>
  <way id="544411235">
    <nd ref="5262150776"/>
    <nd ref="5262153091"/>
  </way>
  <way id="544411318">
    <nd ref="5262153223"/>
    <nd ref="5262152912"/>
  </way>
  <way id="544411324">
    <nd ref="5262573128"/>
    <nd ref="5262153223"/>
  </way>
  <way id="544411325">
    <nd ref="5262559631"/>
    <nd ref="5262573128"/>
  </way>
  <way id="544411326">
    <nd ref="5262151566"/>
    <nd ref="5262559631"/>
  </way>
  <way id="544411327">
    <nd ref="5262559630"/>
    <nd ref="5264288939"/>
  </way>
  <way id="544411329">
    <nd ref="5262572086"/>
    <nd ref="5262216288"/>
  </way>
  <way id="544411334">
    <nd ref="5262153230"/>
    <nd ref="5262152908"/>
  </way>
  <way id="544411345">
    <nd ref="5262533251"/>
    <nd ref="5262153230"/>
  </way>
  <way id="544411346">
    <nd ref="5262532424"/>
    <nd ref="5262533251"/>
  </way>
  <way id="544411347">
    <nd ref="5262532425"/>
    <nd ref="5262532424"/>
  </way>
  <way id="544411348">
    <nd ref="5262533265"/>
    <nd ref="5262532425"/>
  </way>
  <way id="544411352">
    <nd ref="5262533267"/>
    <nd ref="5262533265"/>
  </way>
  <way id="544411356">
    <nd ref="5262533627"/>
    <nd ref="5262533267"/>
  </way>
  <way id="544411357">
    <nd ref="5262532840"/>
    <nd ref="5262533627"/>
  </way>
  <way id="544411362">
    <nd ref="5262533631"/>
    <nd ref="5262532840"/>
  </way>
  <way id="544411375">
    <nd ref="5262534411"/>
    <nd ref="5262216289"/>
    <nd ref="5262533631"/>
  </way>
  <way id="544411382">
    <nd ref="5262534438"/>
    <nd ref="5262534411"/>
  </way>
  <way id="544411404">
    <nd ref="5262535609"/>
    <nd ref="5262534438"/>
  </way>
  <way id="544411407">
    <nd ref="5262536257"/>
    <nd ref="5262535609"/>
  </way>
  <way id="544411410">
    <nd ref="5262534448"/>
    <nd ref="5262536257"/>
  </way>
  <way id="544411412">
    <nd ref="5262534450"/>
    <nd ref="5262534448"/>
  </way>
  <way id="544411413">
    <nd ref="5262536580"/>
    <nd ref="5262534450"/>
  </way>
  <way id="544411414">
    <nd ref="5262534420"/>
    <nd ref="5262536580"/>
  </way>
  <way id="544411415">
    <nd ref="5262153323"/>
    <nd ref="5262534420"/>
  </way>
  <way id="544411416">
    <nd ref="5262151565"/>
    <nd ref="5262153323"/>
  </way>
  <way id="544411417">
    <nd ref="5262556274"/>
    <nd ref="5262151565"/>
  </way>
  <way id="544411418">
    <nd ref="5262573519"/>
    <nd ref="5262556274"/>
  </way>
  <way id="544411419">
    <nd ref="5262573495"/>
    <nd ref="5262573519"/>
  </way>
  <way id="544411420">
    <nd ref="5262550009"/>
    <nd ref="5264288819"/>
  </way>
  <way id="544415806">
    <nd ref="5263246133"/>
    <nd ref="5262216701"/>
  </way>
  <way id="544415807">
    <nd ref="5262215844"/>
    <nd ref="5263245949"/>
  </way>
  <way id="544474773">
    <nd ref="5263244997"/>
    <nd ref="5262583766"/>
  </way>
  <way id="544474774">
    <nd ref="5263245908"/>
    <nd ref="5263244997"/>
  </way>
  <way id="544474775">
    <nd ref="5263245946"/>
    <nd ref="5263245908"/>
  </way>
  <way id="544474776">
    <nd ref="5263245016"/>
    <nd ref="5263245946"/>
  </way>
  <way id="544474777">
    <nd ref="5263246021"/>
    <nd ref="5263245016"/>
  </way>
  <way id="544474778">
    <nd ref="5263245949"/>
    <nd ref="5263246021"/>
  </way>
  <way id="544474784">
    <nd ref="5262583767"/>
    <nd ref="5263228309"/>
  </way>
  <way id="544474785">
    <nd ref="5263228309"/>
    <nd ref="5263245951"/>
  </way>
  <way id="544474788">
    <nd ref="5263245951"/>
    <nd ref="5263246122"/>
  </way>
  <way id="544474793">
    <nd ref="5262584221"/>
    <nd ref="5263246234"/>
  </way>
  <way id="544474794">
    <nd ref="5263246234"/>
    <nd ref="5263245968"/>
  </way>
  <way id="544474795">
    <nd ref="5263245968"/>
    <nd ref="5263246132"/>
  </way>
  <way id="544474796">
    <nd ref="5263246132"/>
    <nd ref="5263246235"/>
  </way>
  <way id="544474797">
    <nd ref="5263246235"/>
    <nd ref="5263245969"/>
  </way>
  <way id="544474798">
    <nd ref="5263245969"/>
    <nd ref="5263246133"/>
  </way>
  <way id="544474800">
    <nd ref="5263242809"/>
    <nd ref="5262583768"/>
  </way>
  <way id="544474801">
    <nd ref="5263246128"/>
    <nd ref="5263242809"/>
  </way>
  <way id="544474802">
    <nd ref="5263245913"/>
    <nd ref="5263246128"/>
  </way>
  <way id="544474803">
    <nd ref="5263245964"/>
    <nd ref="5263245913"/>
  </way>
  <way id="544474804">
    <nd ref="5263246131"/>
    <nd ref="5263245964"/>
  </way>
  <way id="544481436">
    <nd ref="5262573760"/>
    <nd ref="5262573169"/>
  </way>
  <way id="544481437">
    <nd ref="5262151566"/>
    <nd ref="5264289061"/>
  </way>
  <way id="544481438">
    <nd ref="5262559630"/>
    <nd ref="5264286711"/>
  </way>
  <way id="544481439">
    <nd ref="5262556272"/>
    <nd ref="5264289847"/>
  </way>
  <way id="544481440">
    <nd ref="5262555747"/>
    <nd ref="5264289843"/>
  </way>
  <way id="544535344">
    <nd ref="5264288941"/>
    <nd ref="5262571668"/>
  </way>
  <way id="544535345">
    <nd ref="5262571563"/>
    <nd ref="5264289062"/>
  </way>
  <way id="544535346">
    <nd ref="5262571680"/>
    <nd ref="5264288814"/>
  </way>
  <way id="544535347">
    <nd ref="5262572078"/>
    <nd ref="5264288940"/>
  </way>
  <way id="544535348">
    <nd ref="5262582862"/>
    <nd ref="5264290442"/>
  </way>
  <way id="544535349">
    <nd ref="5262566895"/>
    <nd ref="5264289561"/>
  </way>
  <way id="544535351">
    <nd ref="5262582849"/>
    <nd ref="5264289692"/>
  </way>
  <way id="544535352">
    <nd ref="5262582604"/>
    <nd ref="5264290595"/>
  </way>
  <way id="544565400">
    <nd ref="5262151566"/>
    <nd ref="5262572078"/>
  </way>
  <way id="544604868">
    <nd ref="5264288950"/>
    <nd ref="5264289421"/>
  </way>
  <way id="544604869">
    <nd ref="5264288820"/>
    <nd ref="5264288950"/>
  </way>
  <way id="544604870">
    <nd ref="5264288949"/>
    <nd ref="5264288820"/>
  </way>
  <way id="544604871">
    <nd ref="5264286718"/>
    <nd ref="5264288949"/>
  </way>
  <way id="544604876">
    <nd ref="5264289324"/>
    <nd ref="5264284479"/>
  </way>
  <way id="544604877">
    <nd ref="5264285612"/>
    <nd ref="5264289324"/>
  </way>
  <way id="544604878">
    <nd ref="5264289443"/>
    <nd ref="5264285612"/>
  </way>
  <way id="544604879">
    <nd ref="5264285611"/>
    <nd ref="5264289443"/>
  </way>
  <way id="544604880">
    <nd ref="5264289531"/>
    <nd ref="5264285611"/>
  </way>
  <way id="544604936">
    <nd ref="5264290302"/>
    <nd ref="5264289558"/>
  </way>
  <way id="544604939">
    <nd ref="5264289844"/>
    <nd ref="5264290302"/>
  </way>
  <way id="544604941">
    <nd ref="5264289557"/>
    <nd ref="5264289844"/>
  </way>
  <way id="544604942">
    <nd ref="5264287434"/>
    <nd ref="5264289557"/>
  </way>
  <way id="544604943">
    <nd ref="5264289843"/>
    <nd ref="5264287434"/>
  </way>
  <way id="544604951">
    <nd ref="5264289692"/>
    <nd ref="5264290595"/>
  </way>
  <way id="544604952">
    <nd ref="5264289561"/>
    <nd ref="5264289692"/>
  </way>
  <way id="544604953">
    <nd ref="5264290442"/>
    <nd ref="5264289561"/>
  </way>
  <way id="544604955">
    <nd ref="5264289847"/>
    <nd ref="5264290442"/>
  </way>
  <way id="544604964">
    <nd ref="5264289531"/>
    <nd ref="5262550009"/>
  </way>
  <way id="544604983">
    <nd ref="5264289843"/>
    <nd ref="5588836934"/>
    <nd ref="5264289531"/>
  </way>
  <way id="544604993">
    <nd ref="5264286718"/>
    <nd ref="5262573495"/>
  </way>
  <way id="544605004">
    <nd ref="5264285611"/>
    <nd ref="5264286718"/>
  </way>
  <way id="544605026">
    <nd ref="5264287434"/>
    <nd ref="5588836935"/>
    <nd ref="5264285611"/>
  </way>
  <way id="544605030">
    <nd ref="5264289847"/>
    <nd ref="5264287434"/>
  </way>
  <way id="544605033">
    <nd ref="5264288949"/>
    <nd ref="5262582861"/>
  </way>
  <way id="544605042">
    <nd ref="5264289443"/>
    <nd ref="5264288949"/>
  </way>
  <way id="544605046">
    <nd ref="5264289557"/>
    <nd ref="5588836936"/>
    <nd ref="5264289443"/>
  </way>
  <way id="544605051">
    <nd ref="5264290442"/>
    <nd ref="5264289557"/>
  </way>
  <way id="544605054">
    <nd ref="5264288820"/>
    <nd ref="5262582853"/>
  </way>
  <way id="544605056">
    <nd ref="5264285612"/>
    <nd ref="5264288820"/>
  </way>
  <way id="544605066">
    <nd ref="5264289844"/>
    <nd ref="5588836937"/>
    <nd ref="5264285612"/>
  </way>
  <way id="544605076">
    <nd ref="5264289561"/>
    <nd ref="5264289844"/>
  </way>
  <way id="544605079">
    <nd ref="5264288950"/>
    <nd ref="5262582607"/>
  </way>
  <way id="544605081">
    <nd ref="5264289324"/>
    <nd ref="5264288950"/>
  </way>
  <way id="544605092">
    <nd ref="5264290302"/>
    <nd ref="5588836938"/>
    <nd ref="5264289324"/>
  </way>
  <way id="544605094">
    <nd ref="5264289692"/>
    <nd ref="5264290302"/>
  </way>
  <way id="544605097">
    <nd ref="5264289421"/>
    <nd ref="5262582515"/>
  </way>
  <way id="544605099">
    <nd ref="5264284479"/>
    <nd ref="5264289421"/>
  </way>
  <way id="544605103">
    <nd ref="5264289558"/>
    <nd ref="5588836939"/>
    <nd ref="5264284479"/>
  </way>
  <way id="544605105">
    <nd ref="5264290595"/>
    <nd ref="5264289558"/>
  </way>
  <way id="544605111">
    <nd ref="5264288280"/>
    <nd ref="5264288631"/>
  </way>
  <way id="544605112">
    <nd ref="5264288438"/>
    <nd ref="5264288280"/>
  </way>
  <way id="544605113">
    <nd ref="5264288632"/>
    <nd ref="5264288438"/>
  </way>
  <way id="544605114">
    <nd ref="5264288281"/>
    <nd ref="5264288632"/>
  </way>
  <way id="544605148">
    <nd ref="5264288284"/>
    <nd ref="5264288635"/>
  </way>
  <way id="544605149">
    <nd ref="5264288442"/>
    <nd ref="5264288284"/>
  </way>
  <way id="544605150">
    <nd ref="5264288636"/>
    <nd ref="5264288442"/>
  </way>
  <way id="544605153">
    <nd ref="5264288285"/>
    <nd ref="5264288636"/>
  </way>
  <way id="544605234">
    <nd ref="5264286712"/>
    <nd ref="5264286711"/>
  </way>
  <way id="544605235">
    <nd ref="5264288852"/>
    <nd ref="5264286712"/>
  </way>
  <way id="544605236">
    <nd ref="5264286713"/>
    <nd ref="5264288852"/>
  </way>
  <way id="544605237">
    <nd ref="5264285610"/>
    <nd ref="5264286713"/>
  </way>
  <way id="544605242">
    <nd ref="5264289061"/>
    <nd ref="5264288939"/>
  </way>
  <way id="544605243">
    <nd ref="5264288940"/>
    <nd ref="5264289061"/>
  </way>
  <way id="544605244">
    <nd ref="5264288814"/>
    <nd ref="5264288940"/>
  </way>
  <way id="544605245">
    <nd ref="5264289062"/>
    <nd ref="5264288814"/>
  </way>
  <way id="544605253">
    <nd ref="5264288635"/>
    <nd ref="5262572086"/>
  </way>
  <way id="544605264">
    <nd ref="5264286711"/>
    <nd ref="5588836945"/>
    <nd ref="5264288635"/>
  </way>
  <way id="544605266">
    <nd ref="5264288280"/>
    <nd ref="5262152909"/>
  </way>
  <way id="544605268">
    <nd ref="5264288284"/>
    <nd ref="5264288280"/>
  </way>
  <way id="544605274">
    <nd ref="5264286712"/>
    <nd ref="5588836944"/>
    <nd ref="5264288284"/>
  </way>
  <way id="544605276">
    <nd ref="5264289061"/>
    <nd ref="5264286712"/>
  </way>
  <way id="544605279">
    <nd ref="5264288438"/>
    <nd ref="5262569486"/>
  </way>
  <way id="544605281">
    <nd ref="5264288442"/>
    <nd ref="5264288438"/>
  </way>
  <way id="544605290">
    <nd ref="5264288852"/>
    <nd ref="5588836943"/>
    <nd ref="5264288442"/>
  </way>
  <way id="544605292">
    <nd ref="5264288940"/>
    <nd ref="5264288852"/>
  </way>
  <way id="544605295">
    <nd ref="5264288632"/>
    <nd ref="5262571958"/>
  </way>
  <way id="544605297">
    <nd ref="5264288636"/>
    <nd ref="5264288632"/>
  </way>
  <way id="544605348">
    <nd ref="5264286713"/>
    <nd ref="5588836942"/>
    <nd ref="5264288636"/>
  </way>
  <way id="544605355">
    <nd ref="5264288814"/>
    <nd ref="5264286713"/>
  </way>
  <way id="544605357">
    <nd ref="5264288281"/>
    <nd ref="5262571561"/>
  </way>
  <way id="544605360">
    <nd ref="5264288285"/>
    <nd ref="5264288281"/>
  </way>
  <way id="544605376">
    <nd ref="5264285610"/>
    <nd ref="5588836941"/>
    <nd ref="5264288285"/>
  </way>
  <way id="544605378">
    <nd ref="5264289062"/>
    <nd ref="5264285610"/>
  </way>
  <way id="544605382">
    <nd ref="5262571666"/>
    <nd ref="5264288439"/>
  </way>
  <way id="544605384">
    <nd ref="5264288439"/>
    <nd ref="5264288443"/>
  </way>
  <way id="544605388">
    <nd ref="5264288443"/>
    <nd ref="5588836940"/>
    <nd ref="5264288799"/>
  </way>
  <way id="544605391">
    <nd ref="5264288799"/>
    <nd ref="5264288941"/>
  </way>
  <way id="544605398">
    <nd ref="5264288941"/>
    <nd ref="5264289062"/>
  </way>
  <way id="544605410">
    <nd ref="5264288799"/>
    <nd ref="5264285610"/>
  </way>
  <way id="544605417">
    <nd ref="5264288439"/>
    <nd ref="5264288281"/>
  </way>
  <way id="544605419">
    <nd ref="5264288443"/>
    <nd ref="5264288285"/>
  </way>
  <way id="544605433">
    <nd ref="5264288819"/>
    <nd ref="5264286718"/>
  </way>
  <way id="544624186">
    <nd ref="5262573125"/>
    <nd ref="5262152909"/>
  </way>
  <way id="544624204">
    <nd ref="5262549486"/>
    <nd ref="5262573125"/>
  </way>
  <way id="544630605">
    <nd ref="5262532787"/>
    <nd ref="5262559630"/>
  </way>
  <way id="544630612">
    <nd ref="5262532788"/>
    <nd ref="5262573125"/>
  </way>
  <way id="544630616">
    <nd ref="5262572086"/>
    <nd ref="5262532788"/>
  </way>
  <way id="544630628">
    <nd ref="5262532789"/>
    <nd ref="5262573519"/>
  </way>
  <way id="544630643">
    <nd ref="5262532785"/>
    <nd ref="5262555747"/>
  </way>
  <way id="544630644">
    <nd ref="5262532788"/>
    <nd ref="5262152909"/>
  </way>
  <way id="544630647">
    <nd ref="5264510168"/>
    <nd ref="5262572086"/>
  </way>
  <way id="544630652">
    <nd ref="5264509012"/>
    <nd ref="5262559630"/>
  </way>
  <way id="544630661">
    <nd ref="5262532787"/>
    <nd ref="5262151566"/>
  </way>
  <way id="544630668">
    <nd ref="5262532789"/>
    <nd ref="5262573495"/>
  </way>
  <way id="544630675">
    <nd ref="5264281792"/>
    <nd ref="5264289847"/>
  </way>
  <way id="544630677">
    <nd ref="5262556272"/>
    <nd ref="5262532785"/>
  </way>
  <way id="544632680">
    <nd ref="5264288939"/>
    <nd ref="5262151566"/>
  </way>
  <way id="544632705">
    <nd ref="5264288631"/>
    <nd ref="5262572086"/>
  </way>
  <way id="544632706">
    <nd ref="5262152909"/>
    <nd ref="5264288631"/>
  </way>
  <way id="544632708">
    <nd ref="5264288819"/>
    <nd ref="5262573495"/>
  </way>
  <way id="544632713">
    <nd ref="5264281792"/>
    <nd ref="5262555747"/>
  </way>
  <way id="544638915">
    <nd ref="5264509479"/>
    <nd ref="5262216702"/>
  </way>
  <way id="544638944">
    <nd ref="5264508507"/>
    <nd ref="5264509479"/>
  </way>
  <way id="544638952">
    <nd ref="5264511421"/>
    <nd ref="5262556274"/>
  </way>
  <way id="544638953">
    <nd ref="5264510445"/>
    <nd ref="5264511421"/>
  </way>
  <way id="544638954">
    <nd ref="5264509804"/>
    <nd ref="5264510445"/>
  </way>
  <way id="544638955">
    <nd ref="5264510100"/>
    <nd ref="5264509804"/>
  </way>
  <way id="544638960">
    <nd ref="5264511678"/>
    <nd ref="5262549486"/>
  </way>
  <way id="544638961">
    <nd ref="5264510168"/>
    <nd ref="5264511678"/>
  </way>
  <way id="544638978">
    <nd ref="5264509012"/>
    <nd ref="5262216288"/>
  </way>
  <way id="544638992">
    <nd ref="5264506420"/>
    <nd ref="5264509012"/>
  </way>
  <way id="544639000">
    <nd ref="5264511678"/>
    <nd ref="5262532788"/>
  </way>
  <way id="544639006">
    <nd ref="5264506420"/>
    <nd ref="5262532787"/>
  </way>
  <way id="544639007">
    <nd ref="5264511421"/>
    <nd ref="5262532789"/>
  </way>
  <way id="544639010">
    <nd ref="5264510100"/>
    <nd ref="5262550009"/>
  </way>
  <way id="544639020">
    <nd ref="5264509479"/>
    <nd ref="5262555747"/>
  </way>
  <way id="544639023">
    <nd ref="5264508507"/>
    <nd ref="5262532785"/>
  </way>
  <way id="544641398">
    <nd ref="5264510336"/>
    <nd ref="5262152908"/>
  </way>
  <way id="544641403">
    <nd ref="5264503416"/>
    <nd ref="5262533109"/>
    <nd ref="5264510336"/>
  </way>
  <way id="544641417">
    <nd ref="5262153223"/>
    <nd ref="5264503416"/>
  </way>
  <way id="544641427">
    <nd ref="5264510334"/>
    <nd ref="5262151565"/>
  </way>
  <way id="544641459">
    <nd ref="5264509373"/>
    <nd ref="5262533111"/>
    <nd ref="5264510334"/>
  </way>
  <way id="544641463">
    <nd ref="5262153091"/>
    <nd ref="5264509373"/>
  </way>
  <way id="544641465">
    <nd ref="5264510336"/>
    <nd ref="5264510168"/>
  </way>
  <way id="544641466">
    <nd ref="5264503416"/>
    <nd ref="5264509012"/>
  </way>
  <way id="544641479">
    <nd ref="5264510334"/>
    <nd ref="5264510100"/>
  </way>
  <way id="544641502">
    <nd ref="5264509373"/>
    <nd ref="5264509479"/>
  </way>
  <way id="544701717">
    <nd ref="5262536182"/>
    <nd ref="5262534448"/>
  </way>
  <way id="544701718">
    <nd ref="5262533265"/>
    <nd ref="5262536429"/>
  </way>
  <way id="544701730">
    <nd ref="5262537449"/>
    <nd ref="5262534472"/>
  </way>
  <way id="544701735">
    <nd ref="5262537711"/>
    <nd ref="5262537449"/>
  </way>
  <way id="544701738">
    <nd ref="5262537448"/>
    <nd ref="5262537713"/>
  </way>
  <way id="544701741">
    <nd ref="5262537716"/>
    <nd ref="5262537448"/>
  </way>
  <way id="544701742">
    <nd ref="5262538565"/>
    <nd ref="5349672738"/>
    <nd ref="5262537716"/>
  </way>
  <way id="544701746">
    <nd ref="5262536506"/>
    <nd ref="5349681400"/>
    <nd ref="5262536515"/>
  </way>
  <way id="544701747">
    <nd ref="5262537507"/>
    <nd ref="5262536506"/>
  </way>
  <way id="544701750">
    <nd ref="5262538367"/>
    <nd ref="5262537507"/>
  </way>
  <way id="544701752">
    <nd ref="5262538532"/>
    <nd ref="5262538367"/>
  </way>
  <way id="544701754">
    <nd ref="5262538395"/>
    <nd ref="5262538532"/>
  </way>
  <way id="544701756">
    <nd ref="5262537510"/>
    <nd ref="5262538395"/>
  </way>
  <way id="544701808">
    <nd ref="5262538562"/>
    <nd ref="5262538857"/>
  </way>
  <way id="544701814">
    <nd ref="5262538858"/>
    <nd ref="5262538562"/>
  </way>
  <way id="544701817">
    <nd ref="5262538859"/>
    <nd ref="5262538858"/>
  </way>
  <way id="544701819">
    <nd ref="5262538555"/>
    <nd ref="5262538859"/>
  </way>
  <way id="544701821">
    <nd ref="5262538860"/>
    <nd ref="5262538555"/>
  </way>
  <way id="544701823">
    <nd ref="5262538565"/>
    <nd ref="5262538860"/>
  </way>
  <way id="544701825">
    <nd ref="5262536515"/>
    <nd ref="5262538565"/>
  </way>
  <way id="544701826">
    <nd ref="5262540811"/>
    <nd ref="5262536515"/>
  </way>
  <way id="544701829">
    <nd ref="5262538165"/>
    <nd ref="5262540811"/>
  </way>
  <way id="544701831">
    <nd ref="5262540812"/>
    <nd ref="5262538165"/>
  </way>
  <way id="544701833">
    <nd ref="5262540813"/>
    <nd ref="5262540812"/>
  </way>
  <way id="544701835">
    <nd ref="5262538167"/>
    <nd ref="5262540813"/>
  </way>
  <way id="544701837">
    <nd ref="5262539094"/>
    <nd ref="5262538167"/>
  </way>
  <way id="544701892">
    <nd ref="5262538203"/>
    <nd ref="5262541484"/>
  </way>
  <way id="544701895">
    <nd ref="5262541485"/>
    <nd ref="5262538203"/>
  </way>
  <way id="544701903">
    <nd ref="5262542190"/>
    <nd ref="5262541485"/>
  </way>
  <way id="544701904">
    <nd ref="5262538202"/>
    <nd ref="5262542190"/>
  </way>
  <way id="544701906">
    <nd ref="5262542191"/>
    <nd ref="5262538202"/>
  </way>
  <way id="544701908">
    <nd ref="5262538910"/>
    <nd ref="5262542191"/>
  </way>
  <way id="544701909">
    <nd ref="5262543652"/>
    <nd ref="5262538910"/>
  </way>
  <way id="544701911">
    <nd ref="5262543592"/>
    <nd ref="5262543652"/>
  </way>
  <way id="544701913">
    <nd ref="5262543593"/>
    <nd ref="5262543592"/>
  </way>
  <way id="544701916">
    <nd ref="5262538912"/>
    <nd ref="5262543593"/>
  </way>
  <way id="544701918">
    <nd ref="5262538913"/>
    <nd ref="5262538912"/>
  </way>
  <way id="544701930">
    <nd ref="5262543595"/>
    <nd ref="5262538913"/>
  </way>
  <way id="544701946">
    <nd ref="5262543656"/>
    <nd ref="5262543595"/>
  </way>
  <way id="544702051">
    <nd ref="5262543668"/>
    <nd ref="5262543667"/>
  </way>
  <way id="544702057">
    <nd ref="5262544937"/>
    <nd ref="5262543668"/>
  </way>
  <way id="544702058">
    <nd ref="5262543670"/>
    <nd ref="5262544937"/>
  </way>
  <way id="544702060">
    <nd ref="5262544935"/>
    <nd ref="5262543670"/>
  </way>
  <way id="544702063">
    <nd ref="5262544940"/>
    <nd ref="5262544935"/>
  </way>
  <way id="544702065">
    <nd ref="5262544941"/>
    <nd ref="5262544940"/>
  </way>
  <way id="544702066">
    <nd ref="5262544942"/>
    <nd ref="5262544941"/>
  </way>
  <way id="544702068">
    <nd ref="5262544219"/>
    <nd ref="5262544942"/>
  </way>
  <way id="544702070">
    <nd ref="5262544997"/>
    <nd ref="5262544219"/>
  </way>
  <way id="544702073">
    <nd ref="5262543676"/>
    <nd ref="5262544997"/>
  </way>
  <way id="544702075">
    <nd ref="5262536520"/>
    <nd ref="5262543676"/>
  </way>
  <way id="544702077">
    <nd ref="5262543691"/>
    <nd ref="5262536520"/>
  </way>
  <way id="544702086">
    <nd ref="5262547901"/>
    <nd ref="5262543691"/>
  </way>
  <way id="544702117">
    <nd ref="5262548133"/>
    <nd ref="5262547904"/>
  </way>
  <way id="544702119">
    <nd ref="5262543693"/>
    <nd ref="5262548133"/>
  </way>
  <way id="544702121">
    <nd ref="5262547906"/>
    <nd ref="5262543693"/>
  </way>
  <way id="544702122">
    <nd ref="5262538435"/>
    <nd ref="5262547906"/>
  </way>
  <way id="544702124">
    <nd ref="5262229742"/>
    <nd ref="5262538435"/>
  </way>
  <way id="544702126">
    <nd ref="5262548887"/>
    <nd ref="5262229742"/>
  </way>
  <way id="544702129">
    <nd ref="5262548889"/>
    <nd ref="5262548887"/>
  </way>
  <way id="544702131">
    <nd ref="5262229743"/>
    <nd ref="5262548889"/>
  </way>
  <way id="544702133">
    <nd ref="5262548898"/>
    <nd ref="5262229743"/>
  </way>
  <way id="544702135">
    <nd ref="5262548899"/>
    <nd ref="5262548898"/>
  </way>
  <way id="544702137">
    <nd ref="5262548902"/>
    <nd ref="5262548899"/>
  </way>
  <way id="544702139">
    <nd ref="5262548904"/>
    <nd ref="5262548902"/>
  </way>
  <way id="544702143">
    <nd ref="5262548907"/>
    <nd ref="5262548904"/>
  </way>
  <way id="544702211">
    <nd ref="5262550010"/>
    <nd ref="5262550534"/>
  </way>
  <way id="544702230">
    <nd ref="5262550535"/>
    <nd ref="5262550010"/>
  </way>
  <way id="544702279">
    <nd ref="5262547987"/>
    <nd ref="5262550535"/>
  </way>
  <way id="544702297">
    <nd ref="5262229883"/>
    <nd ref="5262547987"/>
  </way>
  <way id="544702311">
    <nd ref="5262547988"/>
    <nd ref="5262229883"/>
  </way>
  <way id="544702315">
    <nd ref="5262550537"/>
    <nd ref="5262547988"/>
  </way>
  <way id="544702316">
    <nd ref="5262551730"/>
    <nd ref="5262550537"/>
  </way>
  <way id="544702317">
    <nd ref="5262551650"/>
    <nd ref="5262551730"/>
  </way>
  <way id="544702320">
    <nd ref="5262229884"/>
    <nd ref="5262551650"/>
  </way>
  <way id="544702323">
    <nd ref="5262550539"/>
    <nd ref="5262229884"/>
  </way>
  <way id="544702327">
    <nd ref="5262551652"/>
    <nd ref="5262550539"/>
  </way>
  <way id="544702329">
    <nd ref="5262550540"/>
    <nd ref="5262551652"/>
  </way>
  <way id="544702331">
    <nd ref="5262551734"/>
    <nd ref="5262550540"/>
  </way>
  <way id="544702436">
    <nd ref="5262558761"/>
    <nd ref="5262558760"/>
  </way>
  <way id="544702464">
    <nd ref="5262558586"/>
    <nd ref="5262558761"/>
  </way>
  <way id="544702468">
    <nd ref="5262558759"/>
    <nd ref="5262558174"/>
  </way>
  <way id="544702470">
    <nd ref="5262558569"/>
    <nd ref="5262558759"/>
  </way>
  <way id="544702472">
    <nd ref="5262558760"/>
    <nd ref="5262558569"/>
  </way>
  <way id="544702558">
    <nd ref="5262558342"/>
    <nd ref="5262558269"/>
  </way>
  <way id="544702559">
    <nd ref="5262558148"/>
    <nd ref="5262558342"/>
  </way>
  <way id="544702564">
    <nd ref="5262557985"/>
    <nd ref="5262558266"/>
  </way>
  <way id="544702565">
    <nd ref="5262558145"/>
    <nd ref="5262557985"/>
  </way>
  <way id="544702572">
    <nd ref="5262558146"/>
    <nd ref="5262558145"/>
  </way>
  <way id="544702598">
    <nd ref="5262558269"/>
    <nd ref="5262558146"/>
  </way>
  <way id="544702600">
    <nd ref="5262557979"/>
    <nd ref="5262558142"/>
  </way>
  <way id="544702604">
    <nd ref="5262558143"/>
    <nd ref="5262557979"/>
  </way>
  <way id="544702628">
    <nd ref="5262558266"/>
    <nd ref="5262558143"/>
  </way>
  <way id="544702630">
    <nd ref="5262557980"/>
    <nd ref="5262558262"/>
  </way>
  <way id="544702633">
    <nd ref="5262558263"/>
    <nd ref="5262557980"/>
  </way>
  <way id="544702637">
    <nd ref="5262558142"/>
    <nd ref="5262558263"/>
  </way>
  <way id="544702713">
    <nd ref="5262557344"/>
    <nd ref="5262557110"/>
  </way>
  <way id="544702731">
    <nd ref="5262557212"/>
    <nd ref="5262557344"/>
  </way>
  <way id="544702733">
    <nd ref="5262557324"/>
    <nd ref="5262557079"/>
  </way>
  <way id="544702735">
    <nd ref="5262557210"/>
    <nd ref="5262557324"/>
  </way>
  <way id="544702737">
    <nd ref="5262557224"/>
    <nd ref="5262557210"/>
  </way>
  <way id="544702739">
    <nd ref="5262557110"/>
    <nd ref="5262557224"/>
  </way>
  <way id="544702740">
    <nd ref="5262556816"/>
    <nd ref="5262556227"/>
  </way>
  <way id="544702743">
    <nd ref="5262557078"/>
    <nd ref="5262556816"/>
  </way>
  <way id="544702746">
    <nd ref="5262557079"/>
    <nd ref="5262557078"/>
  </way>
  <way id="544702747">
    <nd ref="5262556817"/>
    <nd ref="5262557025"/>
  </way>
  <way id="544702758">
    <nd ref="5262556827"/>
    <nd ref="5262556817"/>
  </way>
  <way id="544702760">
    <nd ref="5262556227"/>
    <nd ref="5262556827"/>
  </way>
  <way id="544702790">
    <nd ref="5262554202"/>
    <nd ref="5262556923"/>
  </way>
  <way id="544702792">
    <nd ref="5262556101"/>
    <nd ref="5262554202"/>
  </way>
  <way id="544702796">
    <nd ref="5262556502"/>
    <nd ref="5262556813"/>
  </way>
  <way id="544702798">
    <nd ref="5262229064"/>
    <nd ref="5262556502"/>
  </way>
  <way id="544702803">
    <nd ref="5262556815"/>
    <nd ref="5262229064"/>
  </way>
  <way id="544702807">
    <nd ref="5262556923"/>
    <nd ref="5262556815"/>
  </way>
  <way id="544702809">
    <nd ref="5262556813"/>
    <nd ref="5262229061"/>
  </way>
  <way id="544702810">
    <nd ref="5262556416"/>
    <nd ref="5262556821"/>
  </way>
  <way id="544702812">
    <nd ref="5262229061"/>
    <nd ref="5262556416"/>
  </way>
  <way id="544702830">
    <nd ref="5262556417"/>
    <nd ref="5262556619"/>
  </way>
  <way id="544702864">
    <nd ref="5262556620"/>
    <nd ref="5262556417"/>
  </way>
  <way id="544702876">
    <nd ref="5262556821"/>
    <nd ref="5262556620"/>
  </way>
  <way id="544702939">
    <nd ref="5262555759"/>
    <nd ref="5262555645"/>
  </way>
  <way id="544702941">
    <nd ref="5262554181"/>
    <nd ref="5262555759"/>
  </way>
  <way id="544702943">
    <nd ref="5262549454"/>
    <nd ref="5262555851"/>
  </way>
  <way id="544702945">
    <nd ref="5262549456"/>
    <nd ref="5262549454"/>
  </way>
  <way id="544702946">
    <nd ref="5262229063"/>
    <nd ref="5262549456"/>
  </way>
  <way id="544702949">
    <nd ref="5262555645"/>
    <nd ref="5262229063"/>
  </way>
  <way id="544702950">
    <nd ref="5262214326"/>
    <nd ref="5262555753"/>
  </way>
  <way id="544702961">
    <nd ref="5262555756"/>
    <nd ref="5262214326"/>
  </way>
  <way id="544702963">
    <nd ref="5262555851"/>
    <nd ref="5262555756"/>
  </way>
  <way id="544702964">
    <nd ref="5262555749"/>
    <nd ref="5262555849"/>
  </way>
  <way id="544702967">
    <nd ref="5262555750"/>
    <nd ref="5262555749"/>
  </way>
  <way id="544702969">
    <nd ref="5262555753"/>
    <nd ref="5262555750"/>
  </way>
  <way id="544703018">
    <nd ref="5262554175"/>
    <nd ref="5262554737"/>
  </way>
  <way id="544703020">
    <nd ref="5262553251"/>
    <nd ref="5262554175"/>
  </way>
  <way id="544703023">
    <nd ref="5262554177"/>
    <nd ref="5262553251"/>
  </way>
  <way id="544703024">
    <nd ref="5262553913"/>
    <nd ref="5262554177"/>
  </way>
  <way id="544703036">
    <nd ref="5262552786"/>
    <nd ref="5262553913"/>
  </way>
  <way id="544703050">
    <nd ref="5262552787"/>
    <nd ref="5262552786"/>
  </way>
  <way id="544703055">
    <nd ref="5262552789"/>
    <nd ref="5262552787"/>
  </way>
  <way id="544703057">
    <nd ref="5262554179"/>
    <nd ref="5262552789"/>
  </way>
  <way id="544703061">
    <nd ref="5262555508"/>
    <nd ref="5262554179"/>
  </way>
  <way id="544703063">
    <nd ref="5262555509"/>
    <nd ref="5262555508"/>
  </way>
  <way id="544703065">
    <nd ref="5262555621"/>
    <nd ref="5262555509"/>
  </way>
  <way id="544703067">
    <nd ref="5262555622"/>
    <nd ref="5262555621"/>
  </way>
  <way id="544703070">
    <nd ref="5262552952"/>
    <nd ref="5262551793"/>
  </way>
  <way id="544703072">
    <nd ref="5262553230"/>
    <nd ref="5262552952"/>
  </way>
  <way id="544703074">
    <nd ref="5262553232"/>
    <nd ref="5262553230"/>
  </way>
  <way id="544703076">
    <nd ref="5262552950"/>
    <nd ref="5262553232"/>
  </way>
  <way id="544703078">
    <nd ref="5262552974"/>
    <nd ref="5262552950"/>
  </way>
  <way id="544703082">
    <nd ref="5262547912"/>
    <nd ref="5262552974"/>
  </way>
  <way id="544703083">
    <nd ref="5262553236"/>
    <nd ref="5262547912"/>
  </way>
  <way id="544703085">
    <nd ref="5262553238"/>
    <nd ref="5262553236"/>
  </way>
  <way id="544703088">
    <nd ref="5262553245"/>
    <nd ref="5262553238"/>
  </way>
  <way id="544703090">
    <nd ref="5262553246"/>
    <nd ref="5262553245"/>
  </way>
  <way id="544703092">
    <nd ref="5262553904"/>
    <nd ref="5262553246"/>
  </way>
  <way id="544703099">
    <nd ref="5262553906"/>
    <nd ref="5262553904"/>
  </way>
  <way id="545098540">
    <nd ref="5268661423"/>
    <nd ref="5268659976"/>
    <nd ref="5268661252"/>
    <nd ref="5268668527"/>
    <nd ref="5268668334"/>
    <nd ref="5268667958"/>
    <nd ref="5268661423"/>
    <tag k="barrier" v="kerb"/>
  </way>
  <way id="545098541">
    <nd ref="5268660893"/>
    <nd ref="5268667959"/>
    <nd ref="5268668525"/>
    <nd ref="5268667960"/>
    <nd ref="5268661250"/>
    <nd ref="5268661251"/>
    <nd ref="5268660893"/>
    <tag k="barrier" v="kerb"/>
  </way>
  <way id="545098542">
    <nd ref="5268659957"/>
    <nd ref="5268676203"/>
    <nd ref="5268676115"/>
    <nd ref="5268677752"/>
    <nd ref="5268677531"/>
    <nd ref="5268676114"/>
    <nd ref="5268677751"/>
    <nd ref="5268671039"/>
    <nd ref="5268662342"/>
    <nd ref="5268664006"/>
    <nd ref="5268663706"/>
    <nd ref="5268664007"/>
    <nd ref="5268663707"/>
    <nd ref="5268664480"/>
    <nd ref="5268660952"/>
    <nd ref="5268661249"/>
    <nd ref="5268659957"/>
    <tag k="barrier" v="kerb"/>
  </way>
  <way id="545098543">
    <nd ref="5268662115"/>
    <nd ref="5268661262"/>
    <nd ref="5268667966"/>
    <nd ref="5268668528"/>
    <nd ref="5268668335"/>
    <nd ref="5268662018"/>
    <nd ref="5268662115"/>
    <tag k="barrier" v="kerb"/>
  </way>
  <way id="545098544">
    <nd ref="5268662341"/>
    <nd ref="5268664482"/>
    <nd ref="5268665459"/>
    <nd ref="5268664234"/>
    <nd ref="5268665627"/>
    <nd ref="5268660953"/>
    <nd ref="5268665526"/>
    <nd ref="5268665524"/>
    <nd ref="5268698304"/>
    <nd ref="5268664520"/>
    <nd ref="5268665621"/>
    <nd ref="5268664481"/>
    <nd ref="5268665525"/>
    <nd ref="5268663708"/>
    <nd ref="5268665458"/>
    <nd ref="5268676108"/>
    <nd ref="5268676109"/>
    <nd ref="5268676201"/>
    <nd ref="5268676811"/>
    <nd ref="5268676024"/>
    <nd ref="5268778880"/>
    <nd ref="5268676025"/>
    <nd ref="5268665637"/>
    <nd ref="5268660973"/>
    <nd ref="5268665529"/>
    <nd ref="5268665441"/>
    <nd ref="5268660971"/>
    <nd ref="5268665523"/>
    <nd ref="5268665629"/>
    <nd ref="5268664519"/>
    <nd ref="5268665528"/>
    <nd ref="5268660972"/>
    <nd ref="5268697763"/>
    <nd ref="5268665630"/>
    <nd ref="5268660970"/>
    <nd ref="5268664518"/>
    <nd ref="5268665628"/>
    <nd ref="5268665522"/>
    <nd ref="5268665527"/>
    <nd ref="5268665440"/>
    <nd ref="5268662525"/>
    <nd ref="5268659977"/>
    <nd ref="5268662117"/>
    <nd ref="5268727153"/>
    <nd ref="5268659978"/>
    <nd ref="5268736783"/>
    <nd ref="5268662340"/>
    <nd ref="5268662116"/>
    <nd ref="5268662341"/>
    <tag k="highway" v="footway"/>
    <tag k="surface" v="paving_stones"/>
  </way>
  <way id="545098555">
    <nd ref="5268657762"/>
    <nd ref="5268660950"/>
    <nd ref="5268662494"/>
    <nd ref="5268669190"/>
    <nd ref="5268670514"/>
    <nd ref="5268665991"/>
    <nd ref="5268657762"/>
    <tag k="barrier" v="kerb"/>
  </way>
  <way id="545098556">
    <nd ref="5268661624"/>
    <nd ref="5268657726"/>
    <nd ref="5268667396"/>
    <nd ref="5268667250"/>
    <nd ref="5268667395"/>
    <nd ref="5268662359"/>
    <nd ref="5268661624"/>
    <tag k="barrier" v="kerb"/>
  </way>
  <way id="545098557">
    <nd ref="5268662358"/>
    <nd ref="5268667248"/>
    <nd ref="5268666364"/>
    <nd ref="5268667392"/>
    <nd ref="5268661261"/>
    <nd ref="5268660958"/>
    <nd ref="5268662358"/>
    <tag k="barrier" v="kerb"/>
  </way>
  <way id="545098558">
    <nd ref="5268662553"/>
    <nd ref="5268666358"/>
    <nd ref="5268667380"/>
    <nd ref="5268666357"/>
    <nd ref="5268662493"/>
    <nd ref="5268663709"/>
    <nd ref="5268662553"/>
    <tag k="barrier" v="kerb"/>
  </way>
  <way id="545098559">
    <nd ref="5268662492"/>
    <nd ref="5268666356"/>
    <nd ref="5268666210"/>
    <nd ref="5268669615"/>
    <nd ref="5268662357"/>
    <nd ref="5268664516"/>
    <nd ref="5268662492"/>
    <tag k="barrier" v="kerb"/>
  </way>
  <way id="545098560">
    <nd ref="5268662356"/>
    <nd ref="5268670052"/>
    <nd ref="5268666603"/>
    <nd ref="5268666636"/>
    <nd ref="5268662552"/>
    <nd ref="5268660965"/>
    <nd ref="5268662356"/>
    <tag k="barrier" v="kerb"/>
  </way>
  <way id="545098564">
    <nd ref="5268661424"/>
    <nd ref="5268660954"/>
    <nd ref="5268664483"/>
    <nd ref="5268660955"/>
    <nd ref="5268664484"/>
    <nd ref="5268660956"/>
    <nd ref="5268664249"/>
    <nd ref="5268662482"/>
    <nd ref="5268669614"/>
    <nd ref="5268677544"/>
    <nd ref="5268677824"/>
    <nd ref="5268676210"/>
    <nd ref="5268648962"/>
    <nd ref="5268676116"/>
    <nd ref="5268677753"/>
    <nd ref="5268661623"/>
    <nd ref="5268661424"/>
    <tag k="barrier" v="kerb"/>
  </way>
  <way id="545098616">
    <nd ref="5268666605"/>
    <nd ref="5268670270"/>
    <nd ref="5268669851"/>
    <nd ref="5268667393"/>
    <nd ref="5268666365"/>
    <nd ref="5268668024"/>
    <nd ref="5268666605"/>
    <tag k="barrier" v="kerb"/>
  </way>
  <way id="545098617">
    <nd ref="5268663719"/>
    <nd ref="5268666719"/>
    <nd ref="5268665971"/>
    <nd ref="5268670055"/>
    <nd ref="5268670048"/>
    <nd ref="5268669609"/>
    <nd ref="5268663719"/>
    <tag k="barrier" v="kerb"/>
  </way>
  <way id="545098618">
    <nd ref="5268668460"/>
    <nd ref="5268667953"/>
    <tag k="highway" v="footway"/>
    <tag k="surface" v="paving_stones"/>
  </way>
  <way id="545098619">
    <nd ref="5268668329"/>
    <nd ref="5268667398"/>
    <tag k="highway" v="footway"/>
    <tag k="surface" v="paving_stones"/>
  </way>
  <way id="545098620">
    <nd ref="5268668025"/>
    <nd ref="5268667397"/>
    <tag k="highway" v="footway"/>
    <tag k="surface" v="paving_stones"/>
  </way>
  <way id="545098621">
    <nd ref="5268670488"/>
    <nd ref="5268667953"/>
    <tag k="highway" v="footway"/>
    <tag k="surface" v="paving_stones"/>
  </way>
  <way id="545098622">
    <nd ref="5268670271"/>
    <nd ref="5268667398"/>
    <tag k="highway" v="footway"/>
    <tag k="surface" v="paving_stones"/>
  </way>
  <way id="545098623">
    <nd ref="5268668526"/>
    <nd ref="5268667953"/>
    <tag k="highway" v="footway"/>
    <tag k="surface" v="paving_stones"/>
  </way>
  <way id="545098624">
    <nd ref="5268670051"/>
    <nd ref="5268668025"/>
    <tag k="highway" v="footway"/>
    <tag k="surface" v="paving_stones"/>
  </way>
  <way id="545098632">
    <nd ref="5268667397"/>
    <nd ref="5268668329"/>
    <tag k="highway" v="footway"/>
    <tag k="surface" v="paving_stones"/>
  </way>
  <way id="545098633">
    <nd ref="5268667398"/>
    <nd ref="5268668460"/>
    <tag k="highway" v="footway"/>
    <tag k="surface" v="paving_stones"/>
  </way>
  <way id="545098636">
    <nd ref="5268670298"/>
    <nd ref="5268668524"/>
    <nd ref="5268667964"/>
    <nd ref="5268668338"/>
    <nd ref="5268670298"/>
    <tag k="barrier" v="kerb"/>
  </way>
  <way id="545098645">
    <nd ref="5268670274"/>
    <nd ref="5268667962"/>
    <tag k="highway" v="footway"/>
    <tag k="surface" v="paving_stones"/>
  </way>
  <way id="545098658">
    <nd ref="5268667962"/>
    <nd ref="5268668526"/>
    <tag k="highway" v="footway"/>
    <tag k="surface" v="paving_stones"/>
  </way>
  <way id="545098663">
    <nd ref="5268668529"/>
    <nd ref="5268667969"/>
    <tag k="highway" v="footway"/>
    <tag k="surface" v="paving_stones"/>
  </way>
  <way id="545098671">
    <nd ref="5268667965"/>
    <nd ref="5268665987"/>
    <tag k="highway" v="footway"/>
    <tag k="surface" v="paving_stones"/>
  </way>
  <way id="545098672">
    <nd ref="5268667965"/>
    <nd ref="5268735927"/>
    <nd ref="5268668339"/>
    <nd ref="5268737065"/>
    <nd ref="5268667962"/>
    <tag k="highway" v="footway"/>
    <tag k="surface" v="paving_stones"/>
  </way>
  <way id="545098674">
    <nd ref="5268668529"/>
    <nd ref="5268667965"/>
    <tag k="highway" v="footway"/>
    <tag k="surface" v="paving_stones"/>
  </way>
  <way id="545098676">
    <nd ref="5268668537"/>
    <nd ref="5268668538"/>
    <tag k="highway" v="footway"/>
    <tag k="surface" v="paving_stones"/>
  </way>
  <way id="545098677">
    <nd ref="5268667967"/>
    <nd ref="5268669164"/>
    <nd ref="5268670392"/>
    <nd ref="5268670568"/>
    <nd ref="5268668534"/>
    <nd ref="5268668535"/>
    <nd ref="5268667967"/>
    <tag k="barrier" v="kerb"/>
  </way>
  <way id="545098678">
    <nd ref="5268668538"/>
    <nd ref="5268667969"/>
    <tag k="highway" v="footway"/>
    <tag k="surface" v="paving_stones"/>
  </way>
  <way id="545098685">
    <nd ref="5268660943"/>
    <nd ref="5268663704"/>
    <nd ref="5268661263"/>
    <nd ref="5268668536"/>
    <nd ref="5268668341"/>
    <nd ref="5268668340"/>
    <nd ref="5268660943"/>
    <tag k="barrier" v="kerb"/>
  </way>
  <way id="545098705">
    <nd ref="5268668025"/>
    <nd ref="5268664518"/>
    <tag k="highway" v="footway"/>
    <tag k="surface" v="paving_stones"/>
  </way>
  <way id="545098706">
    <nd ref="5268668329"/>
    <nd ref="5268665522"/>
    <tag k="highway" v="footway"/>
    <tag k="surface" v="paving_stones"/>
  </way>
  <way id="545098707">
    <nd ref="5268668460"/>
    <nd ref="5268665440"/>
    <tag k="highway" v="footway"/>
    <tag k="surface" v="paving_stones"/>
  </way>
  <way id="545098708">
    <nd ref="5268668526"/>
    <nd ref="5268659977"/>
    <tag k="highway" v="footway"/>
    <tag k="surface" v="paving_stones"/>
  </way>
  <way id="545098709">
    <nd ref="5268662116"/>
    <nd ref="5268668529"/>
    <tag k="highway" v="footway"/>
    <tag k="surface" v="paving_stones"/>
  </way>
  <way id="545098710">
    <nd ref="5268664482"/>
    <nd ref="5268668538"/>
    <tag k="highway" v="footway"/>
    <tag k="surface" v="paving_stones"/>
  </way>
  <way id="545098713">
    <nd ref="5268668590"/>
    <nd ref="5268665524"/>
    <nd ref="5268697766"/>
    <tag k="highway" v="footway"/>
    <tag k="surface" v="paving_stones"/>
  </way>
  <way id="545098796">
    <nd ref="5268659978"/>
    <nd ref="5268675412"/>
    <tag k="highway" v="footway"/>
    <tag k="surface" v="paving_stones"/>
  </way>
  <way id="545098813">
    <nd ref="5268670495"/>
    <nd ref="5268669076"/>
    <tag k="highway" v="steps"/>
    <tag k="surface" v="paving_stones"/>
  </way>
  <way id="545098816">
    <nd ref="5268669289"/>
    <nd ref="5268737065"/>
    <nd ref="5268727153"/>
    <tag k="highway" v="footway"/>
    <tag k="surface" v="paving_stones"/>
  </way>
  <way id="545098817">
    <nd ref="5268669343"/>
    <nd ref="5268735927"/>
    <nd ref="5268736783"/>
    <tag k="highway" v="footway"/>
    <tag k="surface" v="paving_stones"/>
  </way>
  <way id="545098818">
    <nd ref="5268669348"/>
    <nd ref="5268670273"/>
    <nd ref="5268670489"/>
    <nd ref="5268670379"/>
    <nd ref="5268669078"/>
    <nd ref="5268669290"/>
    <nd ref="5268669348"/>
    <tag k="barrier" v="kerb"/>
  </way>
  <way id="545098849">
    <nd ref="5268668475"/>
    <nd ref="5268670268"/>
    <nd ref="5268670272"/>
    <nd ref="5268670377"/>
    <nd ref="5268669559"/>
    <nd ref="5268669560"/>
    <nd ref="5268668475"/>
    <tag k="barrier" v="kerb"/>
  </way>
  <way id="545098850">
    <nd ref="5268665985"/>
    <nd ref="5268670322"/>
    <nd ref="5268670068"/>
    <nd ref="5268670269"/>
    <nd ref="5268669734"/>
    <nd ref="5268669847"/>
    <nd ref="5268665985"/>
    <tag k="barrier" v="kerb"/>
  </way>
  <way id="545098865">
    <nd ref="5268670233"/>
    <nd ref="5268672856"/>
    <nd ref="5268672562"/>
    <nd ref="5268671216"/>
    <nd ref="5268670590"/>
    <nd ref="5268670230"/>
    <nd ref="5268670040"/>
    <nd ref="5268670233"/>
    <tag k="barrier" v="kerb"/>
  </way>
  <way id="545098869">
    <nd ref="5268669620"/>
    <nd ref="5268670050"/>
    <tag k="highway" v="footway"/>
    <tag k="surface" v="paving_stones"/>
  </way>
  <way id="545098870">
    <nd ref="5268670050"/>
    <nd ref="5268669161"/>
    <nd ref="5268671217"/>
    <tag k="highway" v="footway"/>
    <tag k="surface" v="paving_stones"/>
  </way>
  <way id="545098874">
    <nd ref="5268669611"/>
    <nd ref="5268669617"/>
    <nd ref="5268671218"/>
    <tag k="highway" v="footway"/>
    <tag k="surface" v="paving_stones"/>
  </way>
  <way id="545098875">
    <nd ref="5268670049"/>
    <nd ref="5268670231"/>
    <nd ref="5268670047"/>
    <nd ref="5268671214"/>
    <nd ref="5268670591"/>
    <nd ref="5268665995"/>
    <nd ref="5268666001"/>
    <nd ref="5268670049"/>
    <tag k="barrier" v="kerb"/>
  </way>
  <way id="545098879">
    <nd ref="5268670051"/>
    <nd ref="5268670232"/>
    <nd ref="5268670236"/>
    <nd ref="5268669610"/>
    <nd ref="5268670234"/>
    <tag k="highway" v="footway"/>
    <tag k="surface" v="paving_stones"/>
  </way>
  <way id="545098880">
    <nd ref="5268670050"/>
    <nd ref="5268670051"/>
    <tag k="highway" v="footway"/>
    <tag k="surface" v="paving_stones"/>
  </way>
  <way id="545098881">
    <nd ref="5268670265"/>
    <nd ref="5268670056"/>
    <nd ref="5268669619"/>
    <nd ref="5268671323"/>
    <nd ref="5268671324"/>
    <nd ref="5268671327"/>
    <nd ref="5268670265"/>
    <tag k="barrier" v="kerb"/>
  </way>
  <way id="545098882">
    <nd ref="5268669850"/>
    <nd ref="5268670266"/>
    <tag k="highway" v="footway"/>
    <tag k="surface" v="paving_stones"/>
  </way>
  <way id="545098883">
    <nd ref="5268669620"/>
    <nd ref="5268670266"/>
    <tag k="highway" v="footway"/>
    <tag k="surface" v="paving_stones"/>
  </way>
  <way id="545098885">
    <nd ref="5268670266"/>
    <nd ref="5268667397"/>
    <tag k="highway" v="footway"/>
    <tag k="surface" v="paving_stones"/>
  </way>
  <way id="545098903">
    <nd ref="5268669618"/>
    <nd ref="5268670264"/>
    <nd ref="5268667391"/>
    <nd ref="5268666363"/>
    <nd ref="5268667247"/>
    <nd ref="5268670321"/>
    <nd ref="5268669618"/>
    <tag k="barrier" v="kerb"/>
  </way>
  <way id="545098917">
    <nd ref="5268670271"/>
    <nd ref="5268670376"/>
    <tag k="highway" v="footway"/>
    <tag k="surface" v="paving_stones"/>
  </way>
  <way id="545098928">
    <nd ref="5268670488"/>
    <nd ref="5268670378"/>
    <tag k="highway" v="footway"/>
    <tag k="surface" v="paving_stones"/>
  </way>
  <way id="545098935">
    <nd ref="5268668330"/>
    <nd ref="5268670494"/>
    <nd ref="5268667961"/>
    <nd ref="5268668333"/>
    <nd ref="5268668330"/>
    <tag k="barrier" v="kerb"/>
  </way>
  <way id="545098936">
    <nd ref="5268669850"/>
    <nd ref="5268670271"/>
    <tag k="highway" v="footway"/>
    <tag k="surface" v="paving_stones"/>
  </way>
  <way id="545098937">
    <nd ref="5268670376"/>
    <nd ref="5268670488"/>
    <tag k="highway" v="footway"/>
    <tag k="surface" v="paving_stones"/>
  </way>
  <way id="545098938">
    <nd ref="5268670378"/>
    <nd ref="5268670274"/>
    <tag k="highway" v="footway"/>
    <tag k="surface" v="paving_stones"/>
  </way>
  <way id="545098946">
    <nd ref="5268668332"/>
    <nd ref="5268669890"/>
    <nd ref="5268670067"/>
    <nd ref="5268667394"/>
    <nd ref="5268667249"/>
    <nd ref="5268668331"/>
    <nd ref="5268668332"/>
    <tag k="barrier" v="kerb"/>
  </way>
  <way id="545098958">
    <nd ref="5268670275"/>
    <nd ref="5268669162"/>
    <nd ref="5268670380"/>
    <nd ref="5268670382"/>
    <nd ref="5268670293"/>
    <nd ref="5268670301"/>
    <nd ref="5268670275"/>
    <tag k="barrier" v="kerb"/>
  </way>
  <way id="545098968">
    <nd ref="5268665987"/>
    <nd ref="5268669343"/>
    <nd ref="5268670495"/>
    <nd ref="5268669289"/>
    <nd ref="5268670274"/>
    <tag k="highway" v="footway"/>
    <tag k="surface" v="paving_stones"/>
  </way>
  <way id="545098977">
    <nd ref="5268670510"/>
    <nd ref="5268667969"/>
    <tag k="highway" v="footway"/>
    <tag k="surface" v="paving_stones"/>
  </way>
  <way id="545098991">
    <nd ref="5268670496"/>
    <nd ref="5268670391"/>
    <nd ref="5268669163"/>
    <nd ref="5268670302"/>
    <nd ref="5268670300"/>
    <nd ref="5268665988"/>
    <nd ref="5268670496"/>
    <tag k="barrier" v="kerb"/>
  </way>
  <way id="545099000">
    <nd ref="5268670507"/>
    <nd ref="5268670510"/>
    <tag k="highway" v="footway"/>
    <tag k="surface" v="paving_stones"/>
  </way>
  <way id="545099002">
    <nd ref="5268670507"/>
    <nd ref="5268665987"/>
    <tag k="highway" v="footway"/>
    <tag k="surface" v="paving_stones"/>
  </way>
  <way id="545099003">
    <nd ref="5268668337"/>
    <nd ref="5268667963"/>
    <nd ref="5268668336"/>
    <nd ref="5268670506"/>
    <nd ref="5268670390"/>
    <nd ref="5268665972"/>
    <nd ref="5268668337"/>
    <tag k="barrier" v="kerb"/>
  </way>
  <way id="545099004">
    <nd ref="5268670508"/>
    <nd ref="5268670394"/>
    <nd ref="5268670511"/>
    <nd ref="5268670513"/>
    <nd ref="5268670509"/>
    <nd ref="5268670569"/>
    <nd ref="5268670508"/>
    <tag k="barrier" v="kerb"/>
  </way>
  <way id="545099008">
    <nd ref="5268669165"/>
    <nd ref="5268670510"/>
    <tag k="highway" v="footway"/>
    <tag k="surface" v="paving_stones"/>
  </way>
  <way id="545099009">
    <nd ref="5268670512"/>
    <nd ref="5268669165"/>
    <tag k="highway" v="footway"/>
    <tag k="surface" v="paving_stones"/>
  </way>
  <way id="545099010">
    <nd ref="5268670512"/>
    <nd ref="5268668537"/>
    <tag k="highway" v="footway"/>
    <tag k="surface" v="paving_stones"/>
  </way>
  <way id="545099011">
    <nd ref="5268670804"/>
    <nd ref="5268669189"/>
    <nd ref="5268669913"/>
    <nd ref="5268670571"/>
    <nd ref="5268670577"/>
    <nd ref="5268665993"/>
    <nd ref="5268670804"/>
    <tag k="barrier" v="kerb"/>
  </way>
  <way id="545099015">
    <nd ref="5268669191"/>
    <nd ref="5268669187"/>
    <tag k="highway" v="footway"/>
    <tag k="surface" v="paving_stones"/>
  </way>
  <way id="545099025">
    <nd ref="5268664234"/>
    <nd ref="5268669187"/>
    <tag k="highway" v="footway"/>
    <tag k="surface" v="paving_stones"/>
  </way>
  <way id="545099040">
    <nd ref="5268669193"/>
    <nd ref="5268669192"/>
    <tag k="highway" v="footway"/>
    <tag k="surface" v="paving_stones"/>
  </way>
  <way id="545099049">
    <nd ref="5268668900"/>
    <nd ref="5268668589"/>
    <nd ref="5268670053"/>
    <nd ref="5268668590"/>
    <nd ref="5268669192"/>
    <tag k="highway" v="footway"/>
    <tag k="surface" v="paving_stones"/>
  </way>
  <way id="545099056">
    <nd ref="5268665992"/>
    <nd ref="5268669191"/>
    <tag k="highway" v="footway"/>
    <tag k="surface" v="paving_stones"/>
  </way>
  <way id="545099067">
    <nd ref="5268669192"/>
    <nd ref="5268665992"/>
    <tag k="highway" v="footway"/>
    <tag k="surface" v="paving_stones"/>
  </way>
  <way id="545099072">
    <nd ref="5268665992"/>
    <nd ref="5268660953"/>
    <tag k="highway" v="footway"/>
    <tag k="surface" v="paving_stones"/>
  </way>
  <way id="545099073">
    <nd ref="5268662743"/>
    <nd ref="5268663703"/>
    <nd ref="5268662495"/>
    <nd ref="5268670572"/>
    <nd ref="5268669188"/>
    <nd ref="5268670570"/>
    <nd ref="5268662743"/>
    <tag k="barrier" v="kerb"/>
  </way>
  <way id="545099074">
    <nd ref="5268669187"/>
    <nd ref="5268668537"/>
    <tag k="highway" v="footway"/>
    <tag k="surface" v="paving_stones"/>
  </way>
  <way id="545099075">
    <nd ref="5268665994"/>
    <nd ref="5268670054"/>
    <nd ref="5268669193"/>
    <tag k="highway" v="footway"/>
    <tag k="surface" v="paving_stones"/>
  </way>
  <way id="545099076">
    <nd ref="5268671210"/>
    <nd ref="5268670587"/>
    <nd ref="5268671321"/>
    <nd ref="5268671031"/>
    <nd ref="5268671209"/>
    <nd ref="5268671304"/>
    <nd ref="5268671210"/>
    <tag k="barrier" v="kerb"/>
  </way>
  <way id="545099077">
    <nd ref="5268669191"/>
    <nd ref="5268671030"/>
    <tag k="highway" v="footway"/>
    <tag k="surface" v="paving_stones"/>
  </way>
  <way id="545099078">
    <nd ref="5268671319"/>
    <nd ref="5268670512"/>
    <tag k="highway" v="footway"/>
    <tag k="surface" v="paving_stones"/>
  </way>
  <way id="545099079">
    <nd ref="5268671030"/>
    <nd ref="5268671319"/>
    <tag k="highway" v="footway"/>
    <tag k="surface" v="paving_stones"/>
  </way>
  <way id="545099080">
    <nd ref="5268671318"/>
    <nd ref="5268672857"/>
    <nd ref="5268666002"/>
    <nd ref="5268671403"/>
    <nd ref="5268671215"/>
    <nd ref="5268671028"/>
    <nd ref="5268671317"/>
    <nd ref="5268671318"/>
    <tag k="barrier" v="kerb"/>
  </way>
  <way id="545099081">
    <nd ref="5268669193"/>
    <nd ref="5268671029"/>
    <tag k="highway" v="footway"/>
    <tag k="surface" v="paving_stones"/>
  </way>
  <way id="545099086">
    <nd ref="5268671029"/>
    <nd ref="5268671030"/>
    <tag k="highway" v="footway"/>
    <tag k="surface" v="paving_stones"/>
  </way>
  <way id="545099088">
    <nd ref="5268669182"/>
    <nd ref="5268670299"/>
    <nd ref="5268665990"/>
    <nd ref="5268665989"/>
    <nd ref="5268667968"/>
    <nd ref="5268668342"/>
    <nd ref="5268669182"/>
    <tag k="barrier" v="kerb"/>
  </way>
  <way id="545099114">
    <nd ref="5268774402"/>
    <nd ref="5268697763"/>
    <nd ref="5268670236"/>
    <tag k="highway" v="footway"/>
    <tag k="surface" v="paving_stones"/>
  </way>
  <way id="545099115">
    <nd ref="5268698314"/>
    <nd ref="5268665630"/>
    <nd ref="5268670232"/>
    <tag k="highway" v="footway"/>
    <tag k="surface" v="paving_stones"/>
  </way>
  <way id="545099116">
    <nd ref="5268697764"/>
    <nd ref="5268660972"/>
    <nd ref="5268669610"/>
    <tag k="highway" v="footway"/>
    <tag k="surface" v="paving_stones"/>
  </way>
  <way id="545099117">
    <nd ref="5268669608"/>
    <nd ref="5268671328"/>
    <nd ref="5268676096"/>
    <nd ref="5268677304"/>
    <nd ref="5268677333"/>
    <nd ref="5268670588"/>
    <nd ref="5268669620"/>
    <tag k="highway" v="footway"/>
    <tag k="surface" v="paving_stones"/>
  </way>
  <way id="545099118">
    <nd ref="5268671029"/>
    <nd ref="5268670589"/>
    <nd ref="5268677306"/>
    <nd ref="5268676095"/>
    <nd ref="5268677334"/>
    <nd ref="5268671213"/>
    <nd ref="5268668349"/>
    <tag k="highway" v="footway"/>
    <tag k="surface" v="paving_stones"/>
  </way>
  <way id="545099120">
    <nd ref="5268669850"/>
    <nd ref="5268671040"/>
    <nd ref="5268679005"/>
    <nd ref="5349406151"/>
    <nd ref="5268679004"/>
    <nd ref="5268665986"/>
    <nd ref="5268670228"/>
    <tag k="highway" v="footway"/>
    <tag k="surface" v="paving_stones"/>
  </way>
  <way id="545099121">
    <nd ref="5268669074"/>
    <nd ref="5268669196"/>
    <nd ref="5268679374"/>
    <nd ref="5262216288"/>
    <nd ref="5268649008"/>
    <nd ref="5268671326"/>
    <nd ref="5268671319"/>
    <tag k="highway" v="footway"/>
    <tag k="surface" v="paving_stones"/>
  </way>
  <way id="545099122">
    <nd ref="5268669342"/>
    <nd ref="5268670381"/>
    <nd ref="5268670490"/>
    <nd ref="5268669891"/>
    <nd ref="5268670387"/>
    <nd ref="5268670393"/>
    <nd ref="5268671326"/>
    <nd ref="5268670589"/>
    <nd ref="5268665994"/>
    <nd ref="5268669194"/>
    <nd ref="5268672553"/>
    <nd ref="5268671213"/>
    <nd ref="5268669196"/>
    <nd ref="5268673649"/>
    <nd ref="5268673973"/>
    <nd ref="5268669198"/>
    <nd ref="5268676194"/>
    <nd ref="5268676045"/>
    <nd ref="5268674645"/>
    <nd ref="5268665644"/>
    <nd ref="5268673653"/>
    <nd ref="5268675531"/>
    <nd ref="5268669368"/>
    <nd ref="5268669093"/>
    <nd ref="5268669733"/>
    <nd ref="5268669577"/>
    <nd ref="5268665986"/>
    <nd ref="5268671328"/>
    <nd ref="5268671218"/>
    <nd ref="5268671404"/>
    <nd ref="5268671217"/>
    <nd ref="5268670588"/>
    <nd ref="5268671040"/>
    <nd ref="5268669735"/>
    <nd ref="5268669138"/>
    <nd ref="5268666604"/>
    <nd ref="5268669077"/>
    <nd ref="5268669081"/>
    <nd ref="5268669288"/>
    <tag k="highway" v="footway"/>
    <tag k="surface" v="paving_stones"/>
  </way>
  <way id="545099236">
    <nd ref="5268675531"/>
    <nd ref="5268657773"/>
    <nd ref="5349406157"/>
    <nd ref="5268675543"/>
    <nd ref="5268753514"/>
    <nd ref="5268669081"/>
    <tag k="highway" v="footway"/>
    <tag k="surface" v="paving_stones"/>
  </way>
  <way id="545099238">
    <nd ref="5268668474"/>
    <nd ref="5268669368"/>
    <nd ref="5268678969"/>
    <nd ref="5349406156"/>
    <nd ref="5268679140"/>
    <nd ref="5268669077"/>
    <nd ref="5268670378"/>
    <tag k="highway" v="footway"/>
    <tag k="surface" v="paving_stones"/>
  </way>
  <way id="545099254">
    <nd ref="5268670036"/>
    <nd ref="5268669733"/>
    <nd ref="5268679372"/>
    <nd ref="5349406153"/>
    <nd ref="5268678804"/>
    <nd ref="5268669138"/>
    <nd ref="5268670376"/>
    <tag k="highway" v="footway"/>
    <tag k="surface" v="paving_stones"/>
  </way>
  <way id="545099255">
    <nd ref="5268669577"/>
    <nd ref="5268678805"/>
    <nd ref="5349406152"/>
    <nd ref="5268679003"/>
    <nd ref="5268669735"/>
    <tag k="highway" v="footway"/>
    <tag k="surface" v="paving_stones"/>
  </way>
  <way id="545099256">
    <nd ref="5268676045"/>
    <nd ref="5268675542"/>
    <nd ref="5349406158"/>
    <nd ref="5268678910"/>
    <nd ref="5268760834"/>
    <nd ref="5268670381"/>
    <tag k="highway" v="footway"/>
    <tag k="surface" v="paving_stones"/>
  </way>
  <way id="545099257">
    <nd ref="5268676044"/>
    <nd ref="5268676194"/>
    <nd ref="5268679139"/>
    <nd ref="5349406159"/>
    <nd ref="5268679138"/>
    <nd ref="5268670490"/>
    <nd ref="5268670507"/>
    <tag k="highway" v="footway"/>
    <tag k="surface" v="paving_stones"/>
  </way>
  <way id="545099258">
    <nd ref="5268669198"/>
    <nd ref="5268678802"/>
    <nd ref="5349406160"/>
    <nd ref="5268679370"/>
    <nd ref="5268669891"/>
    <tag k="highway" v="footway"/>
    <tag k="surface" v="paving_stones"/>
  </way>
  <way id="545099260">
    <nd ref="5268674852"/>
    <nd ref="5268673973"/>
    <nd ref="5268679371"/>
    <nd ref="5349406161"/>
    <nd ref="5268678803"/>
    <nd ref="5268670387"/>
    <nd ref="5268669165"/>
    <tag k="highway" v="footway"/>
    <tag k="surface" v="paving_stones"/>
  </way>
  <way id="545099261">
    <nd ref="5268673649"/>
    <nd ref="5268679286"/>
    <nd ref="5349406162"/>
    <nd ref="5268679373"/>
    <nd ref="5268670393"/>
    <tag k="highway" v="footway"/>
    <tag k="surface" v="paving_stones"/>
  </way>
  <way id="545099262">
    <nd ref="5268669093"/>
    <nd ref="5268678801"/>
    <nd ref="5349406155"/>
    <nd ref="5268678970"/>
    <nd ref="5268666604"/>
    <tag k="highway" v="footway"/>
    <tag k="surface" v="paving_stones"/>
  </way>
  <way id="545100881">
    <nd ref="10255437532"/>
    <nd ref="5270653946"/>
    <nd ref="5268697762"/>
    <tag k="crossing" v="uncontrolled"/>
    <tag k="footway" v="crossing"/>
    <tag k="highway" v="footway"/>
    <tag k="lit" v="yes"/>
    <tag k="surface" v="asphalt"/>
  </way>
  <way id="545105242">
    <nd ref="5268670236"/>
    <nd ref="5268671404"/>
    <tag k="highway" v="steps"/>
  </way>
  <way id="545105246">
    <nd ref="5268670053"/>
    <nd ref="5268669194"/>
    <tag k="highway" v="steps"/>
  </way>
  <way id="545105250">
    <nd ref="5268668339"/>
    <nd ref="5268659978"/>
    <tag k="highway" v="steps"/>
  </way>
  <way id="545105255">
    <nd ref="5268734536"/>
    <nd ref="5268735928"/>
    <nd ref="5268736784"/>
    <nd ref="5268737080"/>
    <nd ref="5268734536"/>
    <tag k="barrier" v="kerb"/>
  </way>
  <way id="545108052">
    <nd ref="5268760833"/>
    <nd ref="5268735926"/>
    <nd ref="5268760177"/>
    <tag k="highway" v="footway"/>
    <tag k="lit" v="yes"/>
    <tag k="surface" v="paving_stones"/>
  </way>
  <way id="545298845">
    <nd ref="5270382009"/>
    <nd ref="5270383335"/>
    <nd ref="5270383162"/>
    <nd ref="5270383334"/>
    <nd ref="5270383228"/>
    <nd ref="5270383161"/>
    <nd ref="5270383227"/>
    <nd ref="5270383160"/>
    <nd ref="5270383226"/>
    <nd ref="5270382903"/>
    <nd ref="6586340227"/>
    <nd ref="1863241279"/>
    <nd ref="10154254003"/>
    <nd ref="5270383158"/>
    <nd ref="5270382862"/>
    <nd ref="1863241294"/>
    <nd ref="5270381638"/>
    <nd ref="5270382318"/>
    <nd ref="5270382861"/>
    <nd ref="5270383157"/>
    <nd ref="5270382317"/>
    <nd ref="6586340335"/>
    <tag k="highway" v="trunk"/>
    <tag k="junction" v="roundabout"/>
    <tag k="lanes" v="5"/>
    <tag k="maxspeed" v="30"/>
    <tag k="name" v="میدان آزادی"/>
    <tag k="name:en" v="Azadi Square"/>
    <tag k="surface" v="asphalt"/>
  </way>
  <way id="545298860">
    <nd ref="5270383238"/>
    <nd ref="3870176577"/>
    <nd ref="5270382009"/>
    <tag k="highway" v="trunk"/>
    <tag k="junction" v="roundabout"/>
    <tag k="lanes" v="3"/>
    <tag k="layer" v="-1"/>
    <tag k="maxheight" v="4.5"/>
    <tag k="maxspeed" v="30"/>
    <tag k="name" v="میدان آزادی"/>
    <tag k="name:en" v="Azadi Square"/>
    <tag k="surface" v="asphalt"/>
    <tag k="tunnel" v="yes"/>
  </way>
  <way id="545298968">
    <nd ref="5270365882"/>
    <nd ref="5270366245"/>
    <nd ref="5270366244"/>
    <nd ref="5270381102"/>
    <nd ref="5270381101"/>
    <nd ref="5270381239"/>
    <nd ref="5270381238"/>
    <nd ref="5270381237"/>
    <nd ref="5270381100"/>
    <nd ref="5270381099"/>
    <nd ref="5270381098"/>
    <nd ref="5270381097"/>
    <nd ref="5270380646"/>
    <nd ref="5270381096"/>
    <nd ref="5270380645"/>
    <nd ref="5270380735"/>
    <nd ref="5270380644"/>
    <nd ref="5270381095"/>
    <nd ref="5270380643"/>
    <nd ref="5270381094"/>
    <nd ref="5270380642"/>
    <nd ref="5270380734"/>
    <nd ref="5270380641"/>
    <nd ref="5270366416"/>
    <nd ref="5270366111"/>
  </way>
  <way id="545299041">
    <nd ref="5270362316"/>
    <nd ref="5270362311"/>
    <nd ref="5270362383"/>
    <nd ref="5270358401"/>
    <nd ref="5270362349"/>
    <nd ref="5270362269"/>
    <nd ref="5270362270"/>
    <nd ref="5270362308"/>
    <nd ref="5270358402"/>
    <nd ref="5270362464"/>
    <nd ref="5270362316"/>
  </way>
  <way id="545299050">
    <nd ref="5270366111"/>
    <nd ref="5270365887"/>
    <nd ref="5270368296"/>
    <nd ref="5270368623"/>
    <nd ref="5270364442"/>
    <nd ref="5270368624"/>
    <nd ref="5270365888"/>
    <nd ref="5270368297"/>
    <nd ref="5270369045"/>
    <nd ref="5270365889"/>
    <nd ref="5270368298"/>
  </way>
  <way id="545299061">
    <nd ref="5270362474"/>
    <nd ref="5270363422"/>
    <nd ref="5270362318"/>
    <nd ref="5270362466"/>
    <nd ref="5270362474"/>
  </way>
  <way id="545299074">
    <nd ref="5270363765"/>
    <nd ref="5270363423"/>
    <nd ref="5270362475"/>
    <nd ref="5270357684"/>
    <nd ref="5270363765"/>
  </way>
  <way id="545299183">
    <nd ref="5270360242"/>
    <nd ref="5270363424"/>
    <nd ref="5270358405"/>
    <tag k="highway" v="footway"/>
    <tag k="surface" v="paving_stones"/>
  </way>
  <way id="545299192">
    <nd ref="5270362310"/>
    <nd ref="5270362382"/>
    <nd ref="5270360249"/>
    <nd ref="5270361294"/>
    <nd ref="5270361106"/>
    <nd ref="5270361653"/>
    <nd ref="5270361293"/>
    <nd ref="5270361105"/>
    <nd ref="5270362310"/>
  </way>
  <way id="545299203">
    <nd ref="5270361292"/>
    <nd ref="5270362384"/>
    <tag k="highway" v="footway"/>
    <tag k="surface" v="paving_stones"/>
  </way>
  <way id="545299255">
    <nd ref="5270362463"/>
    <nd ref="5270362315"/>
    <nd ref="5270358400"/>
    <nd ref="5270361883"/>
    <nd ref="5270361929"/>
    <nd ref="5270361882"/>
    <nd ref="11006946668"/>
    <nd ref="5270361927"/>
    <nd ref="11006946669"/>
    <nd ref="5270362148"/>
    <nd ref="5270361921"/>
    <nd ref="5270361720"/>
    <nd ref="5270361926"/>
    <nd ref="5270361846"/>
    <nd ref="5270361718"/>
    <nd ref="5270361725"/>
    <nd ref="5270361724"/>
    <nd ref="5270361717"/>
    <nd ref="5270361664"/>
    <nd ref="5270361310"/>
    <nd ref="5270361308"/>
    <nd ref="5270361109"/>
    <nd ref="5270361297"/>
    <nd ref="5270361107"/>
    <nd ref="5270366233"/>
    <nd ref="5270366095"/>
    <nd ref="5270365874"/>
    <tag k="highway" v="footway"/>
    <tag k="surface" v="paving_stones"/>
  </way>
  <way id="545299470">
    <nd ref="5270366111"/>
    <nd ref="5270362275"/>
    <nd ref="5270362309"/>
    <nd ref="5270362313"/>
    <nd ref="5270362317"/>
    <nd ref="5270362268"/>
    <nd ref="5270361930"/>
    <nd ref="5270357682"/>
    <nd ref="5270357681"/>
    <nd ref="5270362149"/>
    <nd ref="5270368298"/>
  </way>
  <way id="545299527">
    <nd ref="5270366058"/>
    <nd ref="5270365855"/>
    <nd ref="5270364896"/>
    <nd ref="5270360304"/>
    <nd ref="5270364889"/>
    <nd ref="5270947327"/>
    <nd ref="5270942614"/>
    <nd ref="5270360277"/>
    <nd ref="5270364230"/>
    <nd ref="5270946661"/>
    <nd ref="5270360553"/>
    <nd ref="5270359904"/>
    <nd ref="5270359968"/>
    <nd ref="5270946849"/>
    <nd ref="5270364120"/>
    <nd ref="5270363425"/>
    <nd ref="5270947325"/>
    <nd ref="5270363424"/>
    <nd ref="5270362463"/>
    <nd ref="5270947307"/>
    <nd ref="5270362384"/>
    <nd ref="5270361946"/>
    <nd ref="5270359967"/>
    <tag k="highway" v="footway"/>
    <tag k="surface" v="paving_stones"/>
  </way>
  <way id="545299566">
    <nd ref="5270362462"/>
    <nd ref="5270361948"/>
    <nd ref="5270361091"/>
    <nd ref="5270361090"/>
    <nd ref="5270361254"/>
    <nd ref="5270362472"/>
    <nd ref="5270362462"/>
  </way>
  <way id="545299587">
    <nd ref="5270363427"/>
    <nd ref="5270358399"/>
    <nd ref="5270362267"/>
    <nd ref="5270361931"/>
    <nd ref="5270362319"/>
    <nd ref="5270363421"/>
    <nd ref="5270363427"/>
    <tag k="landuse" v="grass"/>
  </way>
  <way id="545299635">
    <nd ref="5270363762"/>
    <nd ref="5270362320"/>
    <nd ref="5270361089"/>
    <nd ref="5270361088"/>
    <nd ref="5270360565"/>
    <nd ref="5270363770"/>
    <nd ref="5270363762"/>
  </way>
  <way id="545300108">
    <nd ref="5270366241"/>
    <nd ref="5270366099"/>
    <nd ref="5270366235"/>
    <nd ref="5270366095"/>
    <nd ref="5270365878"/>
    <nd ref="5270366059"/>
    <nd ref="5270365856"/>
    <nd ref="5270358406"/>
    <nd ref="5270365098"/>
    <nd ref="5270365092"/>
    <nd ref="5270365050"/>
    <nd ref="5270364892"/>
    <nd ref="5270360305"/>
    <nd ref="5270364891"/>
    <nd ref="5270360281"/>
    <nd ref="5270360279"/>
    <nd ref="5270360280"/>
    <nd ref="5270947326"/>
    <nd ref="5270364235"/>
    <nd ref="5270360552"/>
    <nd ref="5270359904"/>
    <nd ref="5270360222"/>
    <nd ref="5270364226"/>
    <nd ref="5270364225"/>
    <nd ref="5270357683"/>
    <nd ref="5270363763"/>
    <nd ref="5270363764"/>
    <nd ref="5270362473"/>
    <nd ref="5270358405"/>
    <nd ref="5270362471"/>
    <nd ref="5270362315"/>
    <nd ref="5270362465"/>
    <nd ref="5270358403"/>
    <nd ref="5270361947"/>
    <nd ref="5270361945"/>
    <nd ref="5270360255"/>
    <tag k="highway" v="footway"/>
    <tag k="surface" v="paving_stones"/>
  </way>
  <way id="545300307">
    <nd ref="5270644378"/>
    <nd ref="5270380406"/>
    <nd ref="5270380499"/>
    <nd ref="5270379152"/>
    <nd ref="5270643733"/>
    <nd ref="5270643443"/>
    <nd ref="5270380407"/>
    <nd ref="5270380500"/>
    <nd ref="5270380204"/>
    <nd ref="5270653864"/>
    <nd ref="5270380408"/>
    <nd ref="5270642965"/>
    <nd ref="5270380501"/>
    <nd ref="5270643732"/>
    <nd ref="5270380205"/>
    <nd ref="5270643574"/>
    <nd ref="5270380409"/>
    <nd ref="5270642953"/>
    <nd ref="5270380502"/>
    <nd ref="5270643731"/>
    <nd ref="5270380206"/>
    <nd ref="5270643573"/>
    <nd ref="5270380503"/>
    <nd ref="5270642952"/>
    <nd ref="5270380411"/>
    <nd ref="5270643729"/>
    <nd ref="5270380208"/>
    <nd ref="5270644096"/>
    <nd ref="5270380505"/>
    <nd ref="5270380209"/>
    <nd ref="5270644172"/>
    <nd ref="5270644231"/>
    <nd ref="5270380506"/>
    <nd ref="5270635768"/>
    <nd ref="5270385313"/>
    <nd ref="5270384965"/>
    <nd ref="5270384964"/>
    <nd ref="5270384118"/>
    <nd ref="5270385192"/>
    <nd ref="5270385191"/>
    <nd ref="5270385190"/>
    <nd ref="5270383712"/>
    <nd ref="5270384942"/>
    <nd ref="5270383711"/>
    <nd ref="5270380813"/>
    <nd ref="5270383710"/>
    <nd ref="5270380812"/>
    <nd ref="5270383709"/>
    <nd ref="5270380811"/>
    <nd ref="5270383708"/>
    <nd ref="5270382925"/>
    <nd ref="5270383707"/>
    <nd ref="5270380802"/>
    <nd ref="5270383704"/>
    <nd ref="5270380801"/>
    <nd ref="5270386101"/>
    <nd ref="5270644378"/>
    <tag k="highway" v="footway"/>
  </way>
  <way id="545300308">
    <nd ref="5270363769"/>
    <nd ref="11930977295"/>
    <nd ref="5270384986"/>
    <nd ref="5270386100"/>
    <nd ref="5270384985"/>
    <nd ref="5270386099"/>
    <nd ref="5270384984"/>
    <nd ref="5270386098"/>
    <nd ref="5270384983"/>
    <nd ref="5270386097"/>
    <nd ref="5270386096"/>
    <nd ref="5270386144"/>
    <nd ref="5270386095"/>
    <nd ref="5270386094"/>
    <nd ref="5270384975"/>
    <nd ref="5270385643"/>
    <nd ref="5270385893"/>
    <nd ref="5270384974"/>
    <nd ref="5270384973"/>
    <nd ref="5270384972"/>
    <nd ref="5270384971"/>
    <nd ref="5270384970"/>
    <nd ref="5270360255"/>
    <nd ref="5270380814"/>
    <nd ref="5270363430"/>
    <nd ref="5270380210"/>
    <nd ref="5270380415"/>
    <nd ref="5270359967"/>
    <nd ref="5270380508"/>
    <nd ref="5270380211"/>
    <nd ref="5270380416"/>
    <nd ref="5270380509"/>
    <nd ref="5270361292"/>
    <nd ref="5270380212"/>
    <nd ref="5270360242"/>
    <nd ref="5270380417"/>
    <nd ref="5270380510"/>
    <nd ref="5270361103"/>
    <nd ref="5270380213"/>
    <nd ref="5270361291"/>
    <nd ref="5270380418"/>
    <nd ref="5270380511"/>
    <nd ref="5270360574"/>
    <nd ref="5270380214"/>
    <nd ref="5270360570"/>
    <nd ref="5270380419"/>
    <nd ref="5270406872"/>
    <nd ref="5270380512"/>
    <nd ref="5270361290"/>
    <nd ref="5270380215"/>
    <nd ref="5270361096"/>
    <nd ref="5270380420"/>
    <nd ref="5270380513"/>
    <nd ref="5270366411"/>
    <nd ref="5270366241"/>
    <nd ref="5270380621"/>
    <nd ref="5270363769"/>
    <tag k="highway" v="footway"/>
  </way>
  <way id="545300338">
    <nd ref="5268669342"/>
    <nd ref="5268669343"/>
    <tag k="highway" v="steps"/>
    <tag k="surface" v="paving_stones"/>
  </way>
  <way id="545300339">
    <nd ref="5268669288"/>
    <nd ref="5268669289"/>
    <tag k="highway" v="steps"/>
    <tag k="surface" v="paving_stones"/>
  </way>
  <way id="545300340">
    <nd ref="5268760834"/>
    <nd ref="5268760177"/>
    <nd ref="5268669342"/>
    <tag k="highway" v="footway"/>
    <tag k="surface" v="paving_stones"/>
  </way>
  <way id="545300341">
    <nd ref="5268753514"/>
    <nd ref="5268760833"/>
    <nd ref="5268669288"/>
    <tag k="highway" v="footway"/>
    <tag k="surface" v="paving_stones"/>
  </way>
  <way id="545326427">
    <nd ref="5270642967"/>
    <nd ref="5270643448"/>
    <nd ref="5270641321"/>
    <nd ref="5270641223"/>
    <nd ref="5270642967"/>
  </way>
  <way id="545326428">
    <nd ref="5270641244"/>
    <nd ref="5270640880"/>
    <tag k="highway" v="footway"/>
    <tag k="surface" v="paving_stones"/>
  </way>
  <way id="545326442">
    <nd ref="5270641324"/>
    <nd ref="5270640880"/>
    <tag k="highway" v="footway"/>
    <tag k="surface" v="paving_stones"/>
  </way>
  <way id="545326443">
    <nd ref="5270640855"/>
    <nd ref="5270637277"/>
    <nd ref="5270641259"/>
    <nd ref="5270640898"/>
    <nd ref="5270640855"/>
  </way>
  <way id="545326444">
    <nd ref="5270637791"/>
    <nd ref="5270641255"/>
    <nd ref="5270641477"/>
    <nd ref="5270641474"/>
    <nd ref="5270637791"/>
  </way>
  <way id="545326445">
    <nd ref="5270641356"/>
    <nd ref="5270641279"/>
    <nd ref="5270641388"/>
    <nd ref="5270641481"/>
    <nd ref="5270641356"/>
  </way>
  <way id="545326446">
    <nd ref="5270641489"/>
    <nd ref="5270641542"/>
    <nd ref="5270641404"/>
    <nd ref="5270641501"/>
    <nd ref="5270641489"/>
  </way>
  <way id="545326447">
    <nd ref="5270641071"/>
    <nd ref="5270641948"/>
    <nd ref="5270642131"/>
    <nd ref="5270642132"/>
    <nd ref="5270642040"/>
    <nd ref="5270641947"/>
    <nd ref="5270642127"/>
    <nd ref="5270641071"/>
  </way>
  <way id="545326448">
    <nd ref="5270640644"/>
    <nd ref="5270640439"/>
    <nd ref="5270634700"/>
    <nd ref="5270641958"/>
    <nd ref="5270637305"/>
    <nd ref="5270642128"/>
    <nd ref="5270640644"/>
  </way>
  <way id="545326455">
    <nd ref="5270641962"/>
    <nd ref="5270643728"/>
    <nd ref="5270642951"/>
    <nd ref="5270643532"/>
    <nd ref="5270641963"/>
    <nd ref="5270641962"/>
  </way>
  <way id="545326462">
    <nd ref="5270642375"/>
    <nd ref="5270644373"/>
    <nd ref="5270644233"/>
    <nd ref="5270641073"/>
    <nd ref="5270642373"/>
    <nd ref="5270635723"/>
    <nd ref="5270637272"/>
    <nd ref="5270634694"/>
    <nd ref="5270634691"/>
    <nd ref="5270640431"/>
    <nd ref="5270640422"/>
    <nd ref="5270639816"/>
    <nd ref="5270637760"/>
    <nd ref="5270639755"/>
    <nd ref="5270639903"/>
    <nd ref="5270639745"/>
    <nd ref="5270639740"/>
    <nd ref="5270634685"/>
    <nd ref="5270634681"/>
    <nd ref="5270640850"/>
    <nd ref="5270641122"/>
    <nd ref="5270644222"/>
    <nd ref="5270644225"/>
    <nd ref="5270644101"/>
    <nd ref="5270644103"/>
    <nd ref="5270635767"/>
  </way>
  <way id="545326463">
    <nd ref="5270635767"/>
    <nd ref="5270380636"/>
    <nd ref="5270380724"/>
    <nd ref="5270380635"/>
    <nd ref="5270380723"/>
    <nd ref="5270380634"/>
    <nd ref="5270380633"/>
    <nd ref="5270380823"/>
    <nd ref="5270380632"/>
    <nd ref="5270380822"/>
    <nd ref="5270380631"/>
    <nd ref="5270380821"/>
    <nd ref="5270380630"/>
    <nd ref="5270380520"/>
    <nd ref="5270380625"/>
    <nd ref="5270380516"/>
    <nd ref="5270380624"/>
    <nd ref="5270374320"/>
    <nd ref="5270380623"/>
    <nd ref="5270380515"/>
    <nd ref="5270380622"/>
    <nd ref="5270380217"/>
    <nd ref="5270380514"/>
    <nd ref="5270642376"/>
    <nd ref="5270642375"/>
  </way>
  <way id="545326464">
    <nd ref="5270642375"/>
    <nd ref="5270366668"/>
    <nd ref="5270367981"/>
    <nd ref="5270367417"/>
    <nd ref="5270366669"/>
    <nd ref="5270367982"/>
    <nd ref="5270367418"/>
    <nd ref="5270366672"/>
    <nd ref="5270367419"/>
    <nd ref="5270368039"/>
    <nd ref="5270368621"/>
    <nd ref="5270366673"/>
    <nd ref="5270368291"/>
    <nd ref="5270368622"/>
    <nd ref="5270368292"/>
    <nd ref="5270368924"/>
    <nd ref="5270368293"/>
    <nd ref="5270368925"/>
    <nd ref="5270368294"/>
    <nd ref="5270368926"/>
    <nd ref="5270368295"/>
    <nd ref="5270365885"/>
    <nd ref="5270635767"/>
  </way>
  <way id="545326465">
    <nd ref="5270638889"/>
    <nd ref="5270641960"/>
    <nd ref="5270641959"/>
    <nd ref="5270642372"/>
    <nd ref="5270641970"/>
    <nd ref="5270637801"/>
    <nd ref="5270638889"/>
  </way>
  <way id="545326466">
    <nd ref="5270643020"/>
    <nd ref="5270635766"/>
    <nd ref="5270643018"/>
    <nd ref="5270644093"/>
    <nd ref="5270643020"/>
  </way>
  <way id="545326467">
    <nd ref="5270644232"/>
    <nd ref="5270639612"/>
    <nd ref="5270644227"/>
    <nd ref="5270644099"/>
    <nd ref="5270644095"/>
    <nd ref="5270644156"/>
    <nd ref="5270644097"/>
    <nd ref="5270644170"/>
    <nd ref="5270644232"/>
  </way>
  <way id="545326468">
    <nd ref="5270644096"/>
    <nd ref="5270644098"/>
    <tag k="highway" v="footway"/>
    <tag k="surface" v="paving_stones"/>
  </way>
  <way id="545326469">
    <nd ref="5270643745"/>
    <nd ref="5270643451"/>
    <nd ref="5270634682"/>
    <tag k="highway" v="footway"/>
    <tag k="surface" v="paving_stones"/>
  </way>
  <way id="545326470">
    <nd ref="5270641276"/>
    <nd ref="5270637797"/>
    <nd ref="5270640075"/>
    <tag k="highway" v="footway"/>
    <tag k="surface" v="paving_stones"/>
  </way>
  <way id="545326474">
    <nd ref="5270641400"/>
    <nd ref="5270641550"/>
    <nd ref="5270637765"/>
    <tag k="highway" v="footway"/>
    <tag k="surface" v="paving_stones"/>
  </way>
  <way id="545326475">
    <nd ref="5270643016"/>
    <nd ref="5270643017"/>
    <nd ref="5270643480"/>
    <nd ref="5270644068"/>
    <nd ref="5270643016"/>
  </way>
  <way id="545326476">
    <nd ref="5270640563"/>
    <nd ref="5270641070"/>
    <nd ref="5270641514"/>
    <tag k="highway" v="footway"/>
    <tag k="surface" v="paving_stones"/>
  </way>
  <way id="545326478">
    <nd ref="5270644157"/>
    <nd ref="5270644092"/>
    <nd ref="5270640999"/>
    <nd ref="5270635722"/>
    <nd ref="5270634682"/>
    <nd ref="5270634683"/>
    <nd ref="5270639895"/>
    <nd ref="5270639742"/>
    <nd ref="5270639900"/>
    <nd ref="5270639752"/>
    <nd ref="5270639909"/>
    <nd ref="5270639998"/>
    <nd ref="5270640075"/>
    <nd ref="5270640081"/>
    <nd ref="5270637765"/>
    <nd ref="5270640428"/>
    <nd ref="5270640560"/>
    <nd ref="5270640436"/>
    <nd ref="5270640563"/>
    <nd ref="5270639608"/>
    <nd ref="5270639610"/>
    <nd ref="5270641957"/>
    <nd ref="5270642039"/>
    <nd ref="5270642130"/>
    <tag k="highway" v="footway"/>
    <tag k="surface" v="paving_stones"/>
  </way>
  <way id="545326533">
    <nd ref="5270643729"/>
    <nd ref="5270644153"/>
    <nd ref="5270643011"/>
    <tag k="highway" v="footway"/>
    <tag k="surface" v="paving_stones"/>
  </way>
  <way id="545326534">
    <nd ref="5270643447"/>
    <nd ref="5270643734"/>
    <nd ref="5270642952"/>
    <tag k="highway" v="footway"/>
    <tag k="surface" v="paving_stones"/>
  </way>
  <way id="545326535">
    <nd ref="5270641340"/>
    <nd ref="5270637792"/>
    <nd ref="5270643731"/>
    <tag k="highway" v="footway"/>
    <tag k="surface" v="paving_stones"/>
  </way>
  <way id="545326538">
    <nd ref="5270642953"/>
    <nd ref="5270641538"/>
    <nd ref="5270641485"/>
    <nd ref="5270641392"/>
    <tag k="highway" v="footway"/>
    <tag k="surface" v="paving_stones"/>
  </way>
  <way id="545326539">
    <nd ref="5270643574"/>
    <nd ref="5270641409"/>
    <tag k="highway" v="footway"/>
    <tag k="surface" v="paving_stones"/>
  </way>
  <way id="545326540">
    <nd ref="5270641961"/>
    <nd ref="5270642950"/>
    <nd ref="5270643531"/>
    <nd ref="5270642949"/>
    <nd ref="5270642129"/>
    <nd ref="5270642038"/>
    <nd ref="5270641961"/>
  </way>
  <way id="545326541">
    <nd ref="5270643732"/>
    <nd ref="5270641946"/>
    <tag k="highway" v="footway"/>
    <tag k="surface" v="paving_stones"/>
  </way>
  <way id="545326542">
    <nd ref="5270635733"/>
    <nd ref="5270642965"/>
    <tag k="highway" v="footway"/>
    <tag k="surface" v="paving_stones"/>
  </way>
  <way id="545326543">
    <nd ref="5270644172"/>
    <nd ref="5270644100"/>
    <nd ref="5270644098"/>
    <nd ref="5270644157"/>
    <nd ref="5270644153"/>
    <nd ref="5270643745"/>
    <nd ref="5270643734"/>
    <nd ref="5270641324"/>
    <nd ref="5270640884"/>
    <nd ref="5270641244"/>
    <nd ref="5270641263"/>
    <nd ref="5270637792"/>
    <nd ref="5270641276"/>
    <nd ref="5270641485"/>
    <nd ref="5270641400"/>
    <nd ref="5270641066"/>
    <nd ref="5270641409"/>
    <nd ref="5270641514"/>
    <nd ref="5270641946"/>
    <nd ref="5270642037"/>
    <nd ref="5270642130"/>
    <nd ref="5270635733"/>
    <nd ref="5270635734"/>
    <nd ref="5270643443"/>
    <tag k="highway" v="footway"/>
    <tag k="surface" v="paving_stones"/>
  </way>
  <way id="545326557">
    <nd ref="5270638888"/>
    <nd ref="5270641080"/>
    <nd ref="5270643530"/>
    <nd ref="5270641945"/>
    <nd ref="5270641067"/>
    <nd ref="5270641956"/>
    <nd ref="5270638888"/>
  </way>
  <way id="545326614">
    <nd ref="5270637799"/>
    <nd ref="5270641408"/>
    <nd ref="5270641507"/>
    <nd ref="5270641955"/>
    <nd ref="5270642036"/>
    <nd ref="5270641512"/>
    <nd ref="5270637799"/>
  </way>
  <way id="545326629">
    <nd ref="5270641505"/>
    <nd ref="5270634689"/>
    <nd ref="5270640430"/>
    <nd ref="5270637768"/>
    <nd ref="5270637800"/>
    <nd ref="5270641726"/>
    <nd ref="5270641505"/>
  </way>
  <way id="545326635">
    <nd ref="5270641281"/>
    <nd ref="5270634686"/>
    <nd ref="5270634687"/>
    <nd ref="5270634688"/>
    <nd ref="5270641407"/>
    <nd ref="5270641396"/>
    <nd ref="5270641281"/>
  </way>
  <way id="545326636">
    <nd ref="5270637809"/>
    <nd ref="5270637308"/>
    <nd ref="5270641078"/>
    <nd ref="5270641336"/>
    <nd ref="5270641351"/>
    <nd ref="5270641534"/>
    <nd ref="5270637809"/>
  </way>
  <way id="545326639">
    <nd ref="5270641064"/>
    <nd ref="5270637307"/>
    <nd ref="5270641077"/>
    <nd ref="5270637804"/>
    <nd ref="5270641063"/>
    <nd ref="5270637284"/>
    <nd ref="5270641064"/>
  </way>
  <way id="545326642">
    <nd ref="5270637309"/>
    <nd ref="5270641972"/>
    <nd ref="5270641075"/>
    <nd ref="5270637802"/>
    <nd ref="5270643577"/>
    <nd ref="5270643450"/>
    <nd ref="5270637309"/>
  </way>
  <way id="545326645">
    <nd ref="5270641971"/>
    <nd ref="5270641074"/>
    <nd ref="5270644223"/>
    <nd ref="5270644224"/>
    <nd ref="5270644154"/>
    <nd ref="5270643019"/>
    <nd ref="5270641971"/>
  </way>
  <way id="545326658">
    <nd ref="5270644158"/>
    <nd ref="5270644285"/>
    <nd ref="5270644102"/>
    <nd ref="5270644226"/>
    <nd ref="5270644168"/>
    <nd ref="5270644158"/>
  </way>
  <way id="545326662">
    <nd ref="5270641328"/>
    <nd ref="5270637306"/>
    <nd ref="5270641076"/>
    <nd ref="5270637803"/>
    <nd ref="5270643735"/>
    <nd ref="5270641248"/>
    <nd ref="5270641328"/>
  </way>
  <way id="545326663">
    <nd ref="5270642948"/>
    <nd ref="5270641079"/>
    <nd ref="5270641546"/>
    <nd ref="5270637798"/>
    <nd ref="5270641506"/>
    <nd ref="5270637906"/>
    <nd ref="5270642948"/>
  </way>
  <way id="545326664">
    <nd ref="5270640880"/>
    <nd ref="5270643573"/>
    <tag k="highway" v="footway"/>
    <tag k="surface" v="paving_stones"/>
  </way>
  <way id="545326665">
    <nd ref="5270635764"/>
    <nd ref="5270643452"/>
    <nd ref="5270643449"/>
    <nd ref="5270643738"/>
    <nd ref="5270635764"/>
  </way>
  <way id="545326666">
    <nd ref="5270643576"/>
    <nd ref="5270644094"/>
    <nd ref="5270640851"/>
    <nd ref="5270640517"/>
    <nd ref="5270637744"/>
    <nd ref="5270643010"/>
    <nd ref="5270643576"/>
  </way>
  <way id="545326668">
    <nd ref="5270643575"/>
    <nd ref="5270634684"/>
    <nd ref="5270639983"/>
    <nd ref="5270639897"/>
    <nd ref="5270639749"/>
    <nd ref="5270639906"/>
    <nd ref="5270639758"/>
    <nd ref="5270637270"/>
    <nd ref="5270641384"/>
    <nd ref="5270642966"/>
    <nd ref="5270640859"/>
    <nd ref="5270641011"/>
    <nd ref="5270641128"/>
    <nd ref="5270640863"/>
    <nd ref="5270641131"/>
    <nd ref="5270640866"/>
    <nd ref="5270637281"/>
    <nd ref="5270640870"/>
    <nd ref="5270643737"/>
    <nd ref="5270643575"/>
  </way>
  <way id="545326680">
    <nd ref="5270644231"/>
    <nd ref="5270644171"/>
    <nd ref="5270644169"/>
    <nd ref="5270644221"/>
    <nd ref="5270644092"/>
    <nd ref="5270644155"/>
    <nd ref="5270643011"/>
    <nd ref="5270644069"/>
    <nd ref="5270643451"/>
    <nd ref="5270635765"/>
    <nd ref="5270643447"/>
    <nd ref="5270641016"/>
    <nd ref="5270640884"/>
    <nd ref="5270641007"/>
    <nd ref="5270641340"/>
    <nd ref="5270637286"/>
    <nd ref="5270637797"/>
    <nd ref="5270641471"/>
    <nd ref="5270641392"/>
    <nd ref="5270641554"/>
    <nd ref="5270641550"/>
    <nd ref="5270641557"/>
    <nd ref="5270641725"/>
    <nd ref="5270641949"/>
    <nd ref="5270641070"/>
    <nd ref="5270641954"/>
    <nd ref="5270641513"/>
    <nd ref="5270642041"/>
    <nd ref="5270641957"/>
    <nd ref="5270641072"/>
    <nd ref="5270643733"/>
    <tag k="highway" v="footway"/>
    <tag k="surface" v="paving_stones"/>
  </way>
  <way id="545326681">
    <nd ref="5270380507"/>
    <nd ref="5270635768"/>
    <tag k="highway" v="footway"/>
    <tag k="lit" v="yes"/>
    <tag k="surface" v="metal"/>
  </way>
  <way id="545326683">
    <nd ref="5270644379"/>
    <nd ref="5270644286"/>
    <nd ref="13300261470"/>
    <tag k="footway" v="crossing"/>
    <tag k="highway" v="footway"/>
    <tag k="lit" v="yes"/>
    <tag k="surface" v="asphalt"/>
  </way>
  <way id="545326688">
    <nd ref="5270363430"/>
    <nd ref="5270644379"/>
    <tag k="highway" v="footway"/>
    <tag k="lit" v="no"/>
    <tag k="surface" v="metal"/>
  </way>
  <way id="545327716">
    <nd ref="5268697762"/>
    <nd ref="5268698304"/>
    <nd ref="5268670053"/>
    <tag k="highway" v="footway"/>
    <tag k="surface" v="paving_stones"/>
  </way>
  <way id="545332029">
    <nd ref="5270644378"/>
    <nd ref="5270699562"/>
    <tag k="footway" v="crossing"/>
    <tag k="highway" v="footway"/>
    <tag k="lit" v="yes"/>
    <tag k="surface" v="paving_stones"/>
  </way>
  <way id="549863775">
    <nd ref="5311635130"/>
    <nd ref="10056080717"/>
    <nd ref="5311635131"/>
    <nd ref="5311635132"/>
    <nd ref="6585514606"/>
    <nd ref="5311635133"/>
    <nd ref="6585514621"/>
    <nd ref="6585514620"/>
    <nd ref="6585514607"/>
    <nd ref="5311635134"/>
    <nd ref="5311635135"/>
    <nd ref="5311635130"/>
    <tag k="name" v="تعمیرگاه مرکزی سایپا و پارس خودرو شماره ۳"/>
    <tag k="shop" v="car_repair"/>
  </way>
  <way id="554296196">
    <nd ref="5268671404"/>
    <nd ref="5268677304"/>
    <nd ref="5588836939"/>
    <nd ref="5588836938"/>
    <nd ref="5588836937"/>
    <nd ref="5588836936"/>
    <nd ref="5588836935"/>
    <nd ref="5588836934"/>
    <nd ref="5349406151"/>
    <nd ref="5349406152"/>
    <nd ref="5349406153"/>
    <nd ref="5349406155"/>
    <nd ref="5349406156"/>
    <nd ref="5349406157"/>
    <nd ref="12949824719"/>
    <nd ref="5349406158"/>
    <nd ref="5349406159"/>
    <nd ref="5349406160"/>
    <nd ref="5349406161"/>
    <nd ref="5349406162"/>
    <nd ref="5262216288"/>
    <nd ref="5588836945"/>
    <nd ref="5588836944"/>
    <nd ref="5588836943"/>
    <nd ref="5588836942"/>
    <nd ref="5588836941"/>
    <nd ref="5588836940"/>
    <nd ref="5268676095"/>
    <nd ref="5268669194"/>
    <tag k="highway" v="footway"/>
    <tag k="surface" v="paving_stones"/>
  </way>
  <way id="554296197">
    <nd ref="5268673992"/>
    <nd ref="5268677258"/>
    <nd ref="12949824719"/>
    <nd ref="5268676086"/>
    <nd ref="5268752950"/>
    <nd ref="5268735926"/>
    <tag k="highway" v="footway"/>
    <tag k="surface" v="paving_stones"/>
  </way>
  <way id="570515121">
    <nd ref="5268679005"/>
    <nd ref="5268679003"/>
    <nd ref="5268678804"/>
    <nd ref="5268678970"/>
    <nd ref="5268679140"/>
    <nd ref="5268675543"/>
    <nd ref="5268676086"/>
    <nd ref="5268678910"/>
    <nd ref="5268679138"/>
    <nd ref="5268679370"/>
    <nd ref="5268678803"/>
    <nd ref="5268679373"/>
    <nd ref="5268649008"/>
    <tag k="highway" v="footway"/>
    <tag k="surface" v="paving_stones"/>
  </way>
  <way id="659256508">
    <nd ref="6172361951"/>
    <nd ref="4515242125"/>
    <nd ref="4515242124"/>
    <nd ref="4515242123"/>
    <nd ref="4515242122"/>
    <nd ref="4515242121"/>
    <nd ref="4515242120"/>
    <nd ref="5437151459"/>
    <tag k="admin_level" v="9"/>
    <tag k="boundary" v="administrative"/>
    <tag k="name" v="مرز مناطق شهرداری"/>
  </way>
  <way id="692536772">
    <nd ref="5262216288"/>
    <nd ref="5264510168"/>
  </way>
  <way id="692536773">
    <nd ref="5262216288"/>
    <nd ref="5262559630"/>
  </way>
  <way id="692536775">
    <nd ref="5262216702"/>
    <nd ref="5262550009"/>
  </way>
  <way id="692536776">
    <nd ref="5262216702"/>
    <nd ref="5264510100"/>
  </way>
  <way id="701212513">
    <nd ref="6585514608"/>
    <nd ref="6585514609"/>
    <nd ref="6585514610"/>
    <nd ref="6585514611"/>
    <nd ref="6585514612"/>
    <nd ref="6585514613"/>
    <nd ref="6585514614"/>
    <nd ref="6585514615"/>
    <nd ref="6585514616"/>
    <nd ref="6585514617"/>
    <nd ref="6585514618"/>
    <nd ref="6585514619"/>
    <nd ref="6585514620"/>
    <nd ref="6585514621"/>
    <nd ref="6585514622"/>
    <nd ref="6585514623"/>
    <nd ref="13063458882"/>
    <nd ref="6585514624"/>
    <nd ref="6585514625"/>
    <nd ref="6585514608"/>
    <tag k="amenity" v="parking"/>
  </way>
  <way id="701212514">
    <nd ref="10255784225"/>
    <nd ref="5270653769"/>
    <nd ref="10255437531"/>
    <tag k="footway" v="sidewalk"/>
    <tag k="highway" v="footway"/>
  </way>
  <way id="701299879">
    <nd ref="6586340240"/>
    <nd ref="6586340241"/>
    <nd ref="6586340242"/>
    <nd ref="6586340243"/>
    <nd ref="6586340244"/>
    <nd ref="6586340245"/>
    <nd ref="6586340246"/>
    <nd ref="6586340247"/>
    <nd ref="6586340240"/>
    <tag k="amenity" v="parking"/>
  </way>
  <way id="701299882">
    <nd ref="6586340267"/>
    <nd ref="6586340268"/>
    <nd ref="6586340269"/>
    <nd ref="6586340270"/>
    <nd ref="6586340271"/>
    <nd ref="6586340272"/>
    <nd ref="6586340273"/>
    <nd ref="6586340274"/>
    <nd ref="6586340275"/>
    <nd ref="6586340267"/>
    <tag k="access" v="private"/>
    <tag k="amenity" v="parking"/>
  </way>
  <way id="701299883">
    <nd ref="6586340278"/>
    <nd ref="6586340279"/>
    <nd ref="6586340280"/>
    <nd ref="6586340281"/>
    <nd ref="6586340282"/>
    <nd ref="6586340288"/>
    <nd ref="6586340287"/>
    <nd ref="6586340284"/>
    <nd ref="6586340286"/>
    <nd ref="6586340285"/>
    <nd ref="6586340283"/>
    <nd ref="6586340278"/>
    <tag k="landuse" v="grass"/>
  </way>
  <way id="701299893">
    <nd ref="6586340331"/>
    <nd ref="10869257521"/>
    <nd ref="6586340332"/>
    <nd ref="10257976969"/>
    <nd ref="6586340333"/>
    <nd ref="6586340324"/>
    <nd ref="6586340334"/>
    <nd ref="6586340335"/>
    <tag k="crossing" v="marked"/>
    <tag k="crossing:markings" v="yes"/>
    <tag k="footway" v="crossing"/>
    <tag k="highway" v="footway"/>
    <tag k="lit" v="yes"/>
    <tag k="surface" v="paving_stones"/>
  </way>
  <way id="706136000">
    <nd ref="1863241082"/>
    <nd ref="6586601669"/>
    <nd ref="5268697771"/>
    <nd ref="1863241128"/>
    <nd ref="5268698715"/>
    <nd ref="5268692801"/>
    <nd ref="1863241181"/>
    <nd ref="5268697769"/>
    <nd ref="5268697768"/>
    <nd ref="1863241214"/>
    <tag k="highway" v="trunk"/>
    <tag k="junction" v="roundabout"/>
    <tag k="lanes" v="5"/>
    <tag k="maxspeed" v="30"/>
    <tag k="name" v="میدان آزادی"/>
    <tag k="name:en" v="Azadi Square"/>
    <tag k="name:tk" v="Azadi Meýdany"/>
    <tag k="name:tr" v="Azadi Meydanı"/>
    <tag k="old_name" v="میدان شهیاد"/>
    <tag k="old_name:en" v="Shahyad Square"/>
    <tag k="surface" v="asphalt"/>
  </way>
  <way id="706136002">
    <nd ref="1863241232"/>
    <nd ref="1863241235"/>
    <nd ref="5270653946"/>
    <nd ref="5855751021"/>
    <nd ref="5268692800"/>
    <tag k="highway" v="trunk"/>
    <tag k="junction" v="roundabout"/>
    <tag k="lanes" v="4"/>
    <tag k="maxspeed" v="30"/>
    <tag k="name" v="میدان آزادی"/>
    <tag k="name:en" v="Azadi Square"/>
    <tag k="name:tk" v="Azadi Meýdany"/>
    <tag k="name:tr" v="Azadi Meydanı"/>
    <tag k="old_name" v="میدان شهیاد"/>
    <tag k="old_name:en" v="Shahyad Square"/>
    <tag k="surface" v="asphalt"/>
  </way>
  <way id="772189622">
    <nd ref="2148639569"/>
    <nd ref="2148639582"/>
    <nd ref="2148639579"/>
    <nd ref="2148639566"/>
    <nd ref="2148639532"/>
    <tag k="access" v="destination"/>
    <tag k="highway" v="service"/>
    <tag k="oneway" v="yes"/>
    <tag k="service" v="parking_aisle"/>
  </way>
  <way id="772189623">
    <nd ref="6405442445"/>
    <nd ref="13300261465"/>
    <nd ref="13300261466"/>
    <nd ref="4515555815"/>
    <tag k="covered" v="yes"/>
    <tag k="highway" v="service"/>
    <tag k="maxheight" v="4"/>
    <tag k="name" v="دسترسی به پمپ بنزین"/>
    <tag k="oneway" v="yes"/>
    <tag k="surface" v="concrete"/>
  </way>
  <way id="772189624">
    <nd ref="4515555815"/>
    <nd ref="13112560680"/>
    <nd ref="13112560681"/>
    <nd ref="4515555810"/>
    <nd ref="4515555814"/>
    <nd ref="4515555812"/>
    <nd ref="4515555813"/>
    <tag k="highway" v="service"/>
    <tag k="name" v="دسترسی به پمپ بنزین"/>
    <tag k="oneway" v="yes"/>
    <tag k="surface" v="asphalt"/>
  </way>
  <way id="878842354">
    <nd ref="880421260"/>
    <nd ref="8175888774"/>
    <tag k="highway" v="footway"/>
    <tag k="lanes" v="2"/>
    <tag k="name" v="بیگ محمدلو"/>
    <tag k="old_name" v="خیابان نورگاه"/>
    <tag k="oneway" v="no"/>
  </way>
  <way id="884807585">
    <nd ref="880421262"/>
    <nd ref="896837666"/>
    <tag k="full_name" v="کوچه ولد خانی"/>
    <tag k="highway" v="residential"/>
    <tag k="name" v="ولدخانی"/>
    <tag k="name:en" v="Valadkhani Alley"/>
    <tag k="oneway" v="no"/>
  </way>
  <way id="930827959">
    <nd ref="1863241214"/>
    <nd ref="1863241222"/>
    <nd ref="6405437096"/>
    <nd ref="1863241226"/>
    <nd ref="6405437097"/>
    <nd ref="1863241231"/>
    <nd ref="1863241232"/>
    <tag k="highway" v="trunk"/>
    <tag k="junction" v="roundabout"/>
    <tag k="maxspeed" v="30"/>
    <tag k="name" v="میدان آزادی"/>
    <tag k="name:en" v="Azadi Square"/>
    <tag k="name:tk" v="Azadi Meýdany"/>
    <tag k="name:tr" v="Azadi Meydanı"/>
    <tag k="old_name" v="میدان شهیاد"/>
    <tag k="old_name:en" v="Shahyad Square"/>
    <tag k="surface" v="asphalt"/>
  </way>
  <way id="971056666">
    <nd ref="1863241007"/>
    <nd ref="1863241038"/>
    <nd ref="5270383337"/>
    <nd ref="1863241063"/>
    <nd ref="1863241085"/>
    <nd ref="5270383164"/>
    <nd ref="1863241112"/>
    <nd ref="5270383238"/>
    <tag k="highway" v="trunk"/>
    <tag k="junction" v="roundabout"/>
    <tag k="lanes" v="3"/>
    <tag k="lit" v="yes"/>
    <tag k="maxspeed" v="30"/>
    <tag k="name" v="میدان آزادی"/>
    <tag k="name:en" v="Azadi Square"/>
    <tag k="old_name" v="میدان شهیاد"/>
    <tag k="old_name:en" v="Shahyad Square"/>
    <tag k="surface" v="asphalt"/>
  </way>
  <way id="972216871">
    <nd ref="5270644379"/>
    <nd ref="8998176493"/>
    <tag k="highway" v="footway"/>
  </way>
  <way id="975073880">
    <nd ref="8995263310"/>
    <nd ref="9023512681"/>
    <nd ref="9023512680"/>
    <nd ref="9023512679"/>
    <nd ref="9023512678"/>
    <nd ref="9023512677"/>
    <nd ref="9023512676"/>
    <nd ref="9023512675"/>
    <nd ref="9023512674"/>
    <nd ref="9023512673"/>
    <nd ref="9023512672"/>
    <nd ref="9023512671"/>
    <nd ref="8995263310"/>
    <tag k="building" v="yes"/>
    <tag k="disused:amenity" v="place_of_worship"/>
    <tag k="layer" v="1"/>
    <tag k="name" v="نمازخانه"/>
    <tag k="religion" v="muslim"/>
  </way>
  <way id="976779421">
    <nd ref="6586606347"/>
    <nd ref="9038957827"/>
    <nd ref="8998176493"/>
    <nd ref="9038957828"/>
    <nd ref="9038957826"/>
    <tag k="highway" v="footway"/>
  </way>
  <way id="1062579398">
    <nd ref="26052158"/>
    <nd ref="6586340276"/>
    <nd ref="873786232"/>
    <tag k="highway" v="residential"/>
    <tag k="lanes" v="2"/>
    <tag k="name" v="حسین بیگ محمدلو"/>
    <tag k="old_name" v="نورگاه"/>
    <tag k="oneway" v="yes"/>
  </way>
  <way id="1098270624">
    <nd ref="10056080728"/>
    <nd ref="10056080729"/>
    <nd ref="10056080730"/>
    <nd ref="10056080731"/>
    <nd ref="10056080732"/>
    <nd ref="10056080728"/>
    <tag k="building" v="yes"/>
  </way>
  <way id="1098270625">
    <nd ref="10056080731"/>
    <nd ref="10056080733"/>
    <nd ref="13300261463"/>
    <nd ref="13300261464"/>
    <nd ref="10056080734"/>
    <nd ref="10056080732"/>
    <nd ref="10056080731"/>
    <tag k="building" v="yes"/>
  </way>
  <way id="1098270626">
    <nd ref="10056080735"/>
    <nd ref="10056080736"/>
    <nd ref="10056080737"/>
    <nd ref="10056080738"/>
    <nd ref="10056080735"/>
    <tag k="building" v="yes"/>
  </way>
  <way id="1098270627">
    <nd ref="10056080739"/>
    <nd ref="10056080740"/>
    <nd ref="10056080741"/>
    <nd ref="10056080742"/>
    <nd ref="10056080739"/>
    <tag k="building" v="yes"/>
  </way>
  <way id="1098270628">
    <nd ref="10056080741"/>
    <nd ref="10056080743"/>
    <nd ref="10056080748"/>
    <nd ref="10056080744"/>
    <nd ref="10056080742"/>
    <nd ref="10056080741"/>
    <tag k="building" v="yes"/>
  </way>
  <way id="1098270629">
    <nd ref="10056080743"/>
    <nd ref="10056080745"/>
    <nd ref="10056080746"/>
    <nd ref="10056080747"/>
    <nd ref="10056080748"/>
    <nd ref="10056080743"/>
    <tag k="building" v="yes"/>
  </way>
  <way id="1098270630">
    <nd ref="10056080740"/>
    <nd ref="10056080749"/>
    <nd ref="10056080750"/>
    <nd ref="10056080751"/>
    <nd ref="10056080752"/>
    <nd ref="10056080739"/>
    <nd ref="10056080740"/>
    <tag k="building" v="yes"/>
  </way>
  <way id="1098270631">
    <nd ref="10056080753"/>
    <nd ref="10056080754"/>
    <nd ref="10056080755"/>
    <nd ref="10056080756"/>
    <nd ref="10056080757"/>
    <nd ref="10056080758"/>
    <nd ref="10056080753"/>
    <tag k="building" v="yes"/>
  </way>
  <way id="1098270632">
    <nd ref="10056080759"/>
    <nd ref="10056080760"/>
    <nd ref="10056080761"/>
    <nd ref="10056080762"/>
    <nd ref="10056080763"/>
    <nd ref="10056080764"/>
    <nd ref="10056080759"/>
    <tag k="building" v="yes"/>
  </way>
  <way id="1098270633">
    <nd ref="10056080765"/>
    <nd ref="10056080766"/>
    <nd ref="10056080767"/>
    <nd ref="10056080768"/>
    <nd ref="10056080765"/>
    <tag k="building" v="yes"/>
  </way>
  <way id="1098270634">
    <nd ref="10056080769"/>
    <nd ref="10056080770"/>
    <nd ref="10056080771"/>
    <nd ref="10056080772"/>
    <nd ref="10056080773"/>
    <nd ref="10056080774"/>
    <nd ref="10056080769"/>
    <tag k="building" v="yes"/>
  </way>
  <way id="1109953068">
    <nd ref="10154254003"/>
    <nd ref="10154254004"/>
    <nd ref="10154254005"/>
    <nd ref="10154254006"/>
    <nd ref="10154254007"/>
    <nd ref="13063458862"/>
    <nd ref="10154254008"/>
    <nd ref="10154254009"/>
    <nd ref="10154254010"/>
    <nd ref="10154254012"/>
    <tag k="access" v="destination"/>
    <tag k="highway" v="service"/>
  </way>
  <way id="1109953069">
    <nd ref="10154269625"/>
    <nd ref="10154269626"/>
    <nd ref="13063458850"/>
    <nd ref="13063458849"/>
    <nd ref="13063458851"/>
    <nd ref="10154269627"/>
    <nd ref="13063458852"/>
    <nd ref="10154269628"/>
    <nd ref="873786804"/>
    <tag k="access" v="private"/>
    <tag k="highway" v="service"/>
  </way>
  <way id="1109957163">
    <nd ref="10154284992"/>
    <nd ref="10154284993"/>
    <nd ref="10154284994"/>
    <nd ref="10154284995"/>
    <nd ref="10154284996"/>
    <nd ref="10154284997"/>
    <nd ref="10154284998"/>
    <nd ref="10154284999"/>
    <nd ref="10154284992"/>
    <tag k="amenity" v="parking"/>
  </way>
  <way id="1109957164">
    <nd ref="10154285000"/>
    <nd ref="10154285001"/>
    <nd ref="10154285002"/>
    <nd ref="10154285003"/>
    <nd ref="10154285004"/>
    <nd ref="10154285005"/>
    <nd ref="10154285006"/>
    <nd ref="10154285007"/>
    <nd ref="10154285008"/>
    <nd ref="13503890300"/>
    <nd ref="10154285009"/>
    <nd ref="10154285010"/>
    <nd ref="10154285011"/>
    <nd ref="10154285012"/>
    <nd ref="10154285013"/>
    <nd ref="10154285014"/>
    <nd ref="10154285000"/>
    <tag k="landuse" v="commercial"/>
  </way>
  <way id="1109957165">
    <nd ref="873786234"/>
    <nd ref="10154285015"/>
    <nd ref="10154285016"/>
    <tag k="highway" v="service"/>
  </way>
  <way id="1109957166">
    <nd ref="10056080746"/>
    <nd ref="10154304717"/>
    <nd ref="10154304718"/>
    <nd ref="10056080747"/>
    <nd ref="10056080746"/>
    <tag k="building" v="apartments"/>
  </way>
  <way id="1109957167">
    <nd ref="10154304720"/>
    <nd ref="10154304721"/>
    <nd ref="10154304722"/>
    <nd ref="10154304723"/>
    <nd ref="10154304724"/>
    <nd ref="10154304725"/>
    <nd ref="10154304726"/>
    <nd ref="10154304727"/>
    <nd ref="10154304728"/>
    <nd ref="10154304729"/>
    <nd ref="10154304730"/>
    <nd ref="10154304731"/>
    <nd ref="10154304720"/>
    <tag k="landuse" v="commercial"/>
  </way>
  <way id="1121200149">
    <nd ref="10255363895"/>
    <nd ref="10255363896"/>
    <nd ref="13366625992"/>
    <nd ref="10255363897"/>
    <nd ref="13366625993"/>
    <nd ref="10255363898"/>
    <nd ref="4512621917"/>
    <nd ref="4512621918"/>
    <nd ref="13404346891"/>
    <nd ref="10255363904"/>
    <nd ref="10255363905"/>
    <nd ref="4584020985"/>
    <nd ref="6585514585"/>
    <nd ref="4584020986"/>
    <nd ref="13404346892"/>
    <nd ref="4584020977"/>
    <nd ref="13366625991"/>
    <nd ref="10255363899"/>
    <nd ref="10255363900"/>
    <nd ref="10255363901"/>
    <nd ref="10255363902"/>
    <nd ref="10255363903"/>
    <nd ref="10255363895"/>
    <tag k="landuse" v="industrial"/>
  </way>
  <way id="1121200150">
    <nd ref="10255363907"/>
    <nd ref="10255363908"/>
    <nd ref="10255437309"/>
    <nd ref="10255437310"/>
    <nd ref="10255437311"/>
    <nd ref="10255437312"/>
    <nd ref="10255437313"/>
    <nd ref="10255437314"/>
    <nd ref="10255437315"/>
    <nd ref="10255437316"/>
    <nd ref="10255437317"/>
    <nd ref="10255437318"/>
    <nd ref="10255437319"/>
    <nd ref="10255437320"/>
    <nd ref="10255437321"/>
    <nd ref="10255437322"/>
    <nd ref="10255437323"/>
    <nd ref="10255437324"/>
    <nd ref="10255437325"/>
    <nd ref="10255437326"/>
    <nd ref="10255363907"/>
    <tag k="building" v="apartments"/>
  </way>
  <way id="1121200151">
    <nd ref="10255437328"/>
    <nd ref="10255437329"/>
    <nd ref="10255437330"/>
    <nd ref="10255437331"/>
    <nd ref="10255437332"/>
    <nd ref="10255437333"/>
    <nd ref="10255437328"/>
    <tag k="building" v="apartments"/>
  </way>
  <way id="1121200156">
    <nd ref="10255437368"/>
    <nd ref="10255437369"/>
    <nd ref="10255437370"/>
    <nd ref="10255437371"/>
    <nd ref="10255437372"/>
    <nd ref="10255437373"/>
    <nd ref="10255437374"/>
    <nd ref="10255437375"/>
    <nd ref="10255437376"/>
    <nd ref="10255437377"/>
    <nd ref="10255437378"/>
    <nd ref="10255437379"/>
    <nd ref="10255437380"/>
    <nd ref="10255437381"/>
    <nd ref="10255437382"/>
    <nd ref="10255437383"/>
    <nd ref="10255437368"/>
    <tag k="building" v="apartments"/>
  </way>
  <way id="1121200157">
    <nd ref="10255437384"/>
    <nd ref="10255437385"/>
    <nd ref="10255437386"/>
    <nd ref="10255437387"/>
    <nd ref="10255437388"/>
    <nd ref="10255437389"/>
    <nd ref="10255437390"/>
    <nd ref="10255437391"/>
    <nd ref="10255437392"/>
    <nd ref="10255437393"/>
    <nd ref="10255437394"/>
    <nd ref="10255437384"/>
    <tag k="building" v="apartments"/>
  </way>
  <way id="1121200158">
    <nd ref="10255437395"/>
    <nd ref="10255437396"/>
    <nd ref="10255437397"/>
    <nd ref="10255437398"/>
    <nd ref="10255437399"/>
    <nd ref="10255437400"/>
    <nd ref="10255437401"/>
    <nd ref="10255437395"/>
    <tag k="building" v="apartments"/>
  </way>
  <way id="1121200159">
    <nd ref="10255437402"/>
    <nd ref="10255437403"/>
    <nd ref="10255437404"/>
    <nd ref="10255437405"/>
    <nd ref="10255437406"/>
    <nd ref="10255437407"/>
    <nd ref="10255437408"/>
    <nd ref="10255437410"/>
    <nd ref="10255437409"/>
    <nd ref="10255437402"/>
    <tag k="building" v="apartments"/>
  </way>
  <way id="1121200160">
    <nd ref="10255437410"/>
    <nd ref="10255437411"/>
    <nd ref="10255437412"/>
    <nd ref="10255437413"/>
    <nd ref="10255437414"/>
    <nd ref="10255437415"/>
    <nd ref="10255437416"/>
    <nd ref="10255437409"/>
    <nd ref="10255437410"/>
    <tag k="building" v="apartments"/>
  </way>
  <way id="1121200183">
    <nd ref="10255437531"/>
    <nd ref="5270653768"/>
    <nd ref="5270653864"/>
    <tag k="crossing" v="uncontrolled"/>
    <tag k="footway" v="crossing"/>
    <tag k="highway" v="footway"/>
  </way>
  <way id="1121200184">
    <nd ref="5270653769"/>
    <nd ref="10255437532"/>
    <tag k="footway" v="crossing"/>
    <tag k="highway" v="footway"/>
    <tag k="lit" v="yes"/>
    <tag k="surface" v="asphalt"/>
  </way>
  <way id="1121246122">
    <nd ref="10255784226"/>
    <nd ref="4583999099"/>
    <nd ref="4583999100"/>
    <nd ref="10255784227"/>
    <nd ref="10255784226"/>
    <tag k="amenity" v="parking"/>
  </way>
  <way id="1121246123">
    <nd ref="10255784228"/>
    <nd ref="10255784229"/>
    <nd ref="10255784230"/>
    <nd ref="10255784231"/>
    <nd ref="10255784232"/>
    <nd ref="10255784233"/>
    <nd ref="10255784234"/>
    <nd ref="10255784235"/>
    <nd ref="10255784236"/>
    <nd ref="10255784237"/>
    <nd ref="10255784228"/>
    <tag k="amenity" v="parking"/>
  </way>
  <way id="1152953479">
    <nd ref="10723648262"/>
    <nd ref="1863241154"/>
    <nd ref="4834811919"/>
    <nd ref="3276390182"/>
    <nd ref="4421793428"/>
    <tag k="highway" v="primary"/>
    <tag k="lanes" v="2"/>
    <tag k="lit" v="yes"/>
    <tag k="maxheight" v="4.5"/>
    <tag k="maxspeed" v="60"/>
    <tag k="name" v="خیابان آزادی"/>
    <tag k="name:en" v="Azadi Street"/>
    <tag k="name:ru" v="улица Азади"/>
    <tag k="old_name" v="خیابان آیزنهاور"/>
    <tag k="old_name:en" v="Eisenhower avenue"/>
    <tag k="old_name:ru" v="авеню Эйзенхауэра"/>
    <tag k="oneway" v="yes"/>
    <tag k="ref" v="146"/>
    <tag k="surface" v="asphalt"/>
    <tag k="wikipedia" v="fa:خیابان آزادی"/>
  </way>
  <way id="1168803343">
    <nd ref="2148639465"/>
    <nd ref="10869257524"/>
    <nd ref="10869257523"/>
    <tag k="highway" v="footway"/>
    <tag k="surface" v="paving_stones"/>
  </way>
  <way id="1168803344">
    <nd ref="10869257524"/>
    <nd ref="10869257525"/>
    <tag k="highway" v="footway"/>
    <tag k="surface" v="paving_stones"/>
  </way>
  <way id="1168803345">
    <nd ref="10869257534"/>
    <nd ref="10869257525"/>
    <tag k="access" v="yes"/>
    <tag k="conveying" v="yes"/>
    <tag k="highway" v="steps"/>
    <tag k="incline" v="up"/>
  </way>
  <way id="1185960173">
    <nd ref="10869257534"/>
    <nd ref="11015848624"/>
    <tag k="entrance" v="staircase"/>
    <tag k="highway" v="footway"/>
    <tag k="layer" v="-1"/>
    <tag k="level" v="-1"/>
    <tag k="name" v="زیرگذر عابرپیاده محمدعلی جناح"/>
    <tag k="surface" v="paving_stones"/>
    <tag k="tunnel" v="passage"/>
  </way>
  <way id="1288431685">
    <nd ref="6586340335"/>
    <nd ref="4396674610"/>
    <nd ref="5270360068"/>
    <nd ref="6586340339"/>
    <nd ref="5270380800"/>
    <nd ref="5270383703"/>
    <nd ref="6586340343"/>
    <nd ref="1863241297"/>
    <tag k="highway" v="trunk"/>
    <tag k="junction" v="roundabout"/>
    <tag k="lanes" v="5"/>
    <tag k="maxspeed" v="30"/>
    <tag k="name" v="میدان آزادی"/>
    <tag k="name:en" v="Azadi Square"/>
    <tag k="surface" v="asphalt"/>
  </way>
  <way id="1288431686">
    <nd ref="6586340335"/>
    <nd ref="6586340336"/>
    <nd ref="5270644378"/>
    <tag k="crossing" v="marked"/>
    <tag k="crossing:markings" v="yes"/>
    <tag k="footway" v="crossing"/>
    <tag k="highway" v="footway"/>
    <tag k="lit" v="yes"/>
    <tag k="surface" v="paving_stones"/>
  </way>
  <way id="1314615868">
    <nd ref="12167907220"/>
    <nd ref="12167907213"/>
    <nd ref="12167907219"/>
    <nd ref="12167907218"/>
    <nd ref="12167907217"/>
    <nd ref="12167907216"/>
    <nd ref="12167907215"/>
    <nd ref="12167907214"/>
    <nd ref="12167907220"/>
    <tag k="building" v="train_station"/>
  </way>
  <way id="1419094761">
    <nd ref="13040767808"/>
    <nd ref="13040767809"/>
    <nd ref="13040767810"/>
    <nd ref="13040767811"/>
    <nd ref="13040767812"/>
    <nd ref="13040767813"/>
    <nd ref="13040767814"/>
    <nd ref="13040767815"/>
    <nd ref="13040767816"/>
    <nd ref="13040767817"/>
    <nd ref="13040767818"/>
    <nd ref="13040767819"/>
    <nd ref="13040767808"/>
    <tag k="landuse" v="meadow"/>
  </way>
  <way id="1421536316">
    <nd ref="6585514606"/>
    <nd ref="13063458879"/>
    <nd ref="13063458880"/>
    <nd ref="13063458881"/>
    <nd ref="6585514624"/>
    <nd ref="13063458882"/>
    <nd ref="6585514606"/>
    <tag k="landuse" v="residential"/>
    <tag k="residential" v="apartments"/>
  </way>
  <way id="1423887121">
    <nd ref="13086881403"/>
    <nd ref="13086881404"/>
    <nd ref="13086881405"/>
    <nd ref="13086881406"/>
    <nd ref="13086881403"/>
    <tag k="building" v="apartments"/>
  </way>
  <way id="1436649662">
    <nd ref="1863241165"/>
    <nd ref="1863241164"/>
    <nd ref="13300261473"/>
    <nd ref="1863241169"/>
    <nd ref="13300261474"/>
    <nd ref="1863241187"/>
    <nd ref="1863241208"/>
    <nd ref="1863241214"/>
    <tag k="highway" v="primary"/>
    <tag k="lit" v="yes"/>
    <tag k="maxspeed" v="60"/>
    <tag k="name" v="خیابان آزادی"/>
    <tag k="name:en" v="Azadi Street"/>
    <tag k="name:ru" v="улица Азади"/>
    <tag k="old_name" v="خیابان آیزنهاور"/>
    <tag k="old_name:en" v="Eisenhower avenue"/>
    <tag k="old_name:ru" v="авеню Эйзенхауэра"/>
    <tag k="oneway" v="yes"/>
    <tag k="ref" v="146"/>
    <tag k="surface" v="asphalt"/>
    <tag k="wikipedia" v="fa:خیابان آزادی"/>
  </way>
  <way id="1436649665">
    <nd ref="1863241145"/>
    <nd ref="2022791839"/>
    <nd ref="13204580312"/>
    <tag k="highway" v="primary"/>
    <tag k="lanes" v="4"/>
    <tag k="lit" v="yes"/>
    <tag k="maxspeed" v="60"/>
    <tag k="name" v="خیابان آزادی"/>
    <tag k="name:en" v="Azadi Street"/>
    <tag k="name:ru" v="улица Азади"/>
    <tag k="old_name" v="خیابان آیزنهاور"/>
    <tag k="old_name:en" v="Eisenhower avenue"/>
    <tag k="old_name:ru" v="авеню Эйзенхауэра"/>
    <tag k="oneway" v="yes"/>
    <tag k="ref" v="146"/>
    <tag k="surface" v="asphalt"/>
    <tag k="wikipedia" v="fa:خیابان آزادی"/>
  </way>
  <way id="1436649666">
    <nd ref="13204580312"/>
    <nd ref="4834021564"/>
    <nd ref="13112560667"/>
    <nd ref="13112560666"/>
    <nd ref="1923613929"/>
    <nd ref="1863241151"/>
    <nd ref="10723648262"/>
    <tag k="highway" v="primary"/>
    <tag k="lanes" v="4"/>
    <tag k="lit" v="yes"/>
    <tag k="maxspeed" v="60"/>
    <tag k="name" v="خیابان آزادی"/>
    <tag k="name:en" v="Azadi Street"/>
    <tag k="name:ru" v="улица Азади"/>
    <tag k="old_name" v="خیابان آیزنهاور"/>
    <tag k="old_name:en" v="Eisenhower avenue"/>
    <tag k="old_name:ru" v="авеню Эйзенхауэра"/>
    <tag k="oneway" v="yes"/>
    <tag k="ref" v="146"/>
    <tag k="surface" v="asphalt"/>
    <tag k="wikipedia" v="fa:خیابان آزادی"/>
  </way>
  <way id="1450102265">
    <nd ref="13300261468"/>
    <nd ref="13204580309"/>
    <nd ref="3870176586"/>
    <nd ref="13300261469"/>
    <tag k="footway" v="crossing"/>
    <tag k="highway" v="footway"/>
    <tag k="lit" v="yes"/>
    <tag k="surface" v="asphalt"/>
  </way>
  <way id="1450102266">
    <nd ref="13300261469"/>
    <nd ref="5270380507"/>
    <tag k="highway" v="footway"/>
    <tag k="lit" v="yes"/>
    <tag k="surface" v="asphalt"/>
  </way>
  <way id="1450102267">
    <nd ref="13300261470"/>
    <nd ref="13300261468"/>
    <tag k="highway" v="footway"/>
    <tag k="lit" v="yes"/>
    <tag k="surface" v="asphalt"/>
  </way>
  <way id="1461517247">
    <nd ref="13404346860"/>
    <nd ref="13404346861"/>
    <nd ref="13404346862"/>
    <nd ref="13404346863"/>
    <nd ref="13404346864"/>
    <nd ref="13404346865"/>
    <nd ref="13404346866"/>
    <nd ref="13404346867"/>
    <nd ref="13404346868"/>
    <nd ref="13404346869"/>
    <nd ref="13404346870"/>
    <nd ref="13404346871"/>
    <nd ref="13404346872"/>
    <nd ref="13404346873"/>
    <nd ref="13404346874"/>
    <nd ref="13404346875"/>
    <nd ref="13404346876"/>
    <nd ref="13404346877"/>
    <nd ref="13404346878"/>
    <nd ref="13404346885"/>
    <nd ref="13404346879"/>
    <nd ref="13404346860"/>
    <tag k="leisure" v="garden"/>
  </way>
  <way id="1461517248">
    <nd ref="13404346879"/>
    <nd ref="13404346880"/>
    <nd ref="13404346881"/>
    <nd ref="13404346882"/>
    <nd ref="13404346883"/>
    <nd ref="13404346884"/>
    <nd ref="13404346885"/>
    <nd ref="13404346879"/>
    <tag k="leisure" v="garden"/>
  </way>
  <way id="1461517249">
    <nd ref="13404346886"/>
    <nd ref="13404346887"/>
    <nd ref="13404346888"/>
    <nd ref="13404346889"/>
    <nd ref="13404346890"/>
    <nd ref="13404346891"/>
    <nd ref="4584020985"/>
    <nd ref="13404346892"/>
    <nd ref="13404346886"/>
    <tag k="leisure" v="garden"/>
  </way>
  <way id="1483733538">
    <nd ref="13604926201"/>
    <nd ref="13604895700"/>
    <nd ref="13604895699"/>
    <nd ref="13604895698"/>
    <nd ref="13604895697"/>
    <nd ref="13604926201"/>
    <tag k="building" v="yes"/>
  </way>
  <way id="1483733539">
    <nd ref="13604926205"/>
    <nd ref="13604926204"/>
    <nd ref="13604926203"/>
    <nd ref="13604926202"/>
    <nd ref="13604926205"/>
    <tag k="bench" v="yes"/>
    <tag k="bin" v="yes"/>
    <tag k="bus" v="yes"/>
    <tag k="highway" v="bus_stop"/>
    <tag k="name" v="میدان آزادی"/>
    <tag k="network" v="Tehran BRT"/>
    <tag k="public_transport" v="platform"/>
    <tag k="shelter" v="yes"/>
  </way>
  <relation id="443307">
    <member type="node" ref="10860300370" role="stop"/>
    <member type="node" ref="5161529740" role="stop"/>
    <member type="node" ref="2169732956" role="stop"/>
    <member type="node" ref="3930789262" role="stop"/>
    <member type="node" ref="2169732950" role="stop"/>
    <member type="node" ref="2169732984" role="stop"/>
    <member type="node" ref="4558309639" role="stop"/>
    <member type="node" ref="654081655" role="stop"/>
    <member type="node" ref="4452444057" role="stop"/>
    <member type="node" ref="2169732952" role="stop"/>
    <member type="node" ref="5162910434" role="stop"/>
    <member type="node" ref="660624968" role="stop"/>
    <member type="node" ref="5188247276" role="stop"/>
    <member type="node" ref="5188341404" role="stop"/>
    <member type="node" ref="6438071583" role="stop"/>
    <member type="node" ref="2169732971" role="stop"/>
    <member type="node" ref="4544628125" role="stop"/>
    <member type="node" ref="2169732969" role="stop"/>
    <member type="node" ref="2169732980" role="stop"/>
    <member type="node" ref="4553519985" role="stop"/>
    <member type="way" ref="1167734826" role=""/>
    <member type="way" ref="360562335" role=""/>
    <member type="way" ref="360562330" role=""/>
    <member type="way" ref="360562332" role=""/>
    <member type="way" ref="360562331" role=""/>
    <member type="way" ref="360562333" role=""/>
    <member type="way" ref="461961970" role=""/>
    <member type="way" ref="531786471" role=""/>
    <member type="way" ref="51766788" role=""/>
    <member type="way" ref="911325099" role=""/>
    <tag k="colour" v="yellow"/>
    <tag k="from" v="علامه جعفری"/>
    <tag k="name" v="خط ۴"/>
    <tag k="name:de" v="Linie 4"/>
    <tag k="name:en" v="Line 4"/>
    <tag k="network" v="متروی تهران"/>
    <tag k="network:wikidata" v="Q714823"/>
    <tag k="network:wikipedia" v="ar:مترو طهران"/>
    <tag k="operator" v="Tehran Urban and Suburban Railway Company"/>
    <tag k="public_transport:version" v="2"/>
    <tag k="ref" v="4"/>
    <tag k="route" v="subway"/>
    <tag k="to" v="شهید کلاهدوز"/>
    <tag k="type" v="route"/>
    <tag k="wikidata" v="Q20110121"/>
    <tag k="wikipedia" v="en:Tehran Metro Line 4"/>
  </relation>
  <relation id="6696408">
    <member type="node" ref="13204580316" role="stop"/>
    <member type="way" ref="1436649671" role="platform"/>
    <member type="node" ref="4135181267" role="stop"/>
    <member type="way" ref="1436649672" role="platform"/>
    <member type="node" ref="4892833343" role="stop"/>
    <member type="way" ref="653692269" role="platform"/>
    <member type="node" ref="3995822266" role="stop"/>
    <member type="way" ref="1436649660" role="platform"/>
    <member type="node" ref="3995822647" role="stop"/>
    <member type="node" ref="3906463657" role="stop"/>
    <member type="node" ref="3995822679" role="stop"/>
    <member type="node" ref="3995822680" role="stop"/>
    <member type="node" ref="3906463660" role="stop"/>
    <member type="node" ref="1919415462" role="stop"/>
    <member type="node" ref="2052844253" role="platform"/>
    <member type="node" ref="1919415463" role="stop"/>
    <member type="node" ref="3906462155" role="stop"/>
    <member type="node" ref="8528084069" role="stop"/>
    <member type="node" ref="3906462150" role="stop"/>
    <member type="node" ref="3906462151" role="stop"/>
    <member type="way" ref="1253560901" role="platform"/>
    <member type="node" ref="3906463686" role="stop"/>
    <member type="node" ref="3906462135" role="stop"/>
    <member type="node" ref="4135531321" role="stop"/>
    <member type="node" ref="3906463695" role="platform"/>
    <member type="node" ref="3906463687" role="stop"/>
    <member type="node" ref="3906463697" role="stop"/>
    <member type="node" ref="4135531324" role="stop"/>
    <member type="node" ref="13204580306" role="stop"/>
    <member type="way" ref="1253560542" role="platform"/>
    <member type="node" ref="1863241428" role="stop"/>
    <member type="way" ref="1436649663" role="platform"/>
    <member type="way" ref="387347119" role=""/>
    <member type="way" ref="706388043" role=""/>
    <member type="way" ref="878613728" role=""/>
    <member type="way" ref="878613737" role=""/>
    <member type="way" ref="387347120" role=""/>
    <member type="way" ref="387347121" role=""/>
    <member type="way" ref="387347123" role=""/>
    <member type="way" ref="387347122" role=""/>
    <member type="way" ref="632174937" role=""/>
    <member type="way" ref="632174936" role=""/>
    <member type="way" ref="210304102" role=""/>
    <member type="way" ref="1382302168" role=""/>
    <member type="way" ref="387347124" role=""/>
    <member type="way" ref="490554857" role=""/>
    <member type="way" ref="620416785" role=""/>
    <member type="way" ref="387347113" role=""/>
    <member type="way" ref="1012185332" role=""/>
    <member type="way" ref="210304098" role=""/>
    <member type="way" ref="620416779" role=""/>
    <member type="way" ref="387347115" role=""/>
    <member type="way" ref="1339845012" role=""/>
    <member type="way" ref="1339845018" role=""/>
    <member type="way" ref="892680239" role=""/>
    <member type="way" ref="4295231" role=""/>
    <member type="way" ref="1231052755" role=""/>
    <member type="way" ref="387347126" role=""/>
    <member type="way" ref="712478978" role=""/>
    <member type="way" ref="712478981" role=""/>
    <member type="way" ref="1232461349" role=""/>
    <member type="way" ref="387347128" role=""/>
    <member type="way" ref="620416776" role=""/>
    <member type="way" ref="387347127" role=""/>
    <member type="way" ref="1436649662" role=""/>
    <member type="way" ref="930827959" role=""/>
    <member type="way" ref="706136002" role=""/>
    <member type="way" ref="901958880" role=""/>
    <member type="way" ref="4295393" role=""/>
    <member type="way" ref="28670043" role=""/>
    <member type="way" ref="706134221" role=""/>
    <member type="way" ref="72508540" role=""/>
    <member type="way" ref="1436649661" role=""/>
    <member type="way" ref="175770864" role=""/>
    <tag k="from" v="پایانه چهارراه تهرانپارس"/>
    <tag k="name" v="پایانه آزادی"/>
    <tag k="name:en" v="101: TehranPars Crossway → Azadi Terminal"/>
    <tag k="network" v="BRT"/>
    <tag k="operator" v="شرکت واحد اتوبوسرانی تهران"/>
    <tag k="public_transport:version" v="2"/>
    <tag k="ref" v="101"/>
    <tag k="route" v="bus"/>
    <tag k="to" v="پایانه آزادی"/>
    <tag k="type" v="route"/>
    <tag k="website" v="http://bus.tehran.ir/"/>
  </relation>
  <relation id="6728896">
    <member type="node" ref="4516472057" role="label"/>
    <member type="way" ref="539084019" role="seat"/>
    <member type="way" ref="800016726" role="outer"/>
    <member type="way" ref="659256997" role="outer"/>
    <member type="way" ref="659256567" role="outer"/>
    <member type="way" ref="659257052" role="outer"/>
    <member type="way" ref="659257075" role="outer"/>
    <member type="way" ref="1084221936" role="outer"/>
    <member type="way" ref="455070918" role="outer"/>
    <member type="way" ref="659257076" role="outer"/>
    <member type="way" ref="1084221937" role="outer"/>
    <member type="way" ref="659257114" role="outer"/>
    <member type="way" ref="455077702" role="outer"/>
    <member type="way" ref="659256536" role="outer"/>
    <member type="way" ref="659257115" role="outer"/>
    <member type="way" ref="659257120" role="outer"/>
    <member type="way" ref="659257121" role="outer"/>
    <member type="way" ref="659256601" role="outer"/>
    <member type="way" ref="455122097" role="outer"/>
    <member type="way" ref="659256600" role="outer"/>
    <member type="way" ref="659256522" role="outer"/>
    <member type="way" ref="659256524" role="outer"/>
    <member type="way" ref="659256508" role="outer"/>
    <member type="way" ref="455122094" role="outer"/>
    <member type="way" ref="659256267" role="outer"/>
    <member type="way" ref="455070919" role="outer"/>
    <member type="way" ref="659256441" role="outer"/>
    <member type="way" ref="659256533" role="outer"/>
    <member type="way" ref="659256534" role="outer"/>
    <member type="way" ref="659256539" role="outer"/>
    <member type="way" ref="659256478" role="outer"/>
    <member type="way" ref="659256481" role="outer"/>
    <member type="way" ref="659256543" role="outer"/>
    <member type="way" ref="800016722" role="outer"/>
    <member type="way" ref="800016723" role="outer"/>
    <member type="way" ref="800016724" role="outer"/>
    <member type="way" ref="800016725" role="outer"/>
    <member type="relation" ref="14431892" role="subarea"/>
    <tag k="admin_level" v="9"/>
    <tag k="boundary" v="administrative"/>
    <tag k="name" v="منطقه ۲ شهر تهران"/>
    <tag k="name:de" v="2. Bezirk"/>
    <tag k="name:en" v="District 2"/>
    <tag k="place" v="suburb"/>
    <tag k="type" v="boundary"/>
    <tag k="wikidata" v="Q5683603"/>
    <tag k="wikipedia" v="fa:منطقه ۲ شهرداری تهران"/>
  </relation>
  <relation id="6729508">
    <member type="node" ref="4516472050" role="label"/>
    <member type="way" ref="609253597" role="seat"/>
    <member type="way" ref="659256500" role="outer"/>
    <member type="way" ref="659256598" role="outer"/>
    <member type="way" ref="659256504" role="outer"/>
    <member type="way" ref="455122100" role="outer"/>
    <member type="way" ref="659256599" role="outer"/>
    <member type="way" ref="659256524" role="outer"/>
    <member type="way" ref="659256508" role="outer"/>
    <member type="way" ref="659256507" role="outer"/>
    <member type="way" ref="659256513" role="outer"/>
    <member type="way" ref="659256510" role="outer"/>
    <member type="way" ref="659256516" role="outer"/>
    <member type="way" ref="455122101" role="outer"/>
    <member type="way" ref="659256497" role="outer"/>
    <member type="way" ref="640621361" role="outer"/>
    <member type="way" ref="659256623" role="outer"/>
    <member type="way" ref="659256627" role="outer"/>
    <member type="way" ref="659256499" role="outer"/>
    <member type="way" ref="659256629" role="outer"/>
    <member type="way" ref="455122103" role="outer"/>
    <member type="node" ref="11397889523" role=""/>
    <tag k="admin_level" v="9"/>
    <tag k="boundary" v="administrative"/>
    <tag k="name" v="منطقه ۹ شهر تهران"/>
    <tag k="name:de" v="9. Bezirk"/>
    <tag k="name:en" v="District 9"/>
    <tag k="place" v="suburb"/>
    <tag k="type" v="boundary"/>
    <tag k="wikidata" v="Q5703380"/>
    <tag k="wikipedia" v="fa:منطقه ۹ شهرداری تهران"/>
  </relation>
  <relation id="7685450">
    <member type="node" ref="12167907213" role="entrance"/>
    <member type="node" ref="2169732984" role="stop"/>
    <tag k="name" v="ایستگاه مترو استاد معین"/>
    <tag k="name:en" v="Ostad Moein Metro Station"/>
    <tag k="public_transport" v="stop_area"/>
    <tag k="type" v="public_transport"/>
  </relation>
  <relation id="7705668">
    <member type="node" ref="4553519985" role="stop"/>
    <member type="node" ref="2169732980" role="stop"/>
    <member type="node" ref="2169732969" role="stop"/>
    <member type="node" ref="4544628125" role="stop"/>
    <member type="node" ref="2169732971" role="stop"/>
    <member type="node" ref="6438071583" role="stop"/>
    <member type="node" ref="5188341404" role="stop"/>
    <member type="node" ref="5188247276" role="stop"/>
    <member type="node" ref="660624968" role="stop"/>
    <member type="node" ref="5162910434" role="stop"/>
    <member type="node" ref="2169732952" role="stop"/>
    <member type="node" ref="4452444057" role="stop"/>
    <member type="node" ref="654081655" role="stop"/>
    <member type="node" ref="4558309639" role="stop"/>
    <member type="node" ref="2169732984" role="stop"/>
    <member type="node" ref="2169732950" role="stop"/>
    <member type="node" ref="3930789262" role="stop"/>
    <member type="node" ref="2169732956" role="stop"/>
    <member type="node" ref="5161529740" role="stop"/>
    <member type="node" ref="10860300370" role="stop"/>
    <member type="way" ref="911325099" role=""/>
    <member type="way" ref="51766788" role=""/>
    <member type="way" ref="531786471" role=""/>
    <member type="way" ref="461961970" role=""/>
    <member type="way" ref="360562333" role=""/>
    <member type="way" ref="360562331" role=""/>
    <member type="way" ref="360562332" role=""/>
    <member type="way" ref="360562330" role=""/>
    <member type="way" ref="360562335" role=""/>
    <member type="way" ref="1167734826" role=""/>
    <tag k="colour" v="yellow"/>
    <tag k="from" v="شهید کلاهدوز"/>
    <tag k="name" v="خط ۴"/>
    <tag k="name:de" v="Linie 4"/>
    <tag k="name:en" v="Line 4"/>
    <tag k="network" v="متروی تهران"/>
    <tag k="network:wikidata" v="Q714823"/>
    <tag k="network:wikipedia" v="ar:مترو طهران"/>
    <tag k="operator" v="Tehran Urban and Suburban Railway Company"/>
    <tag k="public_transport:version" v="2"/>
    <tag k="ref" v="4"/>
    <tag k="route" v="subway"/>
    <tag k="to" v="علامه جعفری"/>
    <tag k="type" v="route"/>
    <tag k="wikidata" v="Q20110121"/>
    <tag k="wikipedia" v="en:Tehran Metro Line 4"/>
  </relation>
  <relation id="7779711">
    <member type="way" ref="544411420" role="outer"/>
    <member type="way" ref="544632708" role="outer"/>
    <member type="way" ref="544411419" role="outer"/>
    <member type="way" ref="544411418" role="outer"/>
    <member type="way" ref="544411417" role="outer"/>
    <member type="way" ref="544411416" role="outer"/>
    <member type="way" ref="544411415" role="outer"/>
    <member type="way" ref="544411414" role="outer"/>
    <member type="way" ref="544411413" role="outer"/>
    <member type="way" ref="544411412" role="outer"/>
    <member type="way" ref="544411410" role="outer"/>
    <member type="way" ref="544411407" role="outer"/>
    <member type="way" ref="544411404" role="outer"/>
    <member type="way" ref="544411382" role="outer"/>
    <member type="way" ref="544411375" role="outer"/>
    <member type="way" ref="544411362" role="outer"/>
    <member type="way" ref="544411357" role="outer"/>
    <member type="way" ref="544411356" role="outer"/>
    <member type="way" ref="544411352" role="outer"/>
    <member type="way" ref="544411348" role="outer"/>
    <member type="way" ref="544411347" role="outer"/>
    <member type="way" ref="544411346" role="outer"/>
    <member type="way" ref="544411345" role="outer"/>
    <member type="way" ref="544411334" role="outer"/>
    <member type="way" ref="544349719" role="outer"/>
    <member type="way" ref="544624204" role="outer"/>
    <member type="way" ref="544624186" role="outer"/>
    <member type="way" ref="544632706" role="outer"/>
    <member type="way" ref="544632705" role="outer"/>
    <member type="way" ref="544411329" role="outer"/>
    <member type="way" ref="692536773" role="outer"/>
    <member type="way" ref="544411327" role="outer"/>
    <member type="way" ref="544632680" role="outer"/>
    <member type="way" ref="544411326" role="outer"/>
    <member type="way" ref="544411325" role="outer"/>
    <member type="way" ref="544411324" role="outer"/>
    <member type="way" ref="544411318" role="outer"/>
    <member type="way" ref="544411311" role="outer"/>
    <member type="way" ref="544411309" role="outer"/>
    <member type="way" ref="544411307" role="outer"/>
    <member type="way" ref="544411300" role="outer"/>
    <member type="way" ref="544411299" role="outer"/>
    <member type="way" ref="544411295" role="outer"/>
    <member type="way" ref="544411294" role="outer"/>
    <member type="way" ref="544411290" role="outer"/>
    <member type="way" ref="544411278" role="outer"/>
    <member type="way" ref="544411255" role="outer"/>
    <member type="way" ref="544411250" role="outer"/>
    <member type="way" ref="544411249" role="outer"/>
    <member type="way" ref="544411245" role="outer"/>
    <member type="way" ref="544411243" role="outer"/>
    <member type="way" ref="544411240" role="outer"/>
    <member type="way" ref="544411237" role="outer"/>
    <member type="way" ref="544411236" role="outer"/>
    <member type="way" ref="544411235" role="outer"/>
    <member type="way" ref="544411234" role="outer"/>
    <member type="way" ref="544411233" role="outer"/>
    <member type="way" ref="544411219" role="outer"/>
    <member type="way" ref="544411218" role="outer"/>
    <member type="way" ref="544632713" role="outer"/>
    <member type="way" ref="544411216" role="outer"/>
    <member type="way" ref="692536775" role="outer"/>
    <tag k="building:part" v="yes"/>
    <tag k="height" v="60"/>
    <tag k="min_height" v="40"/>
    <tag k="type" v="multipolygon"/>
  </relation>
  <relation id="7779714">
    <member type="way" ref="544411420" role="outer"/>
    <member type="way" ref="544632708" role="outer"/>
    <member type="way" ref="544411419" role="outer"/>
    <member type="way" ref="544411418" role="outer"/>
    <member type="way" ref="544411417" role="outer"/>
    <member type="way" ref="544411416" role="outer"/>
    <member type="way" ref="544411415" role="outer"/>
    <member type="way" ref="544411414" role="outer"/>
    <member type="way" ref="544411413" role="outer"/>
    <member type="way" ref="544411412" role="outer"/>
    <member type="way" ref="544411410" role="outer"/>
    <member type="way" ref="544411407" role="outer"/>
    <member type="way" ref="544411404" role="outer"/>
    <member type="way" ref="544411382" role="outer"/>
    <member type="way" ref="544411375" role="outer"/>
    <member type="way" ref="544411362" role="outer"/>
    <member type="way" ref="544411357" role="outer"/>
    <member type="way" ref="544411356" role="outer"/>
    <member type="way" ref="544411352" role="outer"/>
    <member type="way" ref="544411348" role="outer"/>
    <member type="way" ref="544411347" role="outer"/>
    <member type="way" ref="544411346" role="outer"/>
    <member type="way" ref="544411345" role="outer"/>
    <member type="way" ref="544411334" role="outer"/>
    <member type="way" ref="544349719" role="outer"/>
    <member type="way" ref="544624204" role="outer"/>
    <member type="way" ref="544624186" role="outer"/>
    <member type="way" ref="544632706" role="outer"/>
    <member type="way" ref="544632705" role="outer"/>
    <member type="way" ref="544411329" role="outer"/>
    <member type="way" ref="692536773" role="outer"/>
    <member type="way" ref="544411327" role="outer"/>
    <member type="way" ref="544632680" role="outer"/>
    <member type="way" ref="544411326" role="outer"/>
    <member type="way" ref="544411325" role="outer"/>
    <member type="way" ref="544411324" role="outer"/>
    <member type="way" ref="544411318" role="outer"/>
    <member type="way" ref="544411311" role="outer"/>
    <member type="way" ref="544411309" role="outer"/>
    <member type="way" ref="544411307" role="outer"/>
    <member type="way" ref="544411300" role="outer"/>
    <member type="way" ref="544411299" role="outer"/>
    <member type="way" ref="544411295" role="outer"/>
    <member type="way" ref="544411294" role="outer"/>
    <member type="way" ref="544411290" role="outer"/>
    <member type="way" ref="544411278" role="outer"/>
    <member type="way" ref="544411255" role="outer"/>
    <member type="way" ref="544411250" role="outer"/>
    <member type="way" ref="544411249" role="outer"/>
    <member type="way" ref="544411245" role="outer"/>
    <member type="way" ref="544411243" role="outer"/>
    <member type="way" ref="544411240" role="outer"/>
    <member type="way" ref="544411237" role="outer"/>
    <member type="way" ref="544411236" role="outer"/>
    <member type="way" ref="544411235" role="outer"/>
    <member type="way" ref="544411234" role="outer"/>
    <member type="way" ref="544411233" role="outer"/>
    <member type="way" ref="544411219" role="outer"/>
    <member type="way" ref="544411218" role="outer"/>
    <member type="way" ref="544632713" role="outer"/>
    <member type="way" ref="544411216" role="outer"/>
    <member type="way" ref="692536775" role="outer"/>
    <member type="way" ref="544404208" role="inner"/>
    <tag k="building:part" v="yes"/>
    <tag k="height" v="62"/>
    <tag k="min_height" v="60"/>
    <tag k="type" v="multipolygon"/>
  </relation>
  <relation id="7780633">
    <member type="way" ref="544404600" role="outer"/>
    <member type="way" ref="544406271" role="outer"/>
    <member type="way" ref="544402384" role="outer"/>
    <member type="way" ref="544406267" role="outer"/>
    <member type="way" ref="544403489" role="outer"/>
    <member type="way" ref="544407465" role="outer"/>
    <member type="way" ref="544404198" role="outer"/>
    <member type="way" ref="544407840" role="outer"/>
    <tag k="building:part" v="yes"/>
    <tag k="height" v="0.6"/>
    <tag k="type" v="multipolygon"/>
  </relation>
  <relation id="7780658">
    <member type="way" ref="544404026" role="outer"/>
    <member type="way" ref="544407840" role="outer"/>
    <member type="way" ref="544404196" role="outer"/>
    <member type="way" ref="544407845" role="outer"/>
    <member type="way" ref="544407450" role="outer"/>
    <member type="way" ref="544403479" role="outer"/>
    <member type="way" ref="544407465" role="outer"/>
    <member type="way" ref="544403498" role="outer"/>
    <member type="way" ref="544406267" role="outer"/>
    <member type="way" ref="544402385" role="outer"/>
    <member type="way" ref="544406251" role="outer"/>
    <member type="way" ref="544402775" role="outer"/>
    <member type="way" ref="544404599" role="outer"/>
    <member type="way" ref="544406271" role="outer"/>
    <member type="way" ref="544404301" role="outer"/>
    <member type="way" ref="544407511" role="outer"/>
    <tag k="building:part" v="yes"/>
    <tag k="height" v="1.2"/>
    <tag k="type" v="multipolygon"/>
  </relation>
  <relation id="7780661">
    <member type="way" ref="544404025" role="outer"/>
    <member type="way" ref="544407847" role="outer"/>
    <member type="way" ref="544404193" role="outer"/>
    <member type="way" ref="544407845" role="outer"/>
    <member type="way" ref="544407450" role="outer"/>
    <member type="way" ref="544403478" role="outer"/>
    <member type="way" ref="544407440" role="outer"/>
    <member type="way" ref="544403508" role="outer"/>
    <member type="way" ref="544406251" role="outer"/>
    <member type="way" ref="544402386" role="outer"/>
    <member type="way" ref="544406243" role="outer"/>
    <member type="way" ref="544402776" role="outer"/>
    <member type="way" ref="544404598" role="outer"/>
    <member type="way" ref="544407511" role="outer"/>
    <member type="way" ref="544404286" role="outer"/>
    <member type="way" ref="544407512" role="outer"/>
    <tag k="building:part" v="yes"/>
    <tag k="height" v="1.8"/>
    <tag k="type" v="multipolygon"/>
  </relation>
  <relation id="7780662">
    <member type="way" ref="544404024" role="outer"/>
    <member type="way" ref="544407848" role="outer"/>
    <member type="way" ref="544404191" role="outer"/>
    <member type="way" ref="544407847" role="outer"/>
    <member type="way" ref="544407376" role="outer"/>
    <member type="way" ref="544403477" role="outer"/>
    <member type="way" ref="544407440" role="outer"/>
    <member type="way" ref="544403509" role="outer"/>
    <member type="way" ref="544406243" role="outer"/>
    <member type="way" ref="544402387" role="outer"/>
    <member type="way" ref="544406238" role="outer"/>
    <member type="way" ref="544402777" role="outer"/>
    <member type="way" ref="544404597" role="outer"/>
    <member type="way" ref="544407512" role="outer"/>
    <member type="way" ref="544404270" role="outer"/>
    <member type="way" ref="544407513" role="outer"/>
    <tag k="building:part" v="yes"/>
    <tag k="height" v="2.6"/>
    <tag k="type" v="multipolygon"/>
  </relation>
  <relation id="7780727">
    <member type="way" ref="544404594" role="outer"/>
    <member type="way" ref="544407524" role="outer"/>
    <member type="way" ref="544405071" role="outer"/>
    <member type="way" ref="544407523" role="outer"/>
    <member type="way" ref="544407819" role="outer"/>
    <member type="way" ref="544404186" role="outer"/>
    <member type="way" ref="544407851" role="outer"/>
    <member type="way" ref="544404020" role="outer"/>
    <member type="way" ref="544407161" role="outer"/>
    <member type="way" ref="544403512" role="outer"/>
    <member type="way" ref="544407237" role="outer"/>
    <member type="way" ref="544403474" role="outer"/>
    <member type="way" ref="544406221" role="outer"/>
    <member type="way" ref="544402390" role="outer"/>
    <member type="way" ref="544406226" role="outer"/>
    <member type="way" ref="544402783" role="outer"/>
    <tag k="building:part" v="yes"/>
    <tag k="height" v="4.2"/>
    <tag k="type" v="multipolygon"/>
  </relation>
  <relation id="7780728">
    <member type="way" ref="544404021" role="outer"/>
    <member type="way" ref="544407851" role="outer"/>
    <member type="way" ref="544404189" role="outer"/>
    <member type="way" ref="544407849" role="outer"/>
    <member type="way" ref="544407311" role="outer"/>
    <member type="way" ref="544403475" role="outer"/>
    <member type="way" ref="544407237" role="outer"/>
    <member type="way" ref="544403511" role="outer"/>
    <member type="way" ref="544406233" role="outer"/>
    <member type="way" ref="544402389" role="outer"/>
    <member type="way" ref="544406226" role="outer"/>
    <member type="way" ref="544402782" role="outer"/>
    <member type="way" ref="544404595" role="outer"/>
    <member type="way" ref="544406236" role="outer"/>
    <member type="way" ref="544407860" role="outer"/>
    <member type="way" ref="544407523" role="outer"/>
    <tag k="building:part" v="yes"/>
    <tag k="height" v="3.6"/>
    <tag k="type" v="multipolygon"/>
  </relation>
  <relation id="7780729">
    <member type="way" ref="544407848" role="outer"/>
    <member type="way" ref="544404190" role="outer"/>
    <member type="way" ref="544407849" role="outer"/>
    <member type="way" ref="544404023" role="outer"/>
    <member type="way" ref="544407376" role="outer"/>
    <member type="way" ref="544403476" role="outer"/>
    <member type="way" ref="544407311" role="outer"/>
    <member type="way" ref="544403510" role="outer"/>
    <member type="way" ref="544402781" role="outer"/>
    <member type="way" ref="544406233" role="outer"/>
    <member type="way" ref="544402388" role="outer"/>
    <member type="way" ref="544406238" role="outer"/>
    <member type="way" ref="544406236" role="outer"/>
    <member type="way" ref="544404596" role="outer"/>
    <member type="way" ref="544407513" role="outer"/>
    <member type="way" ref="544404254" role="outer"/>
    <tag k="building:part" v="yes"/>
    <tag k="height" v="3"/>
    <tag k="type" v="multipolygon"/>
  </relation>
  <relation id="7780745">
    <member type="way" ref="544406216" role="outer"/>
    <member type="way" ref="544402397" role="outer"/>
    <member type="way" ref="544406221" role="outer"/>
    <member type="way" ref="544402784" role="outer"/>
    <member type="way" ref="544407525" role="outer"/>
    <member type="way" ref="544405070" role="outer"/>
    <member type="way" ref="544407524" role="outer"/>
    <member type="way" ref="544404591" role="outer"/>
    <member type="way" ref="544407812" role="outer"/>
    <member type="way" ref="544404184" role="outer"/>
    <member type="way" ref="544407819" role="outer"/>
    <member type="way" ref="544404018" role="outer"/>
    <member type="way" ref="544407083" role="outer"/>
    <member type="way" ref="544403473" role="outer"/>
    <member type="way" ref="544407161" role="outer"/>
    <member type="way" ref="544403513" role="outer"/>
    <tag k="building:part" v="yes"/>
    <tag k="height" v="4.8"/>
    <tag k="type" v="multipolygon"/>
  </relation>
  <relation id="7780750">
    <member type="way" ref="544404012" role="outer"/>
    <member type="way" ref="544407805" role="outer"/>
    <member type="way" ref="544404177" role="outer"/>
    <member type="way" ref="544407802" role="outer"/>
    <member type="way" ref="544406934" role="outer"/>
    <member type="way" ref="544403519" role="outer"/>
    <member type="way" ref="544407007" role="outer"/>
    <member type="way" ref="544403471" role="outer"/>
    <member type="way" ref="544406200" role="outer"/>
    <member type="way" ref="544402786" role="outer"/>
    <member type="way" ref="544406208" role="outer"/>
    <member type="way" ref="544402399" role="outer"/>
    <member type="way" ref="544404589" role="outer"/>
    <member type="way" ref="544407530" role="outer"/>
    <member type="way" ref="544405068" role="outer"/>
    <member type="way" ref="544407531" role="outer"/>
    <tag k="building:part" v="yes"/>
    <tag k="height" v="6"/>
    <tag k="type" v="multipolygon"/>
  </relation>
  <relation id="7780751">
    <member type="way" ref="544407007" role="outer"/>
    <member type="way" ref="544403472" role="outer"/>
    <member type="way" ref="544407083" role="outer"/>
    <member type="way" ref="544403518" role="outer"/>
    <member type="way" ref="544406208" role="outer"/>
    <member type="way" ref="544402398" role="outer"/>
    <member type="way" ref="544406216" role="outer"/>
    <member type="way" ref="544402785" role="outer"/>
    <member type="way" ref="544404590" role="outer"/>
    <member type="way" ref="544407525" role="outer"/>
    <member type="way" ref="544405069" role="outer"/>
    <member type="way" ref="544407530" role="outer"/>
    <member type="way" ref="544404017" role="outer"/>
    <member type="way" ref="544407812" role="outer"/>
    <member type="way" ref="544404179" role="outer"/>
    <member type="way" ref="544407805" role="outer"/>
    <tag k="building:part" v="yes"/>
    <tag k="height" v="5.4"/>
    <tag k="type" v="multipolygon"/>
  </relation>
  <relation id="7780752">
    <member type="way" ref="544404008" role="outer"/>
    <member type="way" ref="544407801" role="outer"/>
    <member type="way" ref="544404175" role="outer"/>
    <member type="way" ref="544407802" role="outer"/>
    <member type="way" ref="544406867" role="outer"/>
    <member type="way" ref="544403470" role="outer"/>
    <member type="way" ref="544406934" role="outer"/>
    <member type="way" ref="544403520" role="outer"/>
    <member type="way" ref="544406174" role="outer"/>
    <member type="way" ref="544402400" role="outer"/>
    <member type="way" ref="544406200" role="outer"/>
    <member type="way" ref="544402787" role="outer"/>
    <member type="way" ref="544407532" role="outer"/>
    <member type="way" ref="544405067" role="outer"/>
    <member type="way" ref="544407531" role="outer"/>
    <member type="way" ref="544404588" role="outer"/>
    <tag k="building:part" v="yes"/>
    <tag k="height" v="6.6"/>
    <tag k="type" v="multipolygon"/>
  </relation>
  <relation id="7780802">
    <member type="way" ref="544407533" role="outer"/>
    <member type="way" ref="544405066" role="outer"/>
    <member type="way" ref="544407532" role="outer"/>
    <member type="way" ref="544404583" role="outer"/>
    <member type="way" ref="544407798" role="outer"/>
    <member type="way" ref="544404173" role="outer"/>
    <member type="way" ref="544407801" role="outer"/>
    <member type="way" ref="544404007" role="outer"/>
    <member type="way" ref="544406851" role="outer"/>
    <member type="way" ref="544403522" role="outer"/>
    <member type="way" ref="544406867" role="outer"/>
    <member type="way" ref="544403467" role="outer"/>
    <member type="way" ref="544406159" role="outer"/>
    <member type="way" ref="544402401" role="outer"/>
    <member type="way" ref="544406174" role="outer"/>
    <member type="way" ref="544402791" role="outer"/>
    <tag k="building:part" v="yes"/>
    <tag k="height" v="7.2"/>
    <tag k="type" v="multipolygon"/>
  </relation>
  <relation id="7780809">
    <member type="way" ref="544406153" role="outer"/>
    <member type="way" ref="544402406" role="outer"/>
    <member type="way" ref="544406159" role="outer"/>
    <member type="way" ref="544402792" role="outer"/>
    <member type="way" ref="544407534" role="outer"/>
    <member type="way" ref="544405065" role="outer"/>
    <member type="way" ref="544407533" role="outer"/>
    <member type="way" ref="544404581" role="outer"/>
    <member type="way" ref="544407797" role="outer"/>
    <member type="way" ref="544404172" role="outer"/>
    <member type="way" ref="544407798" role="outer"/>
    <member type="way" ref="544404006" role="outer"/>
    <member type="way" ref="544406843" role="outer"/>
    <member type="way" ref="544403523" role="outer"/>
    <member type="way" ref="544406851" role="outer"/>
    <member type="way" ref="544403466" role="outer"/>
    <tag k="building:part" v="yes"/>
    <tag k="height" v="7.8"/>
    <tag k="type" v="multipolygon"/>
  </relation>
  <relation id="7780839">
    <member type="way" ref="544406835" role="outer"/>
    <member type="way" ref="544403465" role="outer"/>
    <member type="way" ref="544406843" role="outer"/>
    <member type="way" ref="544403524" role="outer"/>
    <member type="way" ref="544406134" role="outer"/>
    <member type="way" ref="544402407" role="outer"/>
    <member type="way" ref="544406153" role="outer"/>
    <member type="way" ref="544402793" role="outer"/>
    <member type="way" ref="544404580" role="outer"/>
    <member type="way" ref="544407534" role="outer"/>
    <member type="way" ref="544405064" role="outer"/>
    <member type="way" ref="544407535" role="outer"/>
    <member type="way" ref="544404005" role="outer"/>
    <member type="way" ref="544407797" role="outer"/>
    <member type="way" ref="544404170" role="outer"/>
    <member type="way" ref="544407796" role="outer"/>
    <tag k="building:part" v="yes"/>
    <tag k="height" v="8.4"/>
    <tag k="type" v="multipolygon"/>
  </relation>
  <relation id="7780865">
    <member type="way" ref="544404004" role="outer"/>
    <member type="way" ref="544407796" role="outer"/>
    <member type="way" ref="544404169" role="outer"/>
    <member type="way" ref="544407795" role="outer"/>
    <member type="way" ref="544406825" role="outer"/>
    <member type="way" ref="544403464" role="outer"/>
    <member type="way" ref="544406835" role="outer"/>
    <member type="way" ref="544403525" role="outer"/>
    <member type="way" ref="544406123" role="outer"/>
    <member type="way" ref="544402794" role="outer"/>
    <member type="way" ref="544406134" role="outer"/>
    <member type="way" ref="544402408" role="outer"/>
    <member type="way" ref="544407536" role="outer"/>
    <member type="way" ref="544405063" role="outer"/>
    <member type="way" ref="544407535" role="outer"/>
    <member type="way" ref="544404579" role="outer"/>
    <tag k="building:part" v="yes"/>
    <tag k="height" v="9"/>
    <tag k="type" v="multipolygon"/>
  </relation>
  <relation id="7780866">
    <member type="way" ref="544407537" role="outer"/>
    <member type="way" ref="544405062" role="outer"/>
    <member type="way" ref="544407536" role="outer"/>
    <member type="way" ref="544404578" role="outer"/>
    <member type="way" ref="544404003" role="outer"/>
    <member type="way" ref="544407795" role="outer"/>
    <member type="way" ref="544404168" role="outer"/>
    <member type="way" ref="544407794" role="outer"/>
    <member type="way" ref="544406820" role="outer"/>
    <member type="way" ref="544403463" role="outer"/>
    <member type="way" ref="544406825" role="outer"/>
    <member type="way" ref="544403526" role="outer"/>
    <member type="way" ref="544406117" role="outer"/>
    <member type="way" ref="544402410" role="outer"/>
    <member type="way" ref="544406123" role="outer"/>
    <member type="way" ref="544402799" role="outer"/>
    <tag k="building:part" v="yes"/>
    <tag k="height" v="9.6"/>
    <tag k="type" v="multipolygon"/>
  </relation>
  <relation id="7780878">
    <member type="way" ref="544406111" role="outer"/>
    <member type="way" ref="544402412" role="outer"/>
    <member type="way" ref="544406117" role="outer"/>
    <member type="way" ref="544402803" role="outer"/>
    <member type="way" ref="544404575" role="outer"/>
    <member type="way" ref="544407537" role="outer"/>
    <member type="way" ref="544405061" role="outer"/>
    <member type="way" ref="544407538" role="outer"/>
    <member type="way" ref="544404001" role="outer"/>
    <member type="way" ref="544407794" role="outer"/>
    <member type="way" ref="544404167" role="outer"/>
    <member type="way" ref="544407793" role="outer"/>
    <member type="way" ref="544406815" role="outer"/>
    <member type="way" ref="544403459" role="outer"/>
    <member type="way" ref="544406820" role="outer"/>
    <member type="way" ref="544403527" role="outer"/>
    <tag k="building:part" v="yes"/>
    <tag k="height" v="10.2"/>
    <tag k="type" v="multipolygon"/>
  </relation>
  <relation id="7780880">
    <member type="way" ref="544406808" role="outer"/>
    <member type="way" ref="544403528" role="outer"/>
    <member type="way" ref="544406815" role="outer"/>
    <member type="way" ref="544403458" role="outer"/>
    <member type="way" ref="544406106" role="outer"/>
    <member type="way" ref="544402804" role="outer"/>
    <member type="way" ref="544406111" role="outer"/>
    <member type="way" ref="544402413" role="outer"/>
    <member type="way" ref="544407539" role="outer"/>
    <member type="way" ref="544405060" role="outer"/>
    <member type="way" ref="544407538" role="outer"/>
    <member type="way" ref="544404571" role="outer"/>
    <member type="way" ref="544404000" role="outer"/>
    <member type="way" ref="544407793" role="outer"/>
    <member type="way" ref="544404166" role="outer"/>
    <member type="way" ref="544407792" role="outer"/>
    <tag k="building:part" v="yes"/>
    <tag k="height" v="10.8"/>
    <tag k="type" v="multipolygon"/>
  </relation>
  <relation id="7780881">
    <member type="way" ref="544403998" role="outer"/>
    <member type="way" ref="544407792" role="outer"/>
    <member type="way" ref="544404165" role="outer"/>
    <member type="way" ref="544407791" role="outer"/>
    <member type="way" ref="544406803" role="outer"/>
    <member type="way" ref="544403529" role="outer"/>
    <member type="way" ref="544406808" role="outer"/>
    <member type="way" ref="544403457" role="outer"/>
    <member type="way" ref="544406093" role="outer"/>
    <member type="way" ref="544402414" role="outer"/>
    <member type="way" ref="544406106" role="outer"/>
    <member type="way" ref="544402805" role="outer"/>
    <member type="way" ref="544404570" role="outer"/>
    <member type="way" ref="544407539" role="outer"/>
    <member type="way" ref="544405051" role="outer"/>
    <member type="way" ref="544407540" role="outer"/>
    <tag k="building:part" v="yes"/>
    <tag k="height" v="11.4"/>
    <tag k="type" v="multipolygon"/>
  </relation>
  <relation id="7780886">
    <member type="way" ref="544404569" role="outer"/>
    <member type="way" ref="544407540" role="outer"/>
    <member type="way" ref="544405034" role="outer"/>
    <member type="way" ref="544407543" role="outer"/>
    <member type="way" ref="544403996" role="outer"/>
    <member type="way" ref="544407791" role="outer"/>
    <member type="way" ref="544404164" role="outer"/>
    <member type="way" ref="544407790" role="outer"/>
    <member type="way" ref="544406798" role="outer"/>
    <member type="way" ref="544403456" role="outer"/>
    <member type="way" ref="544406803" role="outer"/>
    <member type="way" ref="544403531" role="outer"/>
    <member type="way" ref="544406076" role="outer"/>
    <member type="way" ref="544402806" role="outer"/>
    <member type="way" ref="544406093" role="outer"/>
    <member type="way" ref="544402415" role="outer"/>
    <tag k="building:part" v="yes"/>
    <tag k="height" v="12"/>
    <tag k="type" v="multipolygon"/>
  </relation>
  <relation id="7780909">
    <member type="way" ref="544406054" role="outer"/>
    <member type="way" ref="544402807" role="outer"/>
    <member type="way" ref="544406076" role="outer"/>
    <member type="way" ref="544402416" role="outer"/>
    <member type="way" ref="544407561" role="outer"/>
    <member type="way" ref="544405021" role="outer"/>
    <member type="way" ref="544407543" role="outer"/>
    <member type="way" ref="544404567" role="outer"/>
    <member type="way" ref="544403995" role="outer"/>
    <member type="way" ref="544407790" role="outer"/>
    <member type="way" ref="544404163" role="outer"/>
    <member type="way" ref="544407789" role="outer"/>
    <member type="way" ref="544406765" role="outer"/>
    <member type="way" ref="544403455" role="outer"/>
    <member type="way" ref="544406798" role="outer"/>
    <member type="way" ref="544403532" role="outer"/>
    <tag k="building:part" v="yes"/>
    <tag k="height" v="12.6"/>
    <tag k="type" v="multipolygon"/>
  </relation>
  <relation id="7780911">
    <member type="way" ref="544406760" role="outer"/>
    <member type="way" ref="544403533" role="outer"/>
    <member type="way" ref="544406765" role="outer"/>
    <member type="way" ref="544403454" role="outer"/>
    <member type="way" ref="544406007" role="outer"/>
    <member type="way" ref="544402417" role="outer"/>
    <member type="way" ref="544406054" role="outer"/>
    <member type="way" ref="544402808" role="outer"/>
    <member type="way" ref="544407577" role="outer"/>
    <member type="way" ref="544405008" role="outer"/>
    <member type="way" ref="544407561" role="outer"/>
    <member type="way" ref="544404566" role="outer"/>
    <member type="way" ref="544407788" role="outer"/>
    <member type="way" ref="544404162" role="outer"/>
    <member type="way" ref="544407789" role="outer"/>
    <member type="way" ref="544403989" role="outer"/>
    <tag k="building:part" v="yes"/>
    <tag k="height" v="13.3"/>
    <tag k="type" v="multipolygon"/>
  </relation>
  <relation id="7780931">
    <member type="way" ref="544403988" role="outer"/>
    <member type="way" ref="544407788" role="outer"/>
    <member type="way" ref="544404161" role="outer"/>
    <member type="way" ref="544407781" role="outer"/>
    <member type="way" ref="544406753" role="outer"/>
    <member type="way" ref="544403534" role="outer"/>
    <member type="way" ref="544406760" role="outer"/>
    <member type="way" ref="544403453" role="outer"/>
    <member type="way" ref="544405959" role="outer"/>
    <member type="way" ref="544402418" role="outer"/>
    <member type="way" ref="544406007" role="outer"/>
    <member type="way" ref="544402809" role="outer"/>
    <member type="way" ref="544407609" role="outer"/>
    <member type="way" ref="544404998" role="outer"/>
    <member type="way" ref="544407577" role="outer"/>
    <member type="way" ref="544404565" role="outer"/>
    <tag k="building:part" v="yes"/>
    <tag k="height" v="14"/>
    <tag k="type" v="multipolygon"/>
  </relation>
  <relation id="7780941">
    <member type="way" ref="544407644" role="outer"/>
    <member type="way" ref="544404997" role="outer"/>
    <member type="way" ref="544407609" role="outer"/>
    <member type="way" ref="544404564" role="outer"/>
    <member type="way" ref="544403987" role="outer"/>
    <member type="way" ref="544407781" role="outer"/>
    <member type="way" ref="544404160" role="outer"/>
    <member type="way" ref="544407780" role="outer"/>
    <member type="way" ref="544406748" role="outer"/>
    <member type="way" ref="544403452" role="outer"/>
    <member type="way" ref="544406753" role="outer"/>
    <member type="way" ref="544403535" role="outer"/>
    <member type="way" ref="544405953" role="outer"/>
    <member type="way" ref="544402419" role="outer"/>
    <member type="way" ref="544405959" role="outer"/>
    <member type="way" ref="544402810" role="outer"/>
    <tag k="building:part" v="yes"/>
    <tag k="height" v="14.7"/>
    <tag k="type" v="multipolygon"/>
  </relation>
  <relation id="7780946">
    <member type="way" ref="544405948" role="outer"/>
    <member type="way" ref="544402420" role="outer"/>
    <member type="way" ref="544405953" role="outer"/>
    <member type="way" ref="544402811" role="outer"/>
    <member type="way" ref="544404562" role="outer"/>
    <member type="way" ref="544407644" role="outer"/>
    <member type="way" ref="544404991" role="outer"/>
    <member type="way" ref="544407667" role="outer"/>
    <member type="way" ref="544403986" role="outer"/>
    <member type="way" ref="544407780" role="outer"/>
    <member type="way" ref="544404159" role="outer"/>
    <member type="way" ref="544407779" role="outer"/>
    <member type="way" ref="544406741" role="outer"/>
    <member type="way" ref="544403450" role="outer"/>
    <member type="way" ref="544406748" role="outer"/>
    <member type="way" ref="544403536" role="outer"/>
    <tag k="building:part" v="yes"/>
    <tag k="height" v="15.4"/>
    <tag k="type" v="multipolygon"/>
  </relation>
  <relation id="7780972">
    <member type="way" ref="544406724" role="outer"/>
    <member type="way" ref="544403537" role="outer"/>
    <member type="way" ref="544406741" role="outer"/>
    <member type="way" ref="544403448" role="outer"/>
    <member type="way" ref="544405925" role="outer"/>
    <member type="way" ref="544402425" role="outer"/>
    <member type="way" ref="544405948" role="outer"/>
    <member type="way" ref="544402812" role="outer"/>
    <member type="way" ref="544404550" role="outer"/>
    <member type="way" ref="544407667" role="outer"/>
    <member type="way" ref="544404989" role="outer"/>
    <member type="way" ref="544407682" role="outer"/>
    <member type="way" ref="544407777" role="outer"/>
    <member type="way" ref="544404157" role="outer"/>
    <member type="way" ref="544407779" role="outer"/>
    <member type="way" ref="544403985" role="outer"/>
    <tag k="building:part" v="yes"/>
    <tag k="height" v="16.1"/>
    <tag k="type" v="multipolygon"/>
  </relation>
  <relation id="7781140">
    <member type="way" ref="544403984" role="outer"/>
    <member type="way" ref="544407777" role="outer"/>
    <member type="way" ref="544404155" role="outer"/>
    <member type="way" ref="544407773" role="outer"/>
    <member type="way" ref="544406719" role="outer"/>
    <member type="way" ref="544403538" role="outer"/>
    <member type="way" ref="544406724" role="outer"/>
    <member type="way" ref="544403447" role="outer"/>
    <member type="way" ref="544405919" role="outer"/>
    <member type="way" ref="544402426" role="outer"/>
    <member type="way" ref="544405925" role="outer"/>
    <member type="way" ref="544402813" role="outer"/>
    <member type="way" ref="544404543" role="outer"/>
    <member type="way" ref="544407682" role="outer"/>
    <member type="way" ref="544404988" role="outer"/>
    <member type="way" ref="544407688" role="outer"/>
    <tag k="building:part" v="yes"/>
    <tag k="height" v="16.8"/>
    <tag k="type" v="multipolygon"/>
  </relation>
  <relation id="7781144">
    <member type="way" ref="544404542" role="outer"/>
    <member type="way" ref="544407688" role="outer"/>
    <member type="way" ref="544404987" role="outer"/>
    <member type="way" ref="544407689" role="outer"/>
    <member type="way" ref="544403983" role="outer"/>
    <member type="way" ref="544407773" role="outer"/>
    <member type="way" ref="544404154" role="outer"/>
    <member type="way" ref="544407772" role="outer"/>
    <member type="way" ref="544406708" role="outer"/>
    <member type="way" ref="544403440" role="outer"/>
    <member type="way" ref="544406719" role="outer"/>
    <member type="way" ref="544403539" role="outer"/>
    <member type="way" ref="544405885" role="outer"/>
    <member type="way" ref="544402428" role="outer"/>
    <member type="way" ref="544405919" role="outer"/>
    <member type="way" ref="544402814" role="outer"/>
    <tag k="building:part" v="yes"/>
    <tag k="height" v="17.5"/>
    <tag k="type" v="multipolygon"/>
  </relation>
  <relation id="7781155">
    <member type="way" ref="544405880" role="outer"/>
    <member type="way" ref="544402429" role="outer"/>
    <member type="way" ref="544405885" role="outer"/>
    <member type="way" ref="544402815" role="outer"/>
    <member type="way" ref="544407691" role="outer"/>
    <member type="way" ref="544404986" role="outer"/>
    <member type="way" ref="544407689" role="outer"/>
    <member type="way" ref="544404541" role="outer"/>
    <member type="way" ref="544407771" role="outer"/>
    <member type="way" ref="544404153" role="outer"/>
    <member type="way" ref="544407772" role="outer"/>
    <member type="way" ref="544403982" role="outer"/>
    <member type="way" ref="544406682" role="outer"/>
    <member type="way" ref="544403540" role="outer"/>
    <member type="way" ref="544406708" role="outer"/>
    <member type="way" ref="544403435" role="outer"/>
    <tag k="building:part" v="yes"/>
    <tag k="height" v="18.2"/>
    <tag k="type" v="multipolygon"/>
  </relation>
  <relation id="7781169">
    <member type="way" ref="544407770" role="outer"/>
    <member type="way" ref="544404152" role="outer"/>
    <member type="way" ref="544407771" role="outer"/>
    <member type="way" ref="544403981" role="outer"/>
    <member type="way" ref="544406671" role="outer"/>
    <member type="way" ref="544403433" role="outer"/>
    <member type="way" ref="544406682" role="outer"/>
    <member type="way" ref="544403541" role="outer"/>
    <member type="way" ref="544405875" role="outer"/>
    <member type="way" ref="544402439" role="outer"/>
    <member type="way" ref="544405880" role="outer"/>
    <member type="way" ref="544402816" role="outer"/>
    <member type="way" ref="544407692" role="outer"/>
    <member type="way" ref="544404985" role="outer"/>
    <member type="way" ref="544407691" role="outer"/>
    <member type="way" ref="544404538" role="outer"/>
    <tag k="building:part" v="yes"/>
    <tag k="height" v="18.9"/>
    <tag k="type" v="multipolygon"/>
  </relation>
  <relation id="7781171">
    <member type="way" ref="544404536" role="outer"/>
    <member type="way" ref="544407692" role="outer"/>
    <member type="way" ref="544404984" role="outer"/>
    <member type="way" ref="544407693" role="outer"/>
    <member type="way" ref="544403980" role="outer"/>
    <member type="way" ref="544407770" role="outer"/>
    <member type="way" ref="544404151" role="outer"/>
    <member type="way" ref="544407769" role="outer"/>
    <member type="way" ref="544406659" role="outer"/>
    <member type="way" ref="544403543" role="outer"/>
    <member type="way" ref="544406671" role="outer"/>
    <member type="way" ref="544403423" role="outer"/>
    <member type="way" ref="544405852" role="outer"/>
    <member type="way" ref="544402450" role="outer"/>
    <member type="way" ref="544405875" role="outer"/>
    <member type="way" ref="544402817" role="outer"/>
    <tag k="building:part" v="yes"/>
    <tag k="height" v="19.6"/>
    <tag k="type" v="multipolygon"/>
  </relation>
  <relation id="7781172">
    <member type="way" ref="544405807" role="outer"/>
    <member type="way" ref="544402462" role="outer"/>
    <member type="way" ref="544405852" role="outer"/>
    <member type="way" ref="544402818" role="outer"/>
    <member type="way" ref="544407694" role="outer"/>
    <member type="way" ref="544404983" role="outer"/>
    <member type="way" ref="544407693" role="outer"/>
    <member type="way" ref="544404535" role="outer"/>
    <member type="way" ref="544403979" role="outer"/>
    <member type="way" ref="544407769" role="outer"/>
    <member type="way" ref="544404147" role="outer"/>
    <member type="way" ref="544407768" role="outer"/>
    <member type="way" ref="544406654" role="outer"/>
    <member type="way" ref="544403422" role="outer"/>
    <member type="way" ref="544406659" role="outer"/>
    <member type="way" ref="544403545" role="outer"/>
    <tag k="building:part" v="yes"/>
    <tag k="height" v="20.3"/>
    <tag k="type" v="multipolygon"/>
  </relation>
  <relation id="7781385">
    <member type="way" ref="544406649" role="outer"/>
    <member type="way" ref="544403546" role="outer"/>
    <member type="way" ref="544406654" role="outer"/>
    <member type="way" ref="544403421" role="outer"/>
    <member type="way" ref="544405785" role="outer"/>
    <member type="way" ref="544402819" role="outer"/>
    <member type="way" ref="544405807" role="outer"/>
    <member type="way" ref="544402463" role="outer"/>
    <member type="way" ref="544404531" role="outer"/>
    <member type="way" ref="544407694" role="outer"/>
    <member type="way" ref="544404967" role="outer"/>
    <member type="way" ref="544407695" role="outer"/>
    <member type="way" ref="544403978" role="outer"/>
    <member type="way" ref="544407768" role="outer"/>
    <member type="way" ref="544404146" role="outer"/>
    <member type="way" ref="544407767" role="outer"/>
    <tag k="building:part" v="yes"/>
    <tag k="height" v="21"/>
    <tag k="type" v="multipolygon"/>
  </relation>
  <relation id="7781390">
    <member type="way" ref="544404202" role="outer"/>
    <member type="way" ref="544407766" role="outer"/>
    <member type="way" ref="544404145" role="outer"/>
    <member type="way" ref="544407767" role="outer"/>
    <member type="way" ref="544406649" role="outer"/>
    <member type="way" ref="544402839" role="outer"/>
    <member type="way" ref="544406639" role="outer"/>
    <member type="way" ref="544403420" role="outer"/>
    <member type="way" ref="544405785" role="outer"/>
    <member type="way" ref="544402820" role="outer"/>
    <member type="way" ref="544405766" role="outer"/>
    <member type="way" ref="544402467" role="outer"/>
    <member type="way" ref="544404529" role="outer"/>
    <member type="way" ref="544407696" role="outer"/>
    <member type="way" ref="544404953" role="outer"/>
    <member type="way" ref="544407695" role="outer"/>
    <tag k="building:part" v="yes"/>
    <tag k="height" v="21.7"/>
    <tag k="type" v="multipolygon"/>
  </relation>
  <relation id="7781736">
    <member type="way" ref="544406597" role="outer"/>
    <member type="way" ref="544403417" role="outer"/>
    <member type="way" ref="544406610" role="outer"/>
    <member type="way" ref="544402842" role="outer"/>
    <member type="way" ref="544405700" role="outer"/>
    <member type="way" ref="544402823" role="outer"/>
    <member type="way" ref="544405738" role="outer"/>
    <member type="way" ref="544402474" role="outer"/>
    <member type="way" ref="544407699" role="outer"/>
    <member type="way" ref="544404949" role="outer"/>
    <member type="way" ref="544407698" role="outer"/>
    <member type="way" ref="544404519" role="outer"/>
    <member type="way" ref="544407762" role="outer"/>
    <member type="way" ref="544404142" role="outer"/>
    <member type="way" ref="544407763" role="outer"/>
    <member type="way" ref="544403678" role="outer"/>
    <tag k="building:part" v="yes"/>
    <tag k="height" v="23.8"/>
    <tag k="type" v="multipolygon"/>
  </relation>
  <relation id="7781737">
    <member type="way" ref="544405738" role="outer"/>
    <member type="way" ref="544402473" role="outer"/>
    <member type="way" ref="544405751" role="outer"/>
    <member type="way" ref="544402822" role="outer"/>
    <member type="way" ref="544404526" role="outer"/>
    <member type="way" ref="544407697" role="outer"/>
    <member type="way" ref="544404950" role="outer"/>
    <member type="way" ref="544407698" role="outer"/>
    <member type="way" ref="544407763" role="outer"/>
    <member type="way" ref="544404143" role="outer"/>
    <member type="way" ref="544407765" role="outer"/>
    <member type="way" ref="544403682" role="outer"/>
    <member type="way" ref="544406610" role="outer"/>
    <member type="way" ref="544402841" role="outer"/>
    <member type="way" ref="544406625" role="outer"/>
    <member type="way" ref="544403418" role="outer"/>
    <tag k="building:part" v="yes"/>
    <tag k="height" v="23.1"/>
    <tag k="type" v="multipolygon"/>
  </relation>
  <relation id="7781738">
    <member type="way" ref="544407697" role="outer"/>
    <member type="way" ref="544404951" role="outer"/>
    <member type="way" ref="544407696" role="outer"/>
    <member type="way" ref="544404527" role="outer"/>
    <member type="way" ref="544403683" role="outer"/>
    <member type="way" ref="544407766" role="outer"/>
    <member type="way" ref="544404144" role="outer"/>
    <member type="way" ref="544407765" role="outer"/>
    <member type="way" ref="544406625" role="outer"/>
    <member type="way" ref="544403419" role="outer"/>
    <member type="way" ref="544406639" role="outer"/>
    <member type="way" ref="544402840" role="outer"/>
    <member type="way" ref="544405751" role="outer"/>
    <member type="way" ref="544402821" role="outer"/>
    <member type="way" ref="544405766" role="outer"/>
    <member type="way" ref="544402472" role="outer"/>
    <tag k="building:part" v="yes"/>
    <tag k="height" v="22.4"/>
    <tag k="type" v="multipolygon"/>
  </relation>
  <relation id="7781739">
    <member type="way" ref="544403670" role="outer"/>
    <member type="way" ref="544407762" role="outer"/>
    <member type="way" ref="544404141" role="outer"/>
    <member type="way" ref="544407761" role="outer"/>
    <member type="way" ref="544406564" role="outer"/>
    <member type="way" ref="544402843" role="outer"/>
    <member type="way" ref="544406597" role="outer"/>
    <member type="way" ref="544403416" role="outer"/>
    <member type="way" ref="544405684" role="outer"/>
    <member type="way" ref="544402824" role="outer"/>
    <member type="way" ref="544405700" role="outer"/>
    <member type="way" ref="544402475" role="outer"/>
    <member type="way" ref="544404517" role="outer"/>
    <member type="way" ref="544407699" role="outer"/>
    <member type="way" ref="544404943" role="outer"/>
    <member type="way" ref="544407700" role="outer"/>
    <tag k="building:part" v="yes"/>
    <tag k="height" v="24.5"/>
    <tag k="type" v="multipolygon"/>
  </relation>
  <relation id="7781740">
    <member type="way" ref="544404516" role="outer"/>
    <member type="way" ref="544407700" role="outer"/>
    <member type="way" ref="544404928" role="outer"/>
    <member type="way" ref="544407701" role="outer"/>
    <member type="way" ref="544403660" role="outer"/>
    <member type="way" ref="544407761" role="outer"/>
    <member type="way" ref="544404140" role="outer"/>
    <member type="way" ref="544407760" role="outer"/>
    <member type="way" ref="544406553" role="outer"/>
    <member type="way" ref="544402844" role="outer"/>
    <member type="way" ref="544406564" role="outer"/>
    <member type="way" ref="544403415" role="outer"/>
    <member type="way" ref="544405675" role="outer"/>
    <member type="way" ref="544402825" role="outer"/>
    <member type="way" ref="544405684" role="outer"/>
    <member type="way" ref="544402476" role="outer"/>
    <tag k="building:part" v="yes"/>
    <tag k="height" v="25.2"/>
    <tag k="type" v="multipolygon"/>
  </relation>
  <relation id="7781747">
    <member type="way" ref="544405652" role="outer"/>
    <member type="way" ref="544402826" role="outer"/>
    <member type="way" ref="544405675" role="outer"/>
    <member type="way" ref="544402477" role="outer"/>
    <member type="way" ref="544404515" role="outer"/>
    <member type="way" ref="544407701" role="outer"/>
    <member type="way" ref="544404914" role="outer"/>
    <member type="way" ref="544407702" role="outer"/>
    <member type="way" ref="544403649" role="outer"/>
    <member type="way" ref="544407760" role="outer"/>
    <member type="way" ref="544404139" role="outer"/>
    <member type="way" ref="544406551" role="outer"/>
    <member type="way" ref="544481436" role="outer"/>
    <member type="way" ref="544402845" role="outer"/>
    <member type="way" ref="544406553" role="outer"/>
    <member type="way" ref="544403414" role="outer"/>
    <tag k="building:part" v="yes"/>
    <tag k="height" v="25.9"/>
    <tag k="type" v="multipolygon"/>
  </relation>
  <relation id="7781749">
    <member type="way" ref="544406485" role="outer"/>
    <member type="way" ref="544402854" role="outer"/>
    <member type="way" ref="544481436" role="outer"/>
    <member type="way" ref="544403413" role="outer"/>
    <member type="way" ref="544405598" role="outer"/>
    <member type="way" ref="544402827" role="outer"/>
    <member type="way" ref="544405652" role="outer"/>
    <member type="way" ref="544402478" role="outer"/>
    <member type="way" ref="544404509" role="outer"/>
    <member type="way" ref="544407702" role="outer"/>
    <member type="way" ref="544404898" role="outer"/>
    <member type="way" ref="544405650" role="outer"/>
    <member type="way" ref="544403648" role="outer"/>
    <member type="way" ref="544406551" role="outer"/>
    <member type="way" ref="544404138" role="outer"/>
    <member type="way" ref="544407758" role="outer"/>
    <tag k="building:part" v="yes"/>
    <tag k="height" v="26.6"/>
    <tag k="type" v="multipolygon"/>
  </relation>
  <relation id="7781752">
    <member type="way" ref="544407757" role="outer"/>
    <member type="way" ref="544404137" role="outer"/>
    <member type="way" ref="544407758" role="outer"/>
    <member type="way" ref="544403647" role="outer"/>
    <member type="way" ref="544406457" role="outer"/>
    <member type="way" ref="544402868" role="outer"/>
    <member type="way" ref="544406485" role="outer"/>
    <member type="way" ref="544403405" role="outer"/>
    <member type="way" ref="544405598" role="outer"/>
    <member type="way" ref="544402828" role="outer"/>
    <member type="way" ref="544405588" role="outer"/>
    <member type="way" ref="544402482" role="outer"/>
    <member type="way" ref="544404508" role="outer"/>
    <member type="way" ref="544407703" role="outer"/>
    <member type="way" ref="544404897" role="outer"/>
    <member type="way" ref="544405650" role="outer"/>
    <tag k="building:part" v="yes"/>
    <tag k="height" v="27.3"/>
    <tag k="type" v="multipolygon"/>
  </relation>
  <relation id="7781761">
    <member type="way" ref="544407704" role="outer"/>
    <member type="way" ref="544404896" role="outer"/>
    <member type="way" ref="544407703" role="outer"/>
    <member type="way" ref="544404507" role="outer"/>
    <member type="way" ref="544403646" role="outer"/>
    <member type="way" ref="544407757" role="outer"/>
    <member type="way" ref="544404136" role="outer"/>
    <member type="way" ref="544407756" role="outer"/>
    <member type="way" ref="544406437" role="outer"/>
    <member type="way" ref="544402881" role="outer"/>
    <member type="way" ref="544406457" role="outer"/>
    <member type="way" ref="544403394" role="outer"/>
    <member type="way" ref="544405588" role="outer"/>
    <member type="way" ref="544402483" role="outer"/>
    <member type="way" ref="544405578" role="outer"/>
    <member type="way" ref="544402829" role="outer"/>
    <tag k="building:part" v="yes"/>
    <tag k="height" v="28"/>
    <tag k="type" v="multipolygon"/>
  </relation>
  <relation id="7781770">
    <member type="way" ref="544405488" role="outer"/>
    <member type="way" ref="544402484" role="outer"/>
    <member type="way" ref="544405578" role="outer"/>
    <member type="way" ref="544402830" role="outer"/>
    <member type="way" ref="544407704" role="outer"/>
    <member type="way" ref="544404895" role="outer"/>
    <member type="way" ref="544407706" role="outer"/>
    <member type="way" ref="544404504" role="outer"/>
    <member type="way" ref="544403645" role="outer"/>
    <member type="way" ref="544407756" role="outer"/>
    <member type="way" ref="544404135" role="outer"/>
    <member type="way" ref="544407753" role="outer"/>
    <member type="way" ref="544406397" role="outer"/>
    <member type="way" ref="544402892" role="outer"/>
    <member type="way" ref="544406437" role="outer"/>
    <member type="way" ref="544403385" role="outer"/>
    <tag k="building:part" v="yes"/>
    <tag k="height" v="28.7"/>
    <tag k="type" v="multipolygon"/>
  </relation>
  <relation id="7781772">
    <member type="way" ref="544406388" role="outer"/>
    <member type="way" ref="544402896" role="outer"/>
    <member type="way" ref="544406397" role="outer"/>
    <member type="way" ref="544403381" role="outer"/>
    <member type="way" ref="544405488" role="outer"/>
    <member type="way" ref="544402485" role="outer"/>
    <member type="way" ref="544405464" role="outer"/>
    <member type="way" ref="544402831" role="outer"/>
    <member type="way" ref="544407706" role="outer"/>
    <member type="way" ref="544404893" role="outer"/>
    <member type="way" ref="544407707" role="outer"/>
    <member type="way" ref="544404503" role="outer"/>
    <member type="way" ref="544403644" role="outer"/>
    <member type="way" ref="544407752" role="outer"/>
    <member type="way" ref="544404134" role="outer"/>
    <member type="way" ref="544407753" role="outer"/>
    <tag k="building:part" v="yes"/>
    <tag k="height" v="29.4"/>
    <tag k="type" v="multipolygon"/>
  </relation>
  <relation id="7781783">
    <member type="way" ref="544407752" role="outer"/>
    <member type="way" ref="544404123" role="outer"/>
    <member type="way" ref="544407751" role="outer"/>
    <member type="way" ref="544403643" role="outer"/>
    <member type="way" ref="544406379" role="outer"/>
    <member type="way" ref="544403380" role="outer"/>
    <member type="way" ref="544406388" role="outer"/>
    <member type="way" ref="544402897" role="outer"/>
    <member type="way" ref="544405464" role="outer"/>
    <member type="way" ref="544402486" role="outer"/>
    <member type="way" ref="544405455" role="outer"/>
    <member type="way" ref="544402833" role="outer"/>
    <member type="way" ref="544407708" role="outer"/>
    <member type="way" ref="544404892" role="outer"/>
    <member type="way" ref="544407707" role="outer"/>
    <member type="way" ref="544404502" role="outer"/>
    <tag k="building:part" v="yes"/>
    <tag k="height" v="30.1"/>
    <tag k="type" v="multipolygon"/>
  </relation>
  <relation id="7781785">
    <member type="way" ref="544404501" role="outer"/>
    <member type="way" ref="544407708" role="outer"/>
    <member type="way" ref="544404891" role="outer"/>
    <member type="way" ref="544407709" role="outer"/>
    <member type="way" ref="544403642" role="outer"/>
    <member type="way" ref="544407751" role="outer"/>
    <member type="way" ref="544548685" role="outer"/>
    <member type="way" ref="544407750" role="outer"/>
    <member type="way" ref="544406357" role="outer"/>
    <member type="way" ref="544403379" role="outer"/>
    <member type="way" ref="544406379" role="outer"/>
    <member type="way" ref="544402898" role="outer"/>
    <member type="way" ref="544405446" role="outer"/>
    <member type="way" ref="544402487" role="outer"/>
    <member type="way" ref="544405455" role="outer"/>
    <member type="way" ref="544402834" role="outer"/>
    <tag k="building:part" v="yes"/>
    <tag k="height" v="30.8"/>
    <tag k="type" v="multipolygon"/>
  </relation>
  <relation id="7781786">
    <member type="way" ref="544405435" role="outer"/>
    <member type="way" ref="544402488" role="outer"/>
    <member type="way" ref="544405446" role="outer"/>
    <member type="way" ref="544402835" role="outer"/>
    <member type="way" ref="544407710" role="outer"/>
    <member type="way" ref="544404890" role="outer"/>
    <member type="way" ref="544407709" role="outer"/>
    <member type="way" ref="544404497" role="outer"/>
    <member type="way" ref="544403641" role="outer"/>
    <member type="way" ref="544407749" role="outer"/>
    <member type="way" ref="544404114" role="outer"/>
    <member type="way" ref="544407750" role="outer"/>
    <member type="way" ref="544406357" role="outer"/>
    <member type="way" ref="544403378" role="outer"/>
    <member type="way" ref="544406345" role="outer"/>
    <member type="way" ref="544402899" role="outer"/>
    <tag k="building:part" v="yes"/>
    <tag k="height" v="31.5"/>
    <tag k="type" v="multipolygon"/>
  </relation>
  <relation id="7781788">
    <member type="way" ref="544406341" role="outer"/>
    <member type="way" ref="544402913" role="outer"/>
    <member type="way" ref="544406345" role="outer"/>
    <member type="way" ref="544403377" role="outer"/>
    <member type="way" ref="544405433" role="outer"/>
    <member type="way" ref="544402489" role="outer"/>
    <member type="way" ref="544405435" role="outer"/>
    <member type="way" ref="544402836" role="outer"/>
    <member type="way" ref="544404491" role="outer"/>
    <member type="way" ref="544407710" role="outer"/>
    <member type="way" ref="544404889" role="outer"/>
    <member type="way" ref="544405429" role="outer"/>
    <member type="way" ref="544407749" role="outer"/>
    <member type="way" ref="544404113" role="outer"/>
    <member type="way" ref="544406343" role="outer"/>
    <member type="way" ref="544403639" role="outer"/>
    <tag k="building:part" v="yes"/>
    <tag k="height" v="32.2"/>
    <tag k="type" v="multipolygon"/>
  </relation>
  <relation id="7781943">
    <member type="way" ref="544415806" role="outer"/>
    <member type="way" ref="544402839" role="outer"/>
    <member type="way" ref="544402840" role="outer"/>
    <member type="way" ref="544406628" role="outer"/>
    <member type="way" ref="544415805" role="outer"/>
    <member type="way" ref="544404202" role="outer"/>
    <member type="way" ref="544403683" role="outer"/>
    <member type="way" ref="544406635" role="outer"/>
    <member type="way" ref="544404529" role="outer"/>
    <member type="way" ref="544415808" role="outer"/>
    <member type="way" ref="544405758" role="outer"/>
    <member type="way" ref="544404527" role="outer"/>
    <member type="way" ref="544402820" role="outer"/>
    <member type="way" ref="544415807" role="outer"/>
    <member type="way" ref="544405753" role="outer"/>
    <member type="way" ref="544402821" role="outer"/>
    <tag k="building:part" v="yes"/>
    <tag k="height" v="3"/>
    <tag k="type" v="multipolygon"/>
  </relation>
  <relation id="7781944">
    <member type="way" ref="544474778" role="outer"/>
    <member type="way" ref="544405753" role="outer"/>
    <member type="way" ref="544402822" role="outer"/>
    <member type="way" ref="544405745" role="outer"/>
    <member type="way" ref="544474791" role="outer"/>
    <member type="way" ref="544405749" role="outer"/>
    <member type="way" ref="544404526" role="outer"/>
    <member type="way" ref="544405758" role="outer"/>
    <member type="way" ref="544474809" role="outer"/>
    <member type="way" ref="544406635" role="outer"/>
    <member type="way" ref="544403682" role="outer"/>
    <member type="way" ref="544406622" role="outer"/>
    <member type="way" ref="544474798" role="outer"/>
    <member type="way" ref="544406612" role="outer"/>
    <member type="way" ref="544402841" role="outer"/>
    <member type="way" ref="544406628" role="outer"/>
    <tag k="building:part" v="yes"/>
    <tag k="height" v="4.5"/>
    <tag k="type" v="multipolygon"/>
  </relation>
  <relation id="7781947">
    <member type="way" ref="544406599" role="outer"/>
    <member type="way" ref="544402842" role="outer"/>
    <member type="way" ref="544406612" role="outer"/>
    <member type="way" ref="544474797" role="outer"/>
    <member type="way" ref="544474804" role="outer"/>
    <member type="way" ref="544406607" role="outer"/>
    <member type="way" ref="544403678" role="outer"/>
    <member type="way" ref="544406622" role="outer"/>
    <member type="way" ref="544405702" role="outer"/>
    <member type="way" ref="544402823" role="outer"/>
    <member type="way" ref="544405745" role="outer"/>
    <member type="way" ref="544474777" role="outer"/>
    <member type="way" ref="544405733" role="outer"/>
    <member type="way" ref="544404519" role="outer"/>
    <member type="way" ref="544405749" role="outer"/>
    <member type="way" ref="544474790" role="outer"/>
    <tag k="building:part" v="yes"/>
    <tag k="height" v="6"/>
    <tag k="type" v="multipolygon"/>
  </relation>
  <relation id="7781949">
    <member type="way" ref="544474796" role="outer"/>
    <member type="way" ref="544406569" role="outer"/>
    <member type="way" ref="544402843" role="outer"/>
    <member type="way" ref="544406599" role="outer"/>
    <member type="way" ref="544474803" role="outer"/>
    <member type="way" ref="544406576" role="outer"/>
    <member type="way" ref="544403670" role="outer"/>
    <member type="way" ref="544406607" role="outer"/>
    <member type="way" ref="544474776" role="outer"/>
    <member type="way" ref="544405702" role="outer"/>
    <member type="way" ref="544402824" role="outer"/>
    <member type="way" ref="544405685" role="outer"/>
    <member type="way" ref="544474789" role="outer"/>
    <member type="way" ref="544405733" role="outer"/>
    <member type="way" ref="544404517" role="outer"/>
    <member type="way" ref="544405691" role="outer"/>
    <tag k="building:part" v="yes"/>
    <tag k="height" v="7.6"/>
    <tag k="type" v="multipolygon"/>
  </relation>
  <relation id="7781957">
    <member type="way" ref="544474788" role="outer"/>
    <member type="way" ref="544405681" role="outer"/>
    <member type="way" ref="544404516" role="outer"/>
    <member type="way" ref="544405691" role="outer"/>
    <member type="way" ref="544474775" role="outer"/>
    <member type="way" ref="544405677" role="outer"/>
    <member type="way" ref="544402825" role="outer"/>
    <member type="way" ref="544405685" role="outer"/>
    <member type="way" ref="544474802" role="outer"/>
    <member type="way" ref="544406576" role="outer"/>
    <member type="way" ref="544403660" role="outer"/>
    <member type="way" ref="544406561" role="outer"/>
    <member type="way" ref="544474795" role="outer"/>
    <member type="way" ref="544406556" role="outer"/>
    <member type="way" ref="544402844" role="outer"/>
    <member type="way" ref="544406569" role="outer"/>
    <tag k="building:part" v="yes"/>
    <tag k="height" v="9.2"/>
    <tag k="type" v="multipolygon"/>
  </relation>
  <relation id="7781959">
    <member type="way" ref="544474794" role="outer"/>
    <member type="way" ref="544406556" role="outer"/>
    <member type="way" ref="544402845" role="outer"/>
    <member type="way" ref="544406545" role="outer"/>
    <member type="way" ref="544474801" role="outer"/>
    <member type="way" ref="544406549" role="outer"/>
    <member type="way" ref="544403649" role="outer"/>
    <member type="way" ref="544406561" role="outer"/>
    <member type="way" ref="544474785" role="outer"/>
    <member type="way" ref="544405658" role="outer"/>
    <member type="way" ref="544404515" role="outer"/>
    <member type="way" ref="544405681" role="outer"/>
    <member type="way" ref="544474774" role="outer"/>
    <member type="way" ref="544405654" role="outer"/>
    <member type="way" ref="544402826" role="outer"/>
    <member type="way" ref="544405677" role="outer"/>
    <tag k="building:part" v="yes"/>
    <tag k="height" v="10.8"/>
    <tag k="type" v="multipolygon"/>
  </relation>
  <relation id="7781961">
    <member type="way" ref="544474773" role="outer"/>
    <member type="way" ref="544405600" role="outer"/>
    <member type="way" ref="544402827" role="outer"/>
    <member type="way" ref="544405654" role="outer"/>
    <member type="way" ref="544474784" role="outer"/>
    <member type="way" ref="544405623" role="outer"/>
    <member type="way" ref="544404509" role="outer"/>
    <member type="way" ref="544405658" role="outer"/>
    <member type="way" ref="544474800" role="outer"/>
    <member type="way" ref="544406511" role="outer"/>
    <member type="way" ref="544403648" role="outer"/>
    <member type="way" ref="544406549" role="outer"/>
    <member type="way" ref="544474793" role="outer"/>
    <member type="way" ref="544406488" role="outer"/>
    <member type="way" ref="544402854" role="outer"/>
    <member type="way" ref="544406545" role="outer"/>
    <tag k="building:part" v="yes"/>
    <tag k="height" v="12.4"/>
    <tag k="type" v="multipolygon"/>
  </relation>
  <relation id="7781963">
    <member type="way" ref="544404206" role="outer"/>
    <member type="way" ref="544406460" role="outer"/>
    <member type="way" ref="544402868" role="outer"/>
    <member type="way" ref="544406488" role="outer"/>
    <member type="way" ref="544404207" role="outer"/>
    <member type="way" ref="544406464" role="outer"/>
    <member type="way" ref="544403647" role="outer"/>
    <member type="way" ref="544406511" role="outer"/>
    <member type="way" ref="544404407" role="outer"/>
    <member type="way" ref="544405594" role="outer"/>
    <member type="way" ref="544404508" role="outer"/>
    <member type="way" ref="544405623" role="outer"/>
    <member type="way" ref="544402221" role="outer"/>
    <member type="way" ref="544405590" role="outer"/>
    <member type="way" ref="544402828" role="outer"/>
    <member type="way" ref="544405600" role="outer"/>
    <tag k="building:part" v="yes"/>
    <tag k="height" v="14"/>
    <tag k="type" v="multipolygon"/>
  </relation>
  <relation id="7781978">
    <member type="way" ref="544402222" role="outer"/>
    <member type="way" ref="544405590" role="outer"/>
    <member type="way" ref="544402829" role="outer"/>
    <member type="way" ref="544405580" role="outer"/>
    <member type="way" ref="544404408" role="outer"/>
    <member type="way" ref="544405585" role="outer"/>
    <member type="way" ref="544404507" role="outer"/>
    <member type="way" ref="544405594" role="outer"/>
    <member type="way" ref="544403596" role="outer"/>
    <member type="way" ref="544406454" role="outer"/>
    <member type="way" ref="544403646" role="outer"/>
    <member type="way" ref="544406464" role="outer"/>
    <member type="way" ref="544402998" role="outer"/>
    <member type="way" ref="544406441" role="outer"/>
    <member type="way" ref="544402881" role="outer"/>
    <member type="way" ref="544406460" role="outer"/>
    <tag k="building:part" v="yes"/>
    <tag k="height" v="15.6"/>
    <tag k="type" v="multipolygon"/>
  </relation>
  <relation id="7781980">
    <member type="way" ref="544402986" role="outer"/>
    <member type="way" ref="544406441" role="outer"/>
    <member type="way" ref="544402892" role="outer"/>
    <member type="way" ref="544406400" role="outer"/>
    <member type="way" ref="544403594" role="outer"/>
    <member type="way" ref="544406454" role="outer"/>
    <member type="way" ref="544403645" role="outer"/>
    <member type="way" ref="544406421" role="outer"/>
    <member type="way" ref="544404409" role="outer"/>
    <member type="way" ref="544405585" role="outer"/>
    <member type="way" ref="544404504" role="outer"/>
    <member type="way" ref="544405535" role="outer"/>
    <member type="way" ref="544402223" role="outer"/>
    <member type="way" ref="544405580" role="outer"/>
    <member type="way" ref="544402830" role="outer"/>
    <member type="way" ref="544405490" role="outer"/>
    <tag k="building:part" v="yes"/>
    <tag k="height" v="17.2"/>
    <tag k="type" v="multipolygon"/>
  </relation>
  <relation id="7781985">
    <member type="way" ref="544402224" role="outer"/>
    <member type="way" ref="544405490" role="outer"/>
    <member type="way" ref="544402831" role="outer"/>
    <member type="way" ref="544405469" role="outer"/>
    <member type="way" ref="544404410" role="outer"/>
    <member type="way" ref="544405535" role="outer"/>
    <member type="way" ref="544404503" role="outer"/>
    <member type="way" ref="544405473" role="outer"/>
    <member type="way" ref="544403593" role="outer"/>
    <member type="way" ref="544406421" role="outer"/>
    <member type="way" ref="544403644" role="outer"/>
    <member type="way" ref="544406394" role="outer"/>
    <member type="way" ref="544402973" role="outer"/>
    <member type="way" ref="544406400" role="outer"/>
    <member type="way" ref="544402896" role="outer"/>
    <member type="way" ref="544406391" role="outer"/>
    <tag k="building:part" v="yes"/>
    <tag k="height" v="18.8"/>
    <tag k="type" v="multipolygon"/>
  </relation>
  <relation id="7781986">
    <member type="way" ref="544402958" role="outer"/>
    <member type="way" ref="544406391" role="outer"/>
    <member type="way" ref="544402897" role="outer"/>
    <member type="way" ref="544406382" role="outer"/>
    <member type="way" ref="544403592" role="outer"/>
    <member type="way" ref="544406394" role="outer"/>
    <member type="way" ref="544403643" role="outer"/>
    <member type="way" ref="544406385" role="outer"/>
    <member type="way" ref="544402225" role="outer"/>
    <member type="way" ref="544405457" role="outer"/>
    <member type="way" ref="544402833" role="outer"/>
    <member type="way" ref="544405469" role="outer"/>
    <member type="way" ref="544404411" role="outer"/>
    <member type="way" ref="544405461" role="outer"/>
    <member type="way" ref="544404502" role="outer"/>
    <member type="way" ref="544405473" role="outer"/>
    <tag k="building:part" v="yes"/>
    <tag k="height" v="20.4"/>
    <tag k="type" v="multipolygon"/>
  </relation>
  <relation id="7781987">
    <member type="way" ref="544402226" role="outer"/>
    <member type="way" ref="544405457" role="outer"/>
    <member type="way" ref="544402834" role="outer"/>
    <member type="way" ref="544405448" role="outer"/>
    <member type="way" ref="544404423" role="outer"/>
    <member type="way" ref="544405461" role="outer"/>
    <member type="way" ref="544404501" role="outer"/>
    <member type="way" ref="544405452" role="outer"/>
    <member type="way" ref="544403583" role="outer"/>
    <member type="way" ref="544406376" role="outer"/>
    <member type="way" ref="544403642" role="outer"/>
    <member type="way" ref="544406385" role="outer"/>
    <member type="way" ref="544402950" role="outer"/>
    <member type="way" ref="544406382" role="outer"/>
    <member type="way" ref="544402898" role="outer"/>
    <member type="way" ref="544406362" role="outer"/>
    <tag k="building:part" v="yes"/>
    <tag k="height" v="22"/>
    <tag k="type" v="multipolygon"/>
  </relation>
  <relation id="7781988">
    <member type="way" ref="544402949" role="outer"/>
    <member type="way" ref="544406362" role="outer"/>
    <member type="way" ref="544402899" role="outer"/>
    <member type="way" ref="544406350" role="outer"/>
    <member type="way" ref="544403576" role="outer"/>
    <member type="way" ref="544406376" role="outer"/>
    <member type="way" ref="544403641" role="outer"/>
    <member type="way" ref="544406354" role="outer"/>
    <member type="way" ref="544402227" role="outer"/>
    <member type="way" ref="544405437" role="outer"/>
    <member type="way" ref="544402835" role="outer"/>
    <member type="way" ref="544405448" role="outer"/>
    <member type="way" ref="544404441" role="outer"/>
    <member type="way" ref="544405452" role="outer"/>
    <member type="way" ref="544404497" role="outer"/>
    <member type="way" ref="544405442" role="outer"/>
    <tag k="building:part" v="yes"/>
    <tag k="height" v="23.6"/>
    <tag k="type" v="multipolygon"/>
  </relation>
  <relation id="7781992">
    <member type="way" ref="544565400" role="outer"/>
    <member type="way" ref="544402228" role="outer"/>
    <member type="way" ref="544402948" role="outer"/>
    <member type="way" ref="544403569" role="outer"/>
    <member type="way" ref="544405442" role="outer"/>
    <member type="way" ref="544404491" role="outer"/>
    <member type="way" ref="544405431" role="outer"/>
    <member type="way" ref="544406354" role="outer"/>
    <member type="way" ref="544407857" role="outer"/>
    <member type="way" ref="544403639" role="outer"/>
    <member type="way" ref="544406350" role="outer"/>
    <member type="way" ref="544402913" role="outer"/>
    <member type="way" ref="544406336" role="outer"/>
    <member type="way" ref="544405432" role="outer"/>
    <member type="way" ref="544402836" role="outer"/>
    <member type="way" ref="544405437" role="outer"/>
    <tag k="building:part" v="yes"/>
    <tag k="height" v="25.2"/>
    <tag k="type" v="multipolygon"/>
  </relation>
  <relation id="7782436">
    <member type="way" ref="544605391" role="outer"/>
    <member type="way" ref="544605398" role="outer"/>
    <member type="way" ref="544605378" role="outer"/>
    <member type="way" ref="544605410" role="outer"/>
    <member type="way" ref="544605384" role="outer"/>
    <member type="way" ref="544605417" role="outer"/>
    <member type="way" ref="544605360" role="outer"/>
    <member type="way" ref="544605419" role="outer"/>
    <member type="way" ref="544605094" role="outer"/>
    <member type="way" ref="544604951" role="outer"/>
    <member type="way" ref="544605105" role="outer"/>
    <member type="way" ref="544604936" role="outer"/>
    <member type="way" ref="544605081" role="outer"/>
    <member type="way" ref="544604876" role="outer"/>
    <member type="way" ref="544605099" role="outer"/>
    <member type="way" ref="544604868" role="outer"/>
    <tag k="building:part" v="yes"/>
    <tag k="height" v="20.4"/>
    <tag k="min_height" v="12.5"/>
    <tag k="type" v="multipolygon"/>
  </relation>
  <relation id="7782438">
    <member type="way" ref="544535352" role="outer"/>
    <member type="way" ref="544403592" role="outer"/>
    <member type="way" ref="544535351" role="outer"/>
    <member type="way" ref="544604951" role="outer"/>
    <member type="way" ref="544605079" role="outer"/>
    <member type="way" ref="544402958" role="outer"/>
    <member type="way" ref="544605097" role="outer"/>
    <member type="way" ref="544604868" role="outer"/>
    <member type="way" ref="544605382" role="outer"/>
    <member type="way" ref="544402225" role="outer"/>
    <member type="way" ref="544605357" role="outer"/>
    <member type="way" ref="544605417" role="outer"/>
    <member type="way" ref="544605398" role="outer"/>
    <member type="way" ref="544535345" role="outer"/>
    <member type="way" ref="544404411" role="outer"/>
    <member type="way" ref="544535344" role="outer"/>
    <tag k="building:part" v="yes"/>
    <tag k="height" v="20.4"/>
    <tag k="min_height" v="10"/>
    <tag k="type" v="multipolygon"/>
  </relation>
  <relation id="7782502">
    <member type="way" ref="544605388" role="outer"/>
    <member type="way" ref="544605419" role="outer"/>
    <member type="way" ref="544605376" role="outer"/>
    <member type="way" ref="544605410" role="outer"/>
    <member type="way" ref="544605092" role="outer"/>
    <member type="way" ref="544604876" role="outer"/>
    <member type="way" ref="544605103" role="outer"/>
    <member type="way" ref="544604936" role="outer"/>
    <tag k="building:part" v="yes"/>
    <tag k="height" v="20.4"/>
    <tag k="min_height" v="15"/>
    <tag k="type" v="multipolygon"/>
  </relation>
  <relation id="7782504">
    <member type="way" ref="544605245" role="outer"/>
    <member type="way" ref="544535346" role="outer"/>
    <member type="way" ref="544404423" role="outer"/>
    <member type="way" ref="544535345" role="outer"/>
    <member type="way" ref="544605357" role="outer"/>
    <member type="way" ref="544402226" role="outer"/>
    <member type="way" ref="544605295" role="outer"/>
    <member type="way" ref="544605114" role="outer"/>
    <member type="way" ref="544605054" role="outer"/>
    <member type="way" ref="544402950" role="outer"/>
    <member type="way" ref="544605079" role="outer"/>
    <member type="way" ref="544604869" role="outer"/>
    <member type="way" ref="544604952" role="outer"/>
    <member type="way" ref="544535351" role="outer"/>
    <member type="way" ref="544403583" role="outer"/>
    <member type="way" ref="544535349" role="outer"/>
    <tag k="building:part" v="yes"/>
    <tag k="height" v="22"/>
    <tag k="min_height" v="10"/>
    <tag k="type" v="multipolygon"/>
  </relation>
  <relation id="7782509">
    <member type="way" ref="544605076" role="outer"/>
    <member type="way" ref="544604952" role="outer"/>
    <member type="way" ref="544605094" role="outer"/>
    <member type="way" ref="544604939" role="outer"/>
    <member type="way" ref="544605056" role="outer"/>
    <member type="way" ref="544604877" role="outer"/>
    <member type="way" ref="544605081" role="outer"/>
    <member type="way" ref="544604869" role="outer"/>
    <member type="way" ref="544605153" role="outer"/>
    <member type="way" ref="544605297" role="outer"/>
    <member type="way" ref="544605114" role="outer"/>
    <member type="way" ref="544605360" role="outer"/>
    <member type="way" ref="544605237" role="outer"/>
    <member type="way" ref="544605355" role="outer"/>
    <member type="way" ref="544605245" role="outer"/>
    <member type="way" ref="544605378" role="outer"/>
    <tag k="building:part" v="yes"/>
    <tag k="height" v="22"/>
    <tag k="min_height" v="12.5"/>
    <tag k="type" v="multipolygon"/>
  </relation>
  <relation id="7782525">
    <member type="way" ref="544605376" role="outer"/>
    <member type="way" ref="544605237" role="outer"/>
    <member type="way" ref="544605348" role="outer"/>
    <member type="way" ref="544605153" role="outer"/>
    <member type="way" ref="544605066" role="outer"/>
    <member type="way" ref="544604877" role="outer"/>
    <member type="way" ref="544605092" role="outer"/>
    <member type="way" ref="544604939" role="outer"/>
    <tag k="building:part" v="yes"/>
    <tag k="height" v="22"/>
    <tag k="min_height" v="15"/>
    <tag k="type" v="multipolygon"/>
  </relation>
  <relation id="7782534">
    <member type="way" ref="544604953" role="outer"/>
    <member type="way" ref="544535349" role="outer"/>
    <member type="way" ref="544403576" role="outer"/>
    <member type="way" ref="544535348" role="outer"/>
    <member type="way" ref="544605033" role="outer"/>
    <member type="way" ref="544402949" role="outer"/>
    <member type="way" ref="544605054" role="outer"/>
    <member type="way" ref="544604870" role="outer"/>
    <member type="way" ref="544605295" role="outer"/>
    <member type="way" ref="544402227" role="outer"/>
    <member type="way" ref="544605279" role="outer"/>
    <member type="way" ref="544605113" role="outer"/>
    <member type="way" ref="544605244" role="outer"/>
    <member type="way" ref="544535347" role="outer"/>
    <member type="way" ref="544404441" role="outer"/>
    <member type="way" ref="544535346" role="outer"/>
    <tag k="building:part" v="yes"/>
    <tag k="height" v="23.6"/>
    <tag k="min_height" v="10"/>
    <tag k="type" v="multipolygon"/>
  </relation>
  <relation id="7782539">
    <member type="way" ref="544605236" role="outer"/>
    <member type="way" ref="544605292" role="outer"/>
    <member type="way" ref="544605244" role="outer"/>
    <member type="way" ref="544605355" role="outer"/>
    <member type="way" ref="544605297" role="outer"/>
    <member type="way" ref="544605113" role="outer"/>
    <member type="way" ref="544605281" role="outer"/>
    <member type="way" ref="544605150" role="outer"/>
    <member type="way" ref="544605051" role="outer"/>
    <member type="way" ref="544604953" role="outer"/>
    <member type="way" ref="544605076" role="outer"/>
    <member type="way" ref="544604941" role="outer"/>
    <member type="way" ref="544605042" role="outer"/>
    <member type="way" ref="544604870" role="outer"/>
    <member type="way" ref="544605056" role="outer"/>
    <member type="way" ref="544604878" role="outer"/>
    <tag k="building:part" v="yes"/>
    <tag k="height" v="23.6"/>
    <tag k="min_height" v="12.5"/>
    <tag k="type" v="multipolygon"/>
  </relation>
  <relation id="7782568">
    <member type="way" ref="544604878" role="outer"/>
    <member type="way" ref="544605046" role="outer"/>
    <member type="way" ref="544604941" role="outer"/>
    <member type="way" ref="544605066" role="outer"/>
    <member type="way" ref="544605348" role="outer"/>
    <member type="way" ref="544605236" role="outer"/>
    <member type="way" ref="544605290" role="outer"/>
    <member type="way" ref="544605150" role="outer"/>
    <tag k="building:part" v="yes"/>
    <tag k="height" v="23.6"/>
    <tag k="min_height" v="15"/>
    <tag k="type" v="multipolygon"/>
  </relation>
  <relation id="7782574">
    <member type="way" ref="544604993" role="outer"/>
    <member type="way" ref="544604871" role="outer"/>
    <member type="way" ref="544605033" role="outer"/>
    <member type="way" ref="544402948" role="outer"/>
    <member type="way" ref="544481439" role="outer"/>
    <member type="way" ref="544403569" role="outer"/>
    <member type="way" ref="544535348" role="outer"/>
    <member type="way" ref="544604955" role="outer"/>
    <member type="way" ref="544605243" role="outer"/>
    <member type="way" ref="544481437" role="outer"/>
    <member type="way" ref="544565400" role="outer"/>
    <member type="way" ref="544535347" role="outer"/>
    <member type="way" ref="544605279" role="outer"/>
    <member type="way" ref="544402228" role="outer"/>
    <member type="way" ref="544605266" role="outer"/>
    <member type="way" ref="544605112" role="outer"/>
    <tag k="building:part" v="yes"/>
    <tag k="height" v="25.2"/>
    <tag k="min_height" v="10"/>
    <tag k="type" v="multipolygon"/>
  </relation>
  <relation id="7782581">
    <member type="way" ref="544605026" role="outer"/>
    <member type="way" ref="544604942" role="outer"/>
    <member type="way" ref="544605046" role="outer"/>
    <member type="way" ref="544604879" role="outer"/>
    <member type="way" ref="544605149" role="outer"/>
    <member type="way" ref="544605290" role="outer"/>
    <member type="way" ref="544605235" role="outer"/>
    <member type="way" ref="544605274" role="outer"/>
    <tag k="building:part" v="yes"/>
    <tag k="height" v="25.2"/>
    <tag k="min_height" v="15"/>
    <tag k="type" v="multipolygon"/>
  </relation>
  <relation id="7782584">
    <member type="way" ref="544605292" role="outer"/>
    <member type="way" ref="544605243" role="outer"/>
    <member type="way" ref="544605276" role="outer"/>
    <member type="way" ref="544605235" role="outer"/>
    <member type="way" ref="544605281" role="outer"/>
    <member type="way" ref="544605112" role="outer"/>
    <member type="way" ref="544605268" role="outer"/>
    <member type="way" ref="544605149" role="outer"/>
    <member type="way" ref="544605004" role="outer"/>
    <member type="way" ref="544604879" role="outer"/>
    <member type="way" ref="544605042" role="outer"/>
    <member type="way" ref="544604871" role="outer"/>
    <member type="way" ref="544604942" role="outer"/>
    <member type="way" ref="544605051" role="outer"/>
    <member type="way" ref="544604955" role="outer"/>
    <member type="way" ref="544605030" role="outer"/>
    <tag k="building:part" v="yes"/>
    <tag k="height" v="25.2"/>
    <tag k="min_height" v="12.5"/>
    <tag k="type" v="multipolygon"/>
  </relation>
  <relation id="7782630">
    <member type="way" ref="544406331" role="outer"/>
    <member type="way" ref="544404111" role="outer"/>
    <member type="way" ref="544406343" role="outer"/>
    <member type="way" ref="544403638" role="outer"/>
    <member type="way" ref="544406328" role="outer"/>
    <member type="way" ref="544403375" role="outer"/>
    <member type="way" ref="544406341" role="outer"/>
    <member type="way" ref="544402915" role="outer"/>
    <member type="way" ref="544405385" role="outer"/>
    <member type="way" ref="544402837" role="outer"/>
    <member type="way" ref="544405433" role="outer"/>
    <member type="way" ref="544402490" role="outer"/>
    <member type="way" ref="544404490" role="outer"/>
    <member type="way" ref="544405429" role="outer"/>
    <member type="way" ref="544404887" role="outer"/>
    <member type="way" ref="544407711" role="outer"/>
    <tag k="building:part" v="yes"/>
    <tag k="height" v="32.9"/>
    <tag k="min_height" v="4"/>
    <tag k="type" v="multipolygon"/>
  </relation>
  <relation id="7782649">
    <member type="way" ref="544405399" role="outer"/>
    <member type="way" ref="544402837" role="outer"/>
    <member type="way" ref="544405432" role="outer"/>
    <member type="way" ref="544624186" role="outer"/>
    <member type="way" ref="544405427" role="outer"/>
    <member type="way" ref="544411326" role="outer"/>
    <member type="way" ref="544405431" role="outer"/>
    <member type="way" ref="544404490" role="outer"/>
    <member type="way" ref="544407857" role="outer"/>
    <member type="way" ref="544411219" role="outer"/>
    <member type="way" ref="544406329" role="outer"/>
    <member type="way" ref="544403638" role="outer"/>
    <member type="way" ref="544406336" role="outer"/>
    <member type="way" ref="544402915" role="outer"/>
    <member type="way" ref="544407748" role="outer"/>
    <member type="way" ref="544411419" role="outer"/>
    <tag k="building:part" v="yes"/>
    <tag k="height" v="26.8"/>
    <tag k="min_height" v="4"/>
    <tag k="type" v="multipolygon"/>
  </relation>
  <relation id="7782695">
    <member type="way" ref="544405426" role="outer"/>
    <member type="way" ref="544630661" role="outer"/>
    <member type="way" ref="544411326" role="outer"/>
    <member type="way" ref="544630612" role="outer"/>
    <member type="way" ref="544624186" role="outer"/>
    <member type="way" ref="544630644" role="outer"/>
    <member type="way" ref="544411419" role="outer"/>
    <member type="way" ref="544630628" role="outer"/>
    <member type="way" ref="544630668" role="outer"/>
    <member type="way" ref="544411219" role="outer"/>
    <member type="way" ref="544630677" role="outer"/>
    <member type="way" ref="544406335" role="outer"/>
    <tag k="building:part" v="yes"/>
    <tag k="height" v="40"/>
    <tag k="min_height" v="4"/>
    <tag k="type" v="multipolygon"/>
  </relation>
  <relation id="7782716">
    <member type="way" ref="544481439" role="outer"/>
    <member type="way" ref="544411218" role="outer"/>
    <member type="way" ref="544630675" role="outer"/>
    <member type="way" ref="544604993" role="outer"/>
    <member type="way" ref="544605433" role="outer"/>
    <member type="way" ref="544632708" role="outer"/>
    <member type="way" ref="544632706" role="outer"/>
    <member type="way" ref="544605266" role="outer"/>
    <member type="way" ref="544605111" role="outer"/>
    <member type="way" ref="544605242" role="outer"/>
    <member type="way" ref="544632680" role="outer"/>
    <member type="way" ref="544481437" role="outer"/>
    <tag k="building:part" v="yes"/>
    <tag k="height" v="26.8"/>
    <tag k="min_height" v="10"/>
    <tag k="type" v="multipolygon"/>
  </relation>
  <relation id="7782721">
    <member type="way" ref="544605234" role="outer"/>
    <member type="way" ref="544481438" role="outer"/>
    <member type="way" ref="544411327" role="outer"/>
    <member type="way" ref="544605242" role="outer"/>
    <member type="way" ref="544605276" role="outer"/>
    <member type="way" ref="544605268" role="outer"/>
    <member type="way" ref="544605148" role="outer"/>
    <member type="way" ref="544605253" role="outer"/>
    <member type="way" ref="544632705" role="outer"/>
    <member type="way" ref="544605111" role="outer"/>
    <member type="way" ref="544481440" role="outer"/>
    <member type="way" ref="544632713" role="outer"/>
    <member type="way" ref="544630675" role="outer"/>
    <member type="way" ref="544605030" role="outer"/>
    <member type="way" ref="544604943" role="outer"/>
    <member type="way" ref="544604964" role="outer"/>
    <member type="way" ref="544411420" role="outer"/>
    <member type="way" ref="544605433" role="outer"/>
    <member type="way" ref="544605004" role="outer"/>
    <member type="way" ref="544604880" role="outer"/>
    <tag k="building:part" v="yes"/>
    <tag k="height" v="26.8"/>
    <tag k="min_height" v="12.5"/>
    <tag k="type" v="multipolygon"/>
  </relation>
  <relation id="7782728">
    <member type="way" ref="544604983" role="outer"/>
    <member type="way" ref="544604943" role="outer"/>
    <member type="way" ref="544605026" role="outer"/>
    <member type="way" ref="544604880" role="outer"/>
    <member type="way" ref="544605264" role="outer"/>
    <member type="way" ref="544605234" role="outer"/>
    <member type="way" ref="544605274" role="outer"/>
    <member type="way" ref="544605148" role="outer"/>
    <tag k="building:part" v="yes"/>
    <tag k="height" v="26.8"/>
    <tag k="min_height" v="15"/>
    <tag k="type" v="multipolygon"/>
  </relation>
  <relation id="7782735">
    <member type="way" ref="544632713" role="outer"/>
    <member type="way" ref="544630643" role="outer"/>
    <member type="way" ref="544630677" role="outer"/>
    <member type="way" ref="544411218" role="outer"/>
    <member type="way" ref="544406332" role="outer"/>
    <member type="way" ref="544411420" role="outer"/>
    <member type="way" ref="544632708" role="outer"/>
    <member type="way" ref="544630668" role="outer"/>
    <member type="way" ref="544632680" role="outer"/>
    <member type="way" ref="544630661" role="outer"/>
    <member type="way" ref="544630605" role="outer"/>
    <member type="way" ref="544411327" role="outer"/>
    <member type="way" ref="544632706" role="outer"/>
    <member type="way" ref="544630644" role="outer"/>
    <member type="way" ref="544630616" role="outer"/>
    <member type="way" ref="544632705" role="outer"/>
    <tag k="building:part" v="yes"/>
    <tag k="height" v="40"/>
    <tag k="min_height" v="12.5"/>
    <tag k="type" v="multipolygon"/>
  </relation>
  <relation id="7782750">
    <member type="way" ref="544404489" role="outer"/>
    <member type="way" ref="544407712" role="outer"/>
    <member type="way" ref="544404885" role="outer"/>
    <member type="way" ref="544407711" role="outer"/>
    <member type="way" ref="544407741" role="outer"/>
    <member type="way" ref="544404110" role="outer"/>
    <member type="way" ref="544406331" role="outer"/>
    <member type="way" ref="544403637" role="outer"/>
    <member type="way" ref="544406322" role="outer"/>
    <member type="way" ref="544403374" role="outer"/>
    <member type="way" ref="544406328" role="outer"/>
    <member type="way" ref="544402919" role="outer"/>
    <member type="way" ref="544405296" role="outer"/>
    <member type="way" ref="544402838" role="outer"/>
    <member type="way" ref="544405385" role="outer"/>
    <member type="way" ref="544402494" role="outer"/>
    <tag k="building:part" v="yes"/>
    <tag k="height" v="33.6"/>
    <tag k="min_height" v="8"/>
    <tag k="type" v="multipolygon"/>
  </relation>
  <relation id="7782753">
    <member type="way" ref="544405338" role="outer"/>
    <member type="way" ref="544411325" role="outer"/>
    <member type="way" ref="544405427" role="outer"/>
    <member type="way" ref="544404489" role="outer"/>
    <member type="way" ref="544624204" role="outer"/>
    <member type="way" ref="544405310" role="outer"/>
    <member type="way" ref="544402838" role="outer"/>
    <member type="way" ref="544405399" role="outer"/>
    <member type="way" ref="544407748" role="outer"/>
    <member type="way" ref="544402919" role="outer"/>
    <member type="way" ref="544406323" role="outer"/>
    <member type="way" ref="544411418" role="outer"/>
    <member type="way" ref="544406329" role="outer"/>
    <member type="way" ref="544411233" role="outer"/>
    <member type="way" ref="544406325" role="outer"/>
    <member type="way" ref="544403637" role="outer"/>
    <tag k="building:part" v="yes"/>
    <tag k="height" v="28.4"/>
    <tag k="min_height" v="8"/>
    <tag k="type" v="multipolygon"/>
  </relation>
  <relation id="7782772">
    <member type="way" ref="544406335" role="outer"/>
    <member type="way" ref="544639023" role="outer"/>
    <member type="way" ref="544406324" role="outer"/>
    <member type="way" ref="544411233" role="outer"/>
    <member type="way" ref="544630628" role="outer"/>
    <member type="way" ref="544411418" role="outer"/>
    <member type="way" ref="544638952" role="outer"/>
    <member type="way" ref="544639007" role="outer"/>
    <member type="way" ref="544638960" role="outer"/>
    <member type="way" ref="544624204" role="outer"/>
    <member type="way" ref="544630612" role="outer"/>
    <member type="way" ref="544639000" role="outer"/>
    <member type="way" ref="544405324" role="outer"/>
    <member type="way" ref="544639006" role="outer"/>
    <member type="way" ref="544405426" role="outer"/>
    <member type="way" ref="544411325" role="outer"/>
    <tag k="building:part" v="yes"/>
    <tag k="height" v="40"/>
    <tag k="min_height" v="8"/>
    <tag k="type" v="multipolygon"/>
  </relation>
  <relation id="7782776">
    <member type="way" ref="544406332" role="outer"/>
    <member type="way" ref="544639010" role="outer"/>
    <member type="way" ref="544638955" role="outer"/>
    <member type="way" ref="544638954" role="outer"/>
    <member type="way" ref="544638953" role="outer"/>
    <member type="way" ref="544639007" role="outer"/>
    <member type="way" ref="544630643" role="outer"/>
    <member type="way" ref="544639023" role="outer"/>
    <member type="way" ref="544638944" role="outer"/>
    <member type="way" ref="544639020" role="outer"/>
    <member type="way" ref="544630616" role="outer"/>
    <member type="way" ref="544639000" role="outer"/>
    <member type="way" ref="544638961" role="outer"/>
    <member type="way" ref="544630647" role="outer"/>
    <member type="way" ref="544630605" role="outer"/>
    <member type="way" ref="544639006" role="outer"/>
    <member type="way" ref="544638992" role="outer"/>
    <member type="way" ref="544630652" role="outer"/>
    <tag k="building:part" v="yes"/>
    <tag k="height" v="40"/>
    <tag k="min_height" v="12.5"/>
    <tag k="type" v="multipolygon"/>
  </relation>
  <relation id="7782781">
    <member type="way" ref="544411216" role="outer"/>
    <member type="way" ref="544639020" role="outer"/>
    <member type="way" ref="544638915" role="outer"/>
    <tag k="building:part" v="yes"/>
    <tag k="height" v="40"/>
    <tag k="min_height" v="15"/>
    <tag k="type" v="multipolygon"/>
  </relation>
  <relation id="7782802">
    <member type="way" ref="544481440" role="outer"/>
    <member type="way" ref="544411216" role="outer"/>
    <member type="way" ref="692536775" role="outer"/>
    <member type="way" ref="544604964" role="outer"/>
    <member type="way" ref="544604983" role="outer"/>
    <member type="way" ref="544605264" role="outer"/>
    <member type="way" ref="544481438" role="outer"/>
    <member type="way" ref="692536773" role="outer"/>
    <member type="way" ref="544411329" role="outer"/>
    <member type="way" ref="544605253" role="outer"/>
    <tag k="building:part" v="yes"/>
    <tag k="height" v="28.4"/>
    <tag k="min_height" v="15"/>
    <tag k="type" v="multipolygon"/>
  </relation>
  <relation id="7782807">
    <member type="way" ref="544405296" role="outer"/>
    <member type="way" ref="544349668" role="outer"/>
    <member type="way" ref="544405247" role="outer"/>
    <member type="way" ref="544402505" role="outer"/>
    <member type="way" ref="544404488" role="outer"/>
    <member type="way" ref="544407722" role="outer"/>
    <member type="way" ref="544404871" role="outer"/>
    <member type="way" ref="544407712" role="outer"/>
    <member type="way" ref="544407741" role="outer"/>
    <member type="way" ref="544404109" role="outer"/>
    <member type="way" ref="544407732" role="outer"/>
    <member type="way" ref="544403634" role="outer"/>
    <member type="way" ref="544406322" role="outer"/>
    <member type="way" ref="544403373" role="outer"/>
    <member type="way" ref="544406312" role="outer"/>
    <member type="way" ref="544403568" role="outer"/>
    <tag k="building:part" v="yes"/>
    <tag k="height" v="34.3"/>
    <tag k="min_height" v="12"/>
    <tag k="type" v="multipolygon"/>
  </relation>
  <relation id="7782811">
    <member type="way" ref="544406324" role="outer"/>
    <member type="way" ref="544638944" role="outer"/>
    <member type="way" ref="544641502" role="outer"/>
    <member type="way" ref="544641463" role="outer"/>
    <member type="way" ref="544411234" role="outer"/>
    <member type="way" ref="544638955" role="outer"/>
    <member type="way" ref="544638954" role="outer"/>
    <member type="way" ref="544638953" role="outer"/>
    <member type="way" ref="544638952" role="outer"/>
    <member type="way" ref="544411417" role="outer"/>
    <member type="way" ref="544641427" role="outer"/>
    <member type="way" ref="544641479" role="outer"/>
    <member type="way" ref="544641466" role="outer"/>
    <member type="way" ref="544638992" role="outer"/>
    <member type="way" ref="544405324" role="outer"/>
    <member type="way" ref="544411324" role="outer"/>
    <member type="way" ref="544641417" role="outer"/>
    <member type="way" ref="544641465" role="outer"/>
    <member type="way" ref="544638961" role="outer"/>
    <member type="way" ref="544638960" role="outer"/>
    <member type="way" ref="544349719" role="outer"/>
    <member type="way" ref="544641398" role="outer"/>
    <tag k="building:part" v="yes"/>
    <tag k="height" v="40"/>
    <tag k="min_height" v="12"/>
    <tag k="type" v="multipolygon"/>
  </relation>
  <relation id="7782812">
    <member type="way" ref="544411324" role="outer"/>
    <member type="way" ref="544405338" role="outer"/>
    <member type="way" ref="544404488" role="outer"/>
    <member type="way" ref="544349719" role="outer"/>
    <member type="way" ref="544349668" role="outer"/>
    <member type="way" ref="544405310" role="outer"/>
    <member type="way" ref="544406323" role="outer"/>
    <member type="way" ref="544403568" role="outer"/>
    <member type="way" ref="544411417" role="outer"/>
    <member type="way" ref="544406325" role="outer"/>
    <member type="way" ref="544411234" role="outer"/>
    <member type="way" ref="544403634" role="outer"/>
    <tag k="building:part" v="yes"/>
    <tag k="height" v="29.4"/>
    <tag k="min_height" v="12"/>
    <tag k="type" v="multipolygon"/>
  </relation>
  <relation id="7782816">
    <member type="way" ref="544641465" role="outer"/>
    <member type="way" ref="692536772" role="outer"/>
    <member type="way" ref="544638978" role="outer"/>
    <member type="way" ref="544641466" role="outer"/>
    <member type="way" ref="544641403" role="outer"/>
    <member type="way" ref="544638915" role="outer"/>
    <member type="way" ref="692536776" role="outer"/>
    <member type="way" ref="544641502" role="outer"/>
    <member type="way" ref="544641459" role="outer"/>
    <member type="way" ref="544641479" role="outer"/>
    <tag k="building:part" v="yes"/>
    <tag k="height" v="40"/>
    <tag k="min_height" v="15"/>
    <tag k="type" v="multipolygon"/>
  </relation>
  <relation id="7782842">
    <member type="way" ref="544411416" role="outer"/>
    <member type="way" ref="544406312" role="outer"/>
    <member type="way" ref="544403372" role="outer"/>
    <member type="way" ref="544411334" role="outer"/>
    <member type="way" ref="544405247" role="outer"/>
    <member type="way" ref="544402512" role="outer"/>
    <member type="way" ref="544411318" role="outer"/>
    <member type="way" ref="544404857" role="outer"/>
    <member type="way" ref="544407722" role="outer"/>
    <member type="way" ref="544411235" role="outer"/>
    <member type="way" ref="544404108" role="outer"/>
    <member type="way" ref="544407732" role="outer"/>
    <tag k="building:part" v="yes"/>
    <tag k="height" v="35"/>
    <tag k="min_height" v="16"/>
    <tag k="type" v="multipolygon"/>
  </relation>
  <relation id="7782845">
    <member type="way" ref="544407730" role="outer"/>
    <member type="way" ref="544411318" role="outer"/>
    <member type="way" ref="544641417" role="outer"/>
    <member type="way" ref="544641398" role="outer"/>
    <member type="way" ref="544411334" role="outer"/>
    <member type="way" ref="544641403" role="outer"/>
    <member type="way" ref="544641463" role="outer"/>
    <member type="way" ref="544641459" role="outer"/>
    <member type="way" ref="544641427" role="outer"/>
    <member type="way" ref="544407731" role="outer"/>
    <member type="way" ref="544411416" role="outer"/>
    <member type="way" ref="544411235" role="outer"/>
    <tag k="building:part" v="yes"/>
    <tag k="height" v="40"/>
    <tag k="min_height" v="16"/>
    <tag k="type" v="multipolygon"/>
  </relation>
  <relation id="7782847">
    <member type="way" ref="544407500" role="outer"/>
    <member type="way" ref="544411240" role="outer"/>
    <member type="way" ref="544402088" role="outer"/>
    <member type="way" ref="544402073" role="outer"/>
    <member type="way" ref="544402066" role="outer"/>
    <member type="way" ref="544402053" role="outer"/>
    <member type="way" ref="544402050" role="outer"/>
    <member type="way" ref="544402045" role="outer"/>
    <member type="way" ref="544402043" role="outer"/>
    <member type="way" ref="544402041" role="outer"/>
    <member type="way" ref="544407501" role="outer"/>
    <member type="way" ref="544402038" role="outer"/>
    <member type="way" ref="544402036" role="outer"/>
    <member type="way" ref="544402034" role="outer"/>
    <member type="way" ref="544402032" role="outer"/>
    <member type="way" ref="544402030" role="outer"/>
    <member type="way" ref="544402023" role="outer"/>
    <member type="way" ref="544402022" role="outer"/>
    <member type="way" ref="544402009" role="outer"/>
    <member type="way" ref="544411413" role="outer"/>
    <member type="way" ref="544407492" role="outer"/>
    <member type="way" ref="544411307" role="outer"/>
    <member type="way" ref="544399803" role="outer"/>
    <member type="way" ref="544399801" role="outer"/>
    <member type="way" ref="544399798" role="outer"/>
    <member type="way" ref="544399786" role="outer"/>
    <member type="way" ref="544399748" role="outer"/>
    <member type="way" ref="544399713" role="outer"/>
    <member type="way" ref="544399683" role="outer"/>
    <member type="way" ref="544399642" role="outer"/>
    <member type="way" ref="544399629" role="outer"/>
    <member type="way" ref="544399626" role="outer"/>
    <member type="way" ref="544399625" role="outer"/>
    <member type="way" ref="544399622" role="outer"/>
    <member type="way" ref="544399621" role="outer"/>
    <member type="way" ref="544399608" role="outer"/>
    <member type="way" ref="544399578" role="outer"/>
    <member type="way" ref="544399570" role="outer"/>
    <member type="way" ref="544399548" role="outer"/>
    <member type="way" ref="544411347" role="outer"/>
    <tag k="building:part" v="yes"/>
    <tag k="height" v="40"/>
    <tag k="min_height" v="27"/>
    <tag k="type" v="multipolygon"/>
  </relation>
  <relation id="7782848">
    <member type="way" ref="544407491" role="outer"/>
    <member type="way" ref="544407492" role="outer"/>
    <member type="way" ref="544411309" role="outer"/>
    <member type="way" ref="544411346" role="outer"/>
    <member type="way" ref="544407499" role="outer"/>
    <member type="way" ref="544407500" role="outer"/>
    <member type="way" ref="544411414" role="outer"/>
    <member type="way" ref="544411237" role="outer"/>
    <tag k="building:part" v="yes"/>
    <tag k="height" v="40"/>
    <tag k="min_height" v="24"/>
    <tag k="type" v="multipolygon"/>
  </relation>
  <relation id="7782849">
    <member type="way" ref="544411236" role="outer"/>
    <member type="way" ref="544407731" role="outer"/>
    <member type="way" ref="544407499" role="outer"/>
    <member type="way" ref="544411415" role="outer"/>
    <member type="way" ref="544407730" role="outer"/>
    <member type="way" ref="544407491" role="outer"/>
    <member type="way" ref="544411345" role="outer"/>
    <member type="way" ref="544411311" role="outer"/>
    <tag k="building:part" v="yes"/>
    <tag k="height" v="40"/>
    <tag k="min_height" v="20"/>
    <tag k="type" v="multipolygon"/>
  </relation>
  <relation id="7783356">
    <member type="way" ref="544703018" role="outer"/>
    <member type="way" ref="544399629" role="outer"/>
    <member type="way" ref="544703070" role="outer"/>
    <member type="way" ref="544400001" role="outer"/>
    <member type="way" ref="544405148" role="outer"/>
    <member type="way" ref="544407501" role="outer"/>
    <member type="way" ref="544405230" role="outer"/>
    <member type="way" ref="544401739" role="outer"/>
    <tag k="building:part" v="yes"/>
    <tag k="height" v="40"/>
    <tag k="min_height" v="28"/>
    <tag k="type" v="multipolygon"/>
  </relation>
  <relation id="7783358">
    <member type="way" ref="544401537" role="outer"/>
    <member type="way" ref="544703099" role="outer"/>
    <member type="way" ref="544401739" role="outer"/>
    <member type="way" ref="544703067" role="outer"/>
    <member type="way" ref="544400001" role="outer"/>
    <member type="way" ref="544703020" role="outer"/>
    <member type="way" ref="544400242" role="outer"/>
    <member type="way" ref="544703072" role="outer"/>
    <tag k="building:part" v="yes"/>
    <tag k="height" v="40"/>
    <tag k="min_height" v="29"/>
    <tag k="type" v="multipolygon"/>
  </relation>
  <relation id="7783363">
    <member type="way" ref="544399996" role="outer"/>
    <member type="way" ref="544702211" role="outer"/>
    <member type="way" ref="544399625" role="outer"/>
    <member type="way" ref="544702117" role="outer"/>
    <member type="way" ref="544400006" role="outer"/>
    <member type="way" ref="544702830" role="outer"/>
    <member type="way" ref="544399683" role="outer"/>
    <member type="way" ref="544702964" role="outer"/>
    <member type="way" ref="544402043" role="outer"/>
    <member type="way" ref="544405144" role="outer"/>
    <member type="way" ref="544401778" role="outer"/>
    <member type="way" ref="544405146" role="outer"/>
    <member type="way" ref="544702143" role="outer"/>
    <member type="way" ref="544402036" role="outer"/>
    <member type="way" ref="544702331" role="outer"/>
    <member type="way" ref="544401675" role="outer"/>
    <member type="way" ref="544703065" role="outer"/>
    <member type="way" ref="544401404" role="outer"/>
    <member type="way" ref="544703092" role="outer"/>
    <member type="way" ref="544401537" role="outer"/>
    <member type="way" ref="544703023" role="outer"/>
    <member type="way" ref="544400389" role="outer"/>
    <member type="way" ref="544703074" role="outer"/>
    <member type="way" ref="544400242" role="outer"/>
    <tag k="building:part" v="yes"/>
    <tag k="height" v="40"/>
    <tag k="min_height" v="30"/>
    <tag k="type" v="multipolygon"/>
  </relation>
  <relation id="7783365">
    <member type="way" ref="544400236" role="outer"/>
    <member type="way" ref="544702230" role="outer"/>
    <member type="way" ref="544399996" role="outer"/>
    <member type="way" ref="544702119" role="outer"/>
    <member type="way" ref="544400246" role="outer"/>
    <member type="way" ref="544702864" role="outer"/>
    <member type="way" ref="544400006" role="outer"/>
    <member type="way" ref="544702967" role="outer"/>
    <member type="way" ref="544702941" role="outer"/>
    <member type="way" ref="544401778" role="outer"/>
    <member type="way" ref="544702792" role="outer"/>
    <member type="way" ref="544401543" role="outer"/>
    <member type="way" ref="544702329" role="outer"/>
    <member type="way" ref="544401532" role="outer"/>
    <member type="way" ref="544702139" role="outer"/>
    <member type="way" ref="544401675" role="outer"/>
    <member type="way" ref="544703063" role="outer"/>
    <member type="way" ref="544401404" role="outer"/>
    <member type="way" ref="544703090" role="outer"/>
    <member type="way" ref="544401238" role="outer"/>
    <member type="way" ref="544400389" role="outer"/>
    <member type="way" ref="544703076" role="outer"/>
    <member type="way" ref="544400489" role="outer"/>
    <member type="way" ref="544703024" role="outer"/>
    <tag k="building:part" v="yes"/>
    <tag k="height" v="40"/>
    <tag k="min_height" v="31"/>
    <tag k="type" v="multipolygon"/>
  </relation>
  <relation id="7783366">
    <member type="way" ref="544702939" role="outer"/>
    <member type="way" ref="544401408" role="outer"/>
    <member type="way" ref="544702790" role="outer"/>
    <member type="way" ref="544401543" role="outer"/>
    <member type="way" ref="544401782" role="outer"/>
    <member type="way" ref="544405141" role="outer"/>
    <member type="way" ref="544402050" role="outer"/>
    <member type="way" ref="544405143" role="outer"/>
    <member type="way" ref="544702327" role="outer"/>
    <member type="way" ref="544401396" role="outer"/>
    <member type="way" ref="544702137" role="outer"/>
    <member type="way" ref="544401532" role="outer"/>
    <member type="way" ref="544702086" role="outer"/>
    <member type="way" ref="544401648" role="outer"/>
    <member type="way" ref="544701946" role="outer"/>
    <member type="way" ref="544402032" role="outer"/>
    <member type="way" ref="544400343" role="outer"/>
    <member type="way" ref="544702279" role="outer"/>
    <member type="way" ref="544400236" role="outer"/>
    <member type="way" ref="544702121" role="outer"/>
    <member type="way" ref="544399964" role="outer"/>
    <member type="way" ref="544702051" role="outer"/>
    <member type="way" ref="544399621" role="outer"/>
    <member type="way" ref="544701892" role="outer"/>
    <member type="way" ref="544400393" role="outer"/>
    <member type="way" ref="544702876" role="outer"/>
    <member type="way" ref="544400246" role="outer"/>
    <member type="way" ref="544702969" role="outer"/>
    <member type="way" ref="544400027" role="outer"/>
    <member type="way" ref="544702630" role="outer"/>
    <member type="way" ref="544399748" role="outer"/>
    <member type="way" ref="544702747" role="outer"/>
    <member type="way" ref="544401001" role="outer"/>
    <member type="way" ref="544703088" role="outer"/>
    <member type="way" ref="544401238" role="outer"/>
    <member type="way" ref="544703061" role="outer"/>
    <member type="way" ref="544400489" role="outer"/>
    <member type="way" ref="544703078" role="outer"/>
    <member type="way" ref="544400574" role="outer"/>
    <member type="way" ref="544703036" role="outer"/>
    <tag k="building:part" v="yes"/>
    <tag k="height" v="40"/>
    <tag k="min_height" v="32"/>
    <tag k="type" v="multipolygon"/>
  </relation>
  <relation id="7783370">
    <member type="way" ref="544400482" role="outer"/>
    <member type="way" ref="544702297" role="outer"/>
    <member type="way" ref="544400343" role="outer"/>
    <member type="way" ref="544702122" role="outer"/>
    <member type="way" ref="544400228" role="outer"/>
    <member type="way" ref="544702057" role="outer"/>
    <member type="way" ref="544399964" role="outer"/>
    <member type="way" ref="544701895" role="outer"/>
    <member type="way" ref="544702950" role="outer"/>
    <member type="way" ref="544400492" role="outer"/>
    <member type="way" ref="544702810" role="outer"/>
    <member type="way" ref="544400393" role="outer"/>
    <member type="way" ref="544702758" role="outer"/>
    <member type="way" ref="544400252" role="outer"/>
    <member type="way" ref="544702633" role="outer"/>
    <member type="way" ref="544400027" role="outer"/>
    <member type="way" ref="544702323" role="outer"/>
    <member type="way" ref="544401232" role="outer"/>
    <member type="way" ref="544702135" role="outer"/>
    <member type="way" ref="544401396" role="outer"/>
    <member type="way" ref="544407505" role="outer"/>
    <member type="way" ref="544701930" role="outer"/>
    <member type="way" ref="544401648" role="outer"/>
    <member type="way" ref="544702077" role="outer"/>
    <member type="way" ref="544702949" role="outer"/>
    <member type="way" ref="544401242" role="outer"/>
    <member type="way" ref="544702807" role="outer"/>
    <member type="way" ref="544401408" role="outer"/>
    <member type="way" ref="544702731" role="outer"/>
    <member type="way" ref="544401547" role="outer"/>
    <member type="way" ref="544702559" role="outer"/>
    <member type="way" ref="544401782" role="outer"/>
    <member type="way" ref="544703057" role="outer"/>
    <member type="way" ref="544400883" role="outer"/>
    <member type="way" ref="544703085" role="outer"/>
    <member type="way" ref="544401001" role="outer"/>
    <member type="way" ref="544703050" role="outer"/>
    <member type="way" ref="544400574" role="outer"/>
    <member type="way" ref="544703082" role="outer"/>
    <member type="way" ref="544400746" role="outer"/>
    <tag k="building:part" v="yes"/>
    <tag k="height" v="40"/>
    <tag k="min_height" v="33"/>
    <tag k="type" v="multipolygon"/>
  </relation>
  <relation id="7783386">
    <member type="way" ref="544405129" role="outer"/>
    <member type="way" ref="544702124" role="outer"/>
    <member type="way" ref="544400480" role="outer"/>
    <member type="way" ref="544702063" role="outer"/>
    <member type="way" ref="544400313" role="outer"/>
    <member type="way" ref="544701903" role="outer"/>
    <member type="way" ref="544400227" role="outer"/>
    <member type="way" ref="544701817" role="outer"/>
    <member type="way" ref="544407495" role="outer"/>
    <member type="way" ref="544701730" role="outer"/>
    <member type="way" ref="544399570" role="outer"/>
    <member type="way" ref="544701718" role="outer"/>
    <member type="way" ref="544702133" role="outer"/>
    <member type="way" ref="544400994" role="outer"/>
    <member type="way" ref="544702070" role="outer"/>
    <member type="way" ref="544401220" role="outer"/>
    <member type="way" ref="544701918" role="outer"/>
    <member type="way" ref="544401378" role="outer"/>
    <member type="way" ref="544701833" role="outer"/>
    <member type="way" ref="544401512" role="outer"/>
    <member type="way" ref="544701756" role="outer"/>
    <member type="way" ref="544401602" role="outer"/>
    <member type="way" ref="544701717" role="outer"/>
    <member type="way" ref="544402022" role="outer"/>
    <member type="way" ref="544400580" role="outer"/>
    <member type="way" ref="544702743" role="outer"/>
    <member type="way" ref="544400495" role="outer"/>
    <member type="way" ref="544702812" role="outer"/>
    <member type="way" ref="544400401" role="outer"/>
    <member type="way" ref="544702483" role="outer"/>
    <member type="way" ref="544400254" role="outer"/>
    <member type="way" ref="544702637" role="outer"/>
    <member type="way" ref="544400044" role="outer"/>
    <member type="way" ref="544410314" role="outer"/>
    <member type="way" ref="544399801" role="outer"/>
    <member type="way" ref="544410246" role="outer"/>
    <member type="way" ref="544702803" role="outer"/>
    <member type="way" ref="544401006" role="outer"/>
    <member type="way" ref="544702737" role="outer"/>
    <member type="way" ref="544401245" role="outer"/>
    <member type="way" ref="544702558" role="outer"/>
    <member type="way" ref="544401415" role="outer"/>
    <member type="way" ref="544702436" role="outer"/>
    <member type="way" ref="544401551" role="outer"/>
    <member type="way" ref="544405136" role="outer"/>
    <member type="way" ref="544401846" role="outer"/>
    <member type="way" ref="544404240" role="outer"/>
    <member type="way" ref="544402073" role="outer"/>
    <member type="way" ref="544702943" role="outer"/>
    <member type="way" ref="544400903" role="outer"/>
    <member type="way" ref="544703055" role="outer"/>
    <member type="way" ref="544400751" role="outer"/>
    <member type="way" ref="544400875" role="outer"/>
    <member type="way" ref="544702316" role="outer"/>
    <member type="way" ref="544400744" role="outer"/>
    <member type="way" ref="544703083" role="outer"/>
    <tag k="building:part" v="yes"/>
    <tag k="height" v="40"/>
    <tag k="min_height" v="35"/>
    <tag k="type" v="multipolygon"/>
  </relation>
  <relation id="7783390">
    <member type="way" ref="544400567" role="outer"/>
    <member type="way" ref="544702063" role="outer"/>
    <member type="way" ref="544400478" role="outer"/>
    <member type="way" ref="544701906" role="outer"/>
    <member type="way" ref="544405133" role="outer"/>
    <member type="way" ref="544701817" role="outer"/>
    <member type="way" ref="544400225" role="outer"/>
    <member type="way" ref="544405153" role="outer"/>
    <member type="way" ref="544411348" role="outer"/>
    <member type="way" ref="544701718" role="outer"/>
    <member type="way" ref="544399548" role="outer"/>
    <member type="way" ref="544702070" role="outer"/>
    <member type="way" ref="544400993" role="outer"/>
    <member type="way" ref="544701913" role="outer"/>
    <member type="way" ref="544401174" role="outer"/>
    <member type="way" ref="544401509" role="outer"/>
    <member type="way" ref="544701833" role="outer"/>
    <member type="way" ref="544401377" role="outer"/>
    <member type="way" ref="544701752" role="outer"/>
    <member type="way" ref="544402009" role="outer"/>
    <member type="way" ref="544701717" role="outer"/>
    <member type="way" ref="544411412" role="outer"/>
    <member type="way" ref="544400587" role="outer"/>
    <member type="way" ref="544702604" role="outer"/>
    <member type="way" ref="544400501" role="outer"/>
    <member type="way" ref="544702743" role="outer"/>
    <member type="way" ref="544400403" role="outer"/>
    <member type="way" ref="544410299" role="outer"/>
    <member type="way" ref="544400256" role="outer"/>
    <member type="way" ref="544702483" role="outer"/>
    <member type="way" ref="544410314" role="outer"/>
    <member type="way" ref="544411300" role="outer"/>
    <member type="way" ref="544399803" role="outer"/>
    <member type="way" ref="544702737" role="outer"/>
    <member type="way" ref="544401247" role="outer"/>
    <member type="way" ref="544702572" role="outer"/>
    <member type="way" ref="544401037" role="outer"/>
    <member type="way" ref="544702436" role="outer"/>
    <member type="way" ref="544401553" role="outer"/>
    <member type="way" ref="544410198" role="outer"/>
    <member type="way" ref="544401438" role="outer"/>
    <member type="way" ref="544404240" role="outer"/>
    <member type="way" ref="544402088" role="outer"/>
    <member type="way" ref="544411243" role="outer"/>
    <member type="way" ref="544702796" role="outer"/>
    <member type="way" ref="544400912" role="outer"/>
    <member type="way" ref="544702943" role="outer"/>
    <member type="way" ref="544400752" role="outer"/>
    <member type="way" ref="544405125" role="outer"/>
    <member type="way" ref="544702129" role="outer"/>
    <member type="way" ref="544400742" role="outer"/>
    <member type="way" ref="544702316" role="outer"/>
    <tag k="building:part" v="yes"/>
    <tag k="height" v="40"/>
    <tag k="min_height" v="36"/>
    <tag k="type" v="multipolygon"/>
  </relation>
  <relation id="7783394">
    <member type="way" ref="544702572" role="outer"/>
    <member type="way" ref="544401265" role="outer"/>
    <member type="way" ref="544702470" role="outer"/>
    <member type="way" ref="544401038" role="outer"/>
    <member type="way" ref="544410198" role="outer"/>
    <member type="way" ref="544401555" role="outer"/>
    <member type="way" ref="544411249" role="outer"/>
    <member type="way" ref="544401439" role="outer"/>
    <member type="way" ref="544702604" role="outer"/>
    <member type="way" ref="544400591" role="outer"/>
    <member type="way" ref="544702475" role="outer"/>
    <member type="way" ref="544400504" role="outer"/>
    <member type="way" ref="544410299" role="outer"/>
    <member type="way" ref="544400406" role="outer"/>
    <member type="way" ref="544411295" role="outer"/>
    <member type="way" ref="544400258" role="outer"/>
    <member type="way" ref="544400564" role="outer"/>
    <member type="way" ref="544701906" role="outer"/>
    <member type="way" ref="544400476" role="outer"/>
    <member type="way" ref="544701821" role="outer"/>
    <member type="way" ref="544400304" role="outer"/>
    <member type="way" ref="544405153" role="outer"/>
    <member type="way" ref="544400207" role="outer"/>
    <member type="way" ref="544411356" role="outer"/>
    <member type="way" ref="544701913" role="outer"/>
    <member type="way" ref="544401158" role="outer"/>
    <member type="way" ref="544701829" role="outer"/>
    <member type="way" ref="544400980" role="outer"/>
    <member type="way" ref="544701752" role="outer"/>
    <member type="way" ref="544401508" role="outer"/>
    <member type="way" ref="544411407" role="outer"/>
    <member type="way" ref="544401375" role="outer"/>
    <member type="way" ref="544702733" role="outer"/>
    <member type="way" ref="544400769" role="outer"/>
    <member type="way" ref="544702796" role="outer"/>
    <member type="way" ref="544400914" role="outer"/>
    <member type="way" ref="544400872" role="outer"/>
    <member type="way" ref="544702066" role="outer"/>
    <member type="way" ref="544400740" role="outer"/>
    <member type="way" ref="544702129" role="outer"/>
    <tag k="building:part" v="yes"/>
    <tag k="height" v="40"/>
    <tag k="min_height" v="37"/>
    <tag k="type" v="multipolygon"/>
  </relation>
  <relation id="7783396">
    <member type="way" ref="544400553" role="outer"/>
    <member type="way" ref="544701741" role="outer"/>
    <member type="way" ref="544400475" role="outer"/>
    <member type="way" ref="544701821" role="outer"/>
    <member type="way" ref="544400978" role="outer"/>
    <member type="way" ref="544701829" role="outer"/>
    <member type="way" ref="544405076" role="outer"/>
    <member type="way" ref="544701747" role="outer"/>
    <member type="way" ref="544410174" role="outer"/>
    <member type="way" ref="544401266" role="outer"/>
    <member type="way" ref="544702470" role="outer"/>
    <member type="way" ref="544401041" role="outer"/>
    <member type="way" ref="544400592" role="outer"/>
    <member type="way" ref="544702475" role="outer"/>
    <member type="way" ref="544400507" role="outer"/>
    <member type="way" ref="544410235" role="outer"/>
    <member type="way" ref="544702564" role="outer"/>
    <member type="way" ref="544400916" role="outer"/>
    <member type="way" ref="544702733" role="outer"/>
    <member type="way" ref="544400782" role="outer"/>
    <member type="way" ref="544400870" role="outer"/>
    <member type="way" ref="544701909" role="outer"/>
    <member type="way" ref="544400738" role="outer"/>
    <member type="way" ref="544702066" role="outer"/>
    <tag k="building:part" v="yes"/>
    <tag k="height" v="40"/>
    <tag k="min_height" v="38"/>
    <tag k="type" v="multipolygon"/>
  </relation>
  <relation id="7783398">
    <member type="way" ref="544701747" role="outer"/>
    <member type="way" ref="544401113" role="outer"/>
    <member type="way" ref="544411382" role="outer"/>
    <member type="way" ref="544400976" role="outer"/>
    <member type="way" ref="544400551" role="outer"/>
    <member type="way" ref="544411362" role="outer"/>
    <member type="way" ref="544400473" role="outer"/>
    <member type="way" ref="544701741" role="outer"/>
    <member type="way" ref="544410235" role="outer"/>
    <member type="way" ref="544400509" role="outer"/>
    <member type="way" ref="544411290" role="outer"/>
    <member type="way" ref="544400594" role="outer"/>
    <member type="way" ref="544411255" role="outer"/>
    <member type="way" ref="544401277" role="outer"/>
    <member type="way" ref="544410174" role="outer"/>
    <member type="way" ref="544401042" role="outer"/>
    <member type="way" ref="544702466" role="outer"/>
    <member type="way" ref="544400784" role="outer"/>
    <member type="way" ref="544702564" role="outer"/>
    <member type="way" ref="544400918" role="outer"/>
    <member type="way" ref="544400868" role="outer"/>
    <member type="way" ref="544701825" role="outer"/>
    <member type="way" ref="544405126" role="outer"/>
    <member type="way" ref="544701909" role="outer"/>
    <tag k="building:part" v="yes"/>
    <tag k="height" v="40"/>
    <tag k="min_height" v="39"/>
    <tag k="type" v="multipolygon"/>
  </relation>
  <relation id="7784703">
    <member type="way" ref="544400578" role="outer"/>
    <member type="way" ref="544702812" role="outer"/>
    <member type="way" ref="544400492" role="outer"/>
    <member type="way" ref="544702961" role="outer"/>
    <member type="way" ref="544400399" role="outer"/>
    <member type="way" ref="544702637" role="outer"/>
    <member type="way" ref="544400252" role="outer"/>
    <member type="way" ref="544702760" role="outer"/>
    <member type="way" ref="544400042" role="outer"/>
    <member type="way" ref="544410246" role="outer"/>
    <member type="way" ref="544399798" role="outer"/>
    <member type="way" ref="544702479" role="outer"/>
    <member type="way" ref="544401232" role="outer"/>
    <member type="way" ref="544702320" role="outer"/>
    <member type="way" ref="544400996" role="outer"/>
    <member type="way" ref="544702133" role="outer"/>
    <member type="way" ref="544702075" role="outer"/>
    <member type="way" ref="544401387" role="outer"/>
    <member type="way" ref="544701918" role="outer"/>
    <member type="way" ref="544407505" role="outer"/>
    <member type="way" ref="544701837" role="outer"/>
    <member type="way" ref="544401613" role="outer"/>
    <member type="way" ref="544701756" role="outer"/>
    <member type="way" ref="544402023" role="outer"/>
    <member type="way" ref="544400570" role="outer"/>
    <member type="way" ref="544702311" role="outer"/>
    <member type="way" ref="544400482" role="outer"/>
    <member type="way" ref="544702124" role="outer"/>
    <member type="way" ref="544400315" role="outer"/>
    <member type="way" ref="544702058" role="outer"/>
    <member type="way" ref="544400228" role="outer"/>
    <member type="way" ref="544701903" role="outer"/>
    <member type="way" ref="544399938" role="outer"/>
    <member type="way" ref="544701808" role="outer"/>
    <member type="way" ref="544399578" role="outer"/>
    <member type="way" ref="544701730" role="outer"/>
    <member type="way" ref="544702946" role="outer"/>
    <member type="way" ref="544401242" role="outer"/>
    <member type="way" ref="544702803" role="outer"/>
    <member type="way" ref="544401005" role="outer"/>
    <member type="way" ref="544702713" role="outer"/>
    <member type="way" ref="544401547" role="outer"/>
    <member type="way" ref="544702558" role="outer"/>
    <member type="way" ref="544401413" role="outer"/>
    <member type="way" ref="544405139" role="outer"/>
    <member type="way" ref="544402066" role="outer"/>
    <member type="way" ref="544405136" role="outer"/>
    <member type="way" ref="544401804" role="outer"/>
    <member type="way" ref="544703055" role="outer"/>
    <member type="way" ref="544400883" role="outer"/>
    <member type="way" ref="544703083" role="outer"/>
    <member type="way" ref="544400746" role="outer"/>
    <tag k="building:part" v="yes"/>
    <tag k="height" v="40"/>
    <tag k="min_height" v="34"/>
    <tag k="type" v="multipolygon"/>
  </relation>
  <relation id="7784812">
    <member type="way" ref="544401771" role="outer"/>
    <member type="way" ref="544702941" role="outer"/>
    <member type="way" ref="544401541" role="outer"/>
    <member type="way" ref="544703067" role="outer"/>
    <member type="way" ref="544401707" role="outer"/>
    <member type="way" ref="544703099" role="outer"/>
    <member type="way" ref="544401534" role="outer"/>
    <member type="way" ref="544702329" role="outer"/>
    <member type="way" ref="544703072" role="outer"/>
    <member type="way" ref="544400238" role="outer"/>
    <member type="way" ref="544702230" role="outer"/>
    <member type="way" ref="544399998" role="outer"/>
    <member type="way" ref="544400003" role="outer"/>
    <member type="way" ref="544702967" role="outer"/>
    <member type="way" ref="544400244" role="outer"/>
    <member type="way" ref="544703020" role="outer"/>
    <tag k="building:part" v="yes"/>
    <tag k="height" v="40"/>
    <tag k="min_height" v="30"/>
    <tag k="type" v="multipolygon"/>
  </relation>
  <relation id="7785059">
    <member type="way" ref="544702315" role="outer"/>
    <member type="way" ref="544400744" role="outer"/>
    <member type="way" ref="544703082" role="outer"/>
    <member type="way" ref="544400571" role="outer"/>
    <member type="way" ref="544702122" role="outer"/>
    <member type="way" ref="544400321" role="outer"/>
    <member type="way" ref="544702060" role="outer"/>
    <member type="way" ref="544400480" role="outer"/>
    <member type="way" ref="544400227" role="outer"/>
    <member type="way" ref="544701895" role="outer"/>
    <member type="way" ref="544399940" role="outer"/>
    <member type="way" ref="544701814" role="outer"/>
    <member type="way" ref="544401002" role="outer"/>
    <member type="way" ref="544702945" role="outer"/>
    <member type="way" ref="544400903" role="outer"/>
    <member type="way" ref="544703057" role="outer"/>
    <member type="way" ref="544702807" role="outer"/>
    <member type="way" ref="544401409" role="outer"/>
    <member type="way" ref="544702739" role="outer"/>
    <member type="way" ref="544401245" role="outer"/>
    <member type="way" ref="544702559" role="outer"/>
    <member type="way" ref="544401783" role="outer"/>
    <member type="way" ref="544702464" role="outer"/>
    <member type="way" ref="544401551" role="outer"/>
    <member type="way" ref="544400875" role="outer"/>
    <member type="way" ref="544703085" role="outer"/>
    <member type="way" ref="544400998" role="outer"/>
    <member type="way" ref="544702317" role="outer"/>
    <member type="way" ref="544702135" role="outer"/>
    <member type="way" ref="544401388" role="outer"/>
    <member type="way" ref="544702073" role="outer"/>
    <member type="way" ref="544401220" role="outer"/>
    <member type="way" ref="544701930" role="outer"/>
    <member type="way" ref="544401625" role="outer"/>
    <member type="way" ref="544701835" role="outer"/>
    <member type="way" ref="544401512" role="outer"/>
    <member type="way" ref="544703050" role="outer"/>
    <member type="way" ref="544400576" role="outer"/>
    <member type="way" ref="544702963" role="outer"/>
    <member type="way" ref="544400751" role="outer"/>
    <member type="way" ref="544400495" role="outer"/>
    <member type="way" ref="544702810" role="outer"/>
    <member type="way" ref="544400397" role="outer"/>
    <member type="way" ref="544702740" role="outer"/>
    <member type="way" ref="544400254" role="outer"/>
    <member type="way" ref="544702633" role="outer"/>
    <member type="way" ref="544400029" role="outer"/>
    <member type="way" ref="544702481" role="outer"/>
    <tag k="building:part" v="yes"/>
    <tag k="height" v="40"/>
    <tag k="min_height" v="34"/>
    <tag k="type" v="multipolygon"/>
  </relation>
  <relation id="7785089">
    <member type="way" ref="544400571" role="outer"/>
    <member type="way" ref="544702311" role="outer"/>
    <member type="way" ref="544400483" role="outer"/>
    <member type="way" ref="544703078" role="outer"/>
    <member type="way" ref="544400321" role="outer"/>
    <member type="way" ref="544702121" role="outer"/>
    <member type="way" ref="544400230" role="outer"/>
    <member type="way" ref="544702058" role="outer"/>
    <member type="way" ref="544399940" role="outer"/>
    <member type="way" ref="544701892" role="outer"/>
    <member type="way" ref="544399608" role="outer"/>
    <member type="way" ref="544701808" role="outer"/>
    <member type="way" ref="544703036" role="outer"/>
    <member type="way" ref="544400576" role="outer"/>
    <member type="way" ref="544702961" role="outer"/>
    <member type="way" ref="544400490" role="outer"/>
    <member type="way" ref="544702876" role="outer"/>
    <member type="way" ref="544400397" role="outer"/>
    <member type="way" ref="544702760" role="outer"/>
    <member type="way" ref="544400248" role="outer"/>
    <member type="way" ref="544702630" role="outer"/>
    <member type="way" ref="544400029" role="outer"/>
    <member type="way" ref="544702479" role="outer"/>
    <member type="way" ref="544399786" role="outer"/>
    <member type="way" ref="544703061" role="outer"/>
    <member type="way" ref="544401240" role="outer"/>
    <member type="way" ref="544702946" role="outer"/>
    <member type="way" ref="544401002" role="outer"/>
    <member type="way" ref="544702790" role="outer"/>
    <member type="way" ref="544401546" role="outer"/>
    <member type="way" ref="544702713" role="outer"/>
    <member type="way" ref="544401409" role="outer"/>
    <member type="way" ref="544405141" role="outer"/>
    <member type="way" ref="544402053" role="outer"/>
    <member type="way" ref="544405139" role="outer"/>
    <member type="way" ref="544401783" role="outer"/>
    <member type="way" ref="544703088" role="outer"/>
    <member type="way" ref="544400998" role="outer"/>
    <member type="way" ref="544702320" role="outer"/>
    <member type="way" ref="544401235" role="outer"/>
    <member type="way" ref="544702137" role="outer"/>
    <member type="way" ref="544401388" role="outer"/>
    <member type="way" ref="544702075" role="outer"/>
    <member type="way" ref="544401515" role="outer"/>
    <member type="way" ref="544701946" role="outer"/>
    <member type="way" ref="544401625" role="outer"/>
    <member type="way" ref="544701837" role="outer"/>
    <member type="way" ref="544402030" role="outer"/>
    <tag k="building:part" v="yes"/>
    <tag k="height" v="40"/>
    <tag k="min_height" v="33"/>
    <tag k="type" v="multipolygon"/>
  </relation>
  <relation id="7785097">
    <member type="way" ref="544400483" role="outer"/>
    <member type="way" ref="544703076" role="outer"/>
    <member type="way" ref="544400379" role="outer"/>
    <member type="way" ref="544702297" role="outer"/>
    <member type="way" ref="544400230" role="outer"/>
    <member type="way" ref="544702119" role="outer"/>
    <member type="way" ref="544399994" role="outer"/>
    <member type="way" ref="544702057" role="outer"/>
    <member type="way" ref="544400490" role="outer"/>
    <member type="way" ref="544702950" role="outer"/>
    <member type="way" ref="544400391" role="outer"/>
    <member type="way" ref="544703024" role="outer"/>
    <member type="way" ref="544400248" role="outer"/>
    <member type="way" ref="544702758" role="outer"/>
    <member type="way" ref="544400014" role="outer"/>
    <member type="way" ref="544702864" role="outer"/>
    <member type="way" ref="544401240" role="outer"/>
    <member type="way" ref="544703063" role="outer"/>
    <member type="way" ref="544401406" role="outer"/>
    <member type="way" ref="544702949" role="outer"/>
    <member type="way" ref="544401546" role="outer"/>
    <member type="way" ref="544702792" role="outer"/>
    <member type="way" ref="544401780" role="outer"/>
    <member type="way" ref="544702731" role="outer"/>
    <member type="way" ref="544702323" role="outer"/>
    <member type="way" ref="544401401" role="outer"/>
    <member type="way" ref="544703090" role="outer"/>
    <member type="way" ref="544401235" role="outer"/>
    <member type="way" ref="544702139" role="outer"/>
    <member type="way" ref="544401515" role="outer"/>
    <member type="way" ref="544702077" role="outer"/>
    <member type="way" ref="544401673" role="outer"/>
    <tag k="building:part" v="yes"/>
    <tag k="height" v="40"/>
    <tag k="min_height" v="32"/>
    <tag k="type" v="multipolygon"/>
  </relation>
  <relation id="7785105">
    <member type="way" ref="544401534" role="outer"/>
    <member type="way" ref="544703092" role="outer"/>
    <member type="way" ref="544401401" role="outer"/>
    <member type="way" ref="544702327" role="outer"/>
    <member type="way" ref="544401541" role="outer"/>
    <member type="way" ref="544703065" role="outer"/>
    <member type="way" ref="544401406" role="outer"/>
    <member type="way" ref="544702939" role="outer"/>
    <member type="way" ref="544702143" role="outer"/>
    <member type="way" ref="544401673" role="outer"/>
    <member type="way" ref="544702086" role="outer"/>
    <member type="way" ref="544402034" role="outer"/>
    <member type="way" ref="544402045" role="outer"/>
    <member type="way" ref="544405143" role="outer"/>
    <member type="way" ref="544401780" role="outer"/>
    <member type="way" ref="544405144" role="outer"/>
    <member type="way" ref="544400379" role="outer"/>
    <member type="way" ref="544703074" role="outer"/>
    <member type="way" ref="544400238" role="outer"/>
    <member type="way" ref="544702279" role="outer"/>
    <member type="way" ref="544399994" role="outer"/>
    <member type="way" ref="544702117" role="outer"/>
    <member type="way" ref="544399622" role="outer"/>
    <member type="way" ref="544702051" role="outer"/>
    <member type="way" ref="544703023" role="outer"/>
    <member type="way" ref="544400391" role="outer"/>
    <member type="way" ref="544702969" role="outer"/>
    <member type="way" ref="544400244" role="outer"/>
    <member type="way" ref="544702830" role="outer"/>
    <member type="way" ref="544400014" role="outer"/>
    <member type="way" ref="544702747" role="outer"/>
    <member type="way" ref="544399713" role="outer"/>
    <tag k="building:part" v="yes"/>
    <tag k="height" v="40"/>
    <tag k="min_height" v="31"/>
    <tag k="type" v="multipolygon"/>
  </relation>
  <relation id="7785273">
    <member type="way" ref="544400742" role="outer"/>
    <member type="way" ref="544702315" role="outer"/>
    <member type="way" ref="544400570" role="outer"/>
    <member type="way" ref="544702126" role="outer"/>
    <member type="way" ref="544400478" role="outer"/>
    <member type="way" ref="544702060" role="outer"/>
    <member type="way" ref="544400315" role="outer"/>
    <member type="way" ref="544701904" role="outer"/>
    <member type="way" ref="544400225" role="outer"/>
    <member type="way" ref="544701814" role="outer"/>
    <member type="way" ref="544399938" role="outer"/>
    <member type="way" ref="544701735" role="outer"/>
    <member type="way" ref="544400996" role="outer"/>
    <member type="way" ref="544702317" role="outer"/>
    <member type="way" ref="544405125" role="outer"/>
    <member type="way" ref="544702131" role="outer"/>
    <member type="way" ref="544702073" role="outer"/>
    <member type="way" ref="544401174" role="outer"/>
    <member type="way" ref="544701916" role="outer"/>
    <member type="way" ref="544401387" role="outer"/>
    <member type="way" ref="544401613" role="outer"/>
    <member type="way" ref="544701835" role="outer"/>
    <member type="way" ref="544401509" role="outer"/>
    <member type="way" ref="544701754" role="outer"/>
    <member type="way" ref="544702963" role="outer"/>
    <member type="way" ref="544400578" role="outer"/>
    <member type="way" ref="544702809" role="outer"/>
    <member type="way" ref="544400752" role="outer"/>
    <member type="way" ref="544702740" role="outer"/>
    <member type="way" ref="544400501" role="outer"/>
    <member type="way" ref="544702600" role="outer"/>
    <member type="way" ref="544400399" role="outer"/>
    <member type="way" ref="544702481" role="outer"/>
    <member type="way" ref="544400256" role="outer"/>
    <member type="way" ref="544410271" role="outer"/>
    <member type="way" ref="544400042" role="outer"/>
    <member type="way" ref="544400912" role="outer"/>
    <member type="way" ref="544702945" role="outer"/>
    <member type="way" ref="544401005" role="outer"/>
    <member type="way" ref="544702798" role="outer"/>
    <member type="way" ref="544401247" role="outer"/>
    <member type="way" ref="544702739" role="outer"/>
    <member type="way" ref="544401413" role="outer"/>
    <member type="way" ref="544702598" role="outer"/>
    <member type="way" ref="544401553" role="outer"/>
    <member type="way" ref="544702464" role="outer"/>
    <member type="way" ref="544401804" role="outer"/>
    <member type="way" ref="544410201" role="outer"/>
    <tag k="building:part" v="yes"/>
    <tag k="height" v="40"/>
    <tag k="min_height" v="35"/>
    <tag k="type" v="multipolygon"/>
  </relation>
  <relation id="7785281">
    <member type="way" ref="544400740" role="outer"/>
    <member type="way" ref="544702126" role="outer"/>
    <member type="way" ref="544405129" role="outer"/>
    <member type="way" ref="544702065" role="outer"/>
    <member type="way" ref="544400476" role="outer"/>
    <member type="way" ref="544701904" role="outer"/>
    <member type="way" ref="544400313" role="outer"/>
    <member type="way" ref="544701819" role="outer"/>
    <member type="way" ref="544400207" role="outer"/>
    <member type="way" ref="544701735" role="outer"/>
    <member type="way" ref="544407495" role="outer"/>
    <member type="way" ref="544411352" role="outer"/>
    <member type="way" ref="544400994" role="outer"/>
    <member type="way" ref="544702131" role="outer"/>
    <member type="way" ref="544400872" role="outer"/>
    <member type="way" ref="544702068" role="outer"/>
    <member type="way" ref="544401378" role="outer"/>
    <member type="way" ref="544701916" role="outer"/>
    <member type="way" ref="544401158" role="outer"/>
    <member type="way" ref="544701831" role="outer"/>
    <member type="way" ref="544401602" role="outer"/>
    <member type="way" ref="544701754" role="outer"/>
    <member type="way" ref="544401508" role="outer"/>
    <member type="way" ref="544411410" role="outer"/>
    <member type="way" ref="544400769" role="outer"/>
    <member type="way" ref="544702746" role="outer"/>
    <member type="way" ref="544400580" role="outer"/>
    <member type="way" ref="544702809" role="outer"/>
    <member type="way" ref="544400504" role="outer"/>
    <member type="way" ref="544702473" role="outer"/>
    <member type="way" ref="544400401" role="outer"/>
    <member type="way" ref="544702600" role="outer"/>
    <member type="way" ref="544400258" role="outer"/>
    <member type="way" ref="544411299" role="outer"/>
    <member type="way" ref="544400044" role="outer"/>
    <member type="way" ref="544410271" role="outer"/>
    <member type="way" ref="544400914" role="outer"/>
    <member type="way" ref="544702798" role="outer"/>
    <member type="way" ref="544401006" role="outer"/>
    <member type="way" ref="544702735" role="outer"/>
    <member type="way" ref="544401265" role="outer"/>
    <member type="way" ref="544702598" role="outer"/>
    <member type="way" ref="544401415" role="outer"/>
    <member type="way" ref="544702472" role="outer"/>
    <member type="way" ref="544401555" role="outer"/>
    <member type="way" ref="544410201" role="outer"/>
    <member type="way" ref="544401846" role="outer"/>
    <member type="way" ref="544411245" role="outer"/>
    <tag k="building:part" v="yes"/>
    <tag k="height" v="40"/>
    <tag k="min_height" v="36"/>
    <tag k="type" v="multipolygon"/>
  </relation>
  <relation id="7785301">
    <member type="way" ref="544400870" role="outer"/>
    <member type="way" ref="544702068" role="outer"/>
    <member type="way" ref="544400993" role="outer"/>
    <member type="way" ref="544701911" role="outer"/>
    <member type="way" ref="544405076" role="outer"/>
    <member type="way" ref="544701831" role="outer"/>
    <member type="way" ref="544401377" role="outer"/>
    <member type="way" ref="544701750" role="outer"/>
    <member type="way" ref="544400738" role="outer"/>
    <member type="way" ref="544702065" role="outer"/>
    <member type="way" ref="544400567" role="outer"/>
    <member type="way" ref="544701908" role="outer"/>
    <member type="way" ref="544400475" role="outer"/>
    <member type="way" ref="544701819" role="outer"/>
    <member type="way" ref="544405133" role="outer"/>
    <member type="way" ref="544701738" role="outer"/>
    <member type="way" ref="544702746" role="outer"/>
    <member type="way" ref="544400782" role="outer"/>
    <member type="way" ref="544702628" role="outer"/>
    <member type="way" ref="544400587" role="outer"/>
    <member type="way" ref="544400507" role="outer"/>
    <member type="way" ref="544410234" role="outer"/>
    <member type="way" ref="544400403" role="outer"/>
    <member type="way" ref="544702473" role="outer"/>
    <member type="way" ref="544400916" role="outer"/>
    <member type="way" ref="544702735" role="outer"/>
    <member type="way" ref="544401037" role="outer"/>
    <member type="way" ref="544702565" role="outer"/>
    <member type="way" ref="544401266" role="outer"/>
    <member type="way" ref="544702472" role="outer"/>
    <member type="way" ref="544401438" role="outer"/>
    <member type="way" ref="544410196" role="outer"/>
    <tag k="building:part" v="yes"/>
    <tag k="height" v="40"/>
    <tag k="min_height" v="37"/>
    <tag k="type" v="multipolygon"/>
  </relation>
  <relation id="7785304">
    <member type="way" ref="544400918" role="outer"/>
    <member type="way" ref="544702565" role="outer"/>
    <member type="way" ref="544401038" role="outer"/>
    <member type="way" ref="544702468" role="outer"/>
    <member type="way" ref="544410196" role="outer"/>
    <member type="way" ref="544401439" role="outer"/>
    <member type="way" ref="544411250" role="outer"/>
    <member type="way" ref="544401277" role="outer"/>
    <member type="way" ref="544400784" role="outer"/>
    <member type="way" ref="544702476" role="outer"/>
    <member type="way" ref="544400591" role="outer"/>
    <member type="way" ref="544702628" role="outer"/>
    <member type="way" ref="544410234" role="outer"/>
    <member type="way" ref="544400509" role="outer"/>
    <member type="way" ref="544411294" role="outer"/>
    <member type="way" ref="544400406" role="outer"/>
    <member type="way" ref="544701823" role="outer"/>
    <member type="way" ref="544400564" role="outer"/>
    <member type="way" ref="544701908" role="outer"/>
    <member type="way" ref="544405126" role="outer"/>
    <member type="way" ref="544701911" role="outer"/>
    <member type="way" ref="544400980" role="outer"/>
    <member type="way" ref="544701826" role="outer"/>
    <member type="way" ref="544400868" role="outer"/>
    <member type="way" ref="544701750" role="outer"/>
    <member type="way" ref="544401375" role="outer"/>
    <member type="way" ref="544411404" role="outer"/>
    <member type="way" ref="544401113" role="outer"/>
    <member type="way" ref="544400473" role="outer"/>
    <member type="way" ref="544701738" role="outer"/>
    <member type="way" ref="544400304" role="outer"/>
    <member type="way" ref="544411357" role="outer"/>
    <tag k="building:part" v="yes"/>
    <tag k="height" v="40"/>
    <tag k="min_height" v="38"/>
    <tag k="type" v="multipolygon"/>
  </relation>
  <relation id="7785306">
    <member type="way" ref="544702468" role="outer"/>
    <member type="way" ref="544410170" role="outer"/>
    <member type="way" ref="544401041" role="outer"/>
    <member type="way" ref="544702476" role="outer"/>
    <member type="way" ref="544400592" role="outer"/>
    <member type="way" ref="544410232" role="outer"/>
    <member type="way" ref="544701823" role="outer"/>
    <member type="way" ref="544400553" role="outer"/>
    <member type="way" ref="544701742" role="outer"/>
    <member type="way" ref="544400978" role="outer"/>
    <member type="way" ref="544701826" role="outer"/>
    <member type="way" ref="544701746" role="outer"/>
    <tag k="building:part" v="yes"/>
    <tag k="height" v="40"/>
    <tag k="min_height" v="39"/>
    <tag k="type" v="multipolygon"/>
  </relation>
  <relation id="7787478">
    <member type="way" ref="544306451" role="outer"/>
    <member type="way" ref="545098543" role="inner"/>
    <member type="way" ref="545098542" role="inner"/>
    <member type="way" ref="545098540" role="inner"/>
    <member type="way" ref="545098541" role="inner"/>
    <member type="way" ref="545098564" role="inner"/>
    <member type="way" ref="545098556" role="inner"/>
    <member type="way" ref="545098557" role="inner"/>
    <member type="way" ref="545098558" role="inner"/>
    <member type="way" ref="545098559" role="inner"/>
    <member type="way" ref="545098549" role="inner"/>
    <member type="way" ref="545098560" role="inner"/>
    <member type="way" ref="545098561" role="inner"/>
    <member type="way" ref="545098562" role="inner"/>
    <member type="way" ref="545098563" role="inner"/>
    <member type="way" ref="545098586" role="inner"/>
    <member type="way" ref="545098548" role="inner"/>
    <member type="way" ref="545099233" role="inner"/>
    <member type="way" ref="545099130" role="inner"/>
    <member type="way" ref="545098550" role="inner"/>
    <member type="way" ref="545098551" role="inner"/>
    <member type="way" ref="545098552" role="inner"/>
    <member type="way" ref="545099073" role="inner"/>
    <member type="way" ref="545098555" role="inner"/>
    <member type="way" ref="545098685" role="inner"/>
    <member type="way" ref="545099003" role="inner"/>
    <member type="way" ref="545098636" role="inner"/>
    <member type="way" ref="545098935" role="inner"/>
    <member type="way" ref="545098946" role="inner"/>
    <member type="way" ref="545098616" role="inner"/>
    <member type="way" ref="545098903" role="inner"/>
    <member type="way" ref="545098617" role="inner"/>
    <member type="way" ref="545098602" role="inner"/>
    <member type="way" ref="545098603" role="inner"/>
    <member type="way" ref="545098611" role="inner"/>
    <member type="way" ref="545098604" role="inner"/>
    <member type="way" ref="545098820" role="inner"/>
    <member type="way" ref="545098823" role="inner"/>
    <member type="way" ref="545098857" role="inner"/>
    <member type="way" ref="545098860" role="inner"/>
    <member type="way" ref="545099107" role="inner"/>
    <member type="way" ref="545098865" role="inner"/>
    <member type="way" ref="545098875" role="inner"/>
    <member type="way" ref="545098881" role="inner"/>
    <member type="way" ref="545098850" role="inner"/>
    <member type="way" ref="545098849" role="inner"/>
    <member type="way" ref="545098818" role="inner"/>
    <member type="way" ref="545098958" role="inner"/>
    <member type="way" ref="545098991" role="inner"/>
    <member type="way" ref="545098677" role="inner"/>
    <member type="way" ref="545099088" role="inner"/>
    <member type="way" ref="545099004" role="inner"/>
    <member type="way" ref="545099076" role="inner"/>
    <member type="way" ref="545099011" role="inner"/>
    <member type="way" ref="545099080" role="inner"/>
    <member type="way" ref="545098716" role="inner"/>
    <member type="way" ref="545098719" role="inner"/>
    <member type="way" ref="545099123" role="inner"/>
    <member type="way" ref="545098692" role="inner"/>
    <member type="way" ref="545099119" role="inner"/>
    <member type="way" ref="545099155" role="inner"/>
    <member type="way" ref="545099197" role="inner"/>
    <member type="way" ref="545099194" role="inner"/>
    <member type="way" ref="545099129" role="inner"/>
    <member type="way" ref="545099206" role="inner"/>
    <member type="way" ref="545099126" role="inner"/>
    <member type="way" ref="545098531" role="inner"/>
    <member type="way" ref="545098530" role="inner"/>
    <member type="way" ref="545098528" role="inner"/>
    <member type="way" ref="545098529" role="inner"/>
    <member type="way" ref="545098527" role="inner"/>
    <member type="way" ref="545098526" role="inner"/>
    <member type="way" ref="545098525" role="inner"/>
    <member type="way" ref="545098524" role="inner"/>
    <member type="way" ref="545098520" role="inner"/>
    <member type="way" ref="545098503" role="inner"/>
    <member type="way" ref="545098462" role="inner"/>
    <member type="way" ref="545098488" role="inner"/>
    <member type="way" ref="545098442" role="inner"/>
    <member type="way" ref="545098440" role="inner"/>
    <tag k="area" v="yes"/>
    <tag k="highway" v="pedestrian"/>
    <tag k="type" v="multipolygon"/>
  </relation>
  <relation id="7787479">
    <member type="way" ref="545105255" role="outer"/>
    <member type="way" ref="545099126" role="outer"/>
    <member type="way" ref="545098531" role="outer"/>
    <member type="way" ref="545098530" role="outer"/>
    <member type="way" ref="545098529" role="outer"/>
    <member type="way" ref="545098528" role="outer"/>
    <member type="way" ref="545098526" role="outer"/>
    <member type="way" ref="545098527" role="outer"/>
    <member type="way" ref="545098525" role="outer"/>
    <member type="way" ref="545098524" role="outer"/>
    <member type="way" ref="545098520" role="outer"/>
    <member type="way" ref="545098503" role="outer"/>
    <member type="way" ref="545098488" role="outer"/>
    <member type="way" ref="545098462" role="outer"/>
    <member type="way" ref="545098442" role="outer"/>
    <member type="way" ref="545098440" role="outer"/>
    <tag k="amenity" v="fountain"/>
    <tag k="natural" v="water"/>
    <tag k="type" v="multipolygon"/>
    <tag k="water" v="pond"/>
  </relation>
  <relation id="7787480">
    <member type="way" ref="545300257" role="outer"/>
    <member type="way" ref="545300258" role="outer"/>
    <member type="way" ref="545300259" role="outer"/>
    <member type="way" ref="545300244" role="outer"/>
    <member type="way" ref="545300264" role="outer"/>
    <member type="way" ref="545300333" role="outer"/>
    <member type="way" ref="545300303" role="outer"/>
    <member type="way" ref="545300286" role="outer"/>
    <member type="way" ref="545300263" role="outer"/>
    <member type="way" ref="545300331" role="outer"/>
    <member type="way" ref="545300260" role="outer"/>
    <member type="way" ref="545300235" role="outer"/>
    <member type="way" ref="545300226" role="outer"/>
    <member type="way" ref="545300230" role="outer"/>
    <member type="way" ref="545300227" role="outer"/>
    <member type="way" ref="545300327" role="outer"/>
    <member type="way" ref="545300225" role="outer"/>
    <member type="way" ref="545300302" role="outer"/>
    <member type="way" ref="545300311" role="outer"/>
    <member type="way" ref="545300300" role="outer"/>
    <member type="way" ref="545300294" role="outer"/>
    <member type="way" ref="545300223" role="outer"/>
    <member type="way" ref="545300297" role="outer"/>
    <member type="way" ref="545300241" role="outer"/>
    <member type="way" ref="545300080" role="outer"/>
    <member type="way" ref="545300082" role="outer"/>
    <member type="way" ref="545300077" role="outer"/>
    <member type="way" ref="545299116" role="outer"/>
    <member type="way" ref="545300084" role="outer"/>
    <member type="way" ref="545300051" role="outer"/>
    <member type="way" ref="545300027" role="outer"/>
    <member type="way" ref="545299976" role="outer"/>
    <member type="way" ref="545299877" role="outer"/>
    <member type="way" ref="545299107" role="outer"/>
    <member type="way" ref="545299923" role="outer"/>
    <member type="way" ref="545299856" role="outer"/>
    <member type="way" ref="545299737" role="outer"/>
    <member type="way" ref="545299791" role="outer"/>
    <member type="way" ref="545298947" role="outer"/>
    <member type="way" ref="545298892" role="outer"/>
    <member type="way" ref="545298955" role="outer"/>
    <member type="way" ref="545299220" role="outer"/>
    <member type="way" ref="545299714" role="outer"/>
    <member type="way" ref="545299087" role="outer"/>
    <member type="way" ref="545299635" role="outer"/>
    <member type="way" ref="545299074" role="outer"/>
    <member type="way" ref="545299061" role="outer"/>
    <member type="way" ref="545299566" role="outer"/>
    <member type="way" ref="545299041" role="outer"/>
    <member type="way" ref="545299192" role="outer"/>
    <member type="way" ref="545332024" role="outer"/>
    <member type="way" ref="545332021" role="outer"/>
    <member type="way" ref="545332025" role="outer"/>
    <member type="way" ref="545326455" role="outer"/>
    <member type="way" ref="545326465" role="outer"/>
    <member type="way" ref="545326540" role="outer"/>
    <member type="way" ref="545326447" role="outer"/>
    <member type="way" ref="545326448" role="outer"/>
    <member type="way" ref="545326557" role="outer"/>
    <member type="way" ref="545326614" role="outer"/>
    <member type="way" ref="545326629" role="outer"/>
    <member type="way" ref="545326663" role="outer"/>
    <member type="way" ref="545326446" role="outer"/>
    <member type="way" ref="545326635" role="outer"/>
    <member type="way" ref="545326636" role="outer"/>
    <member type="way" ref="545326445" role="outer"/>
    <member type="way" ref="545326444" role="outer"/>
    <member type="way" ref="545326443" role="outer"/>
    <member type="way" ref="545326668" role="outer"/>
    <member type="way" ref="545326639" role="outer"/>
    <member type="way" ref="545326662" role="outer"/>
    <member type="way" ref="545326427" role="outer"/>
    <member type="way" ref="545326642" role="outer"/>
    <member type="way" ref="545326665" role="outer"/>
    <member type="way" ref="545326475" role="outer"/>
    <member type="way" ref="545326666" role="outer"/>
    <member type="way" ref="545326466" role="outer"/>
    <member type="way" ref="545326645" role="outer"/>
    <member type="way" ref="545326467" role="outer"/>
    <member type="way" ref="545326658" role="outer"/>
    <member type="way" ref="545300334" role="outer"/>
    <member type="way" ref="708467367" role="outer"/>
    <member type="way" ref="545326462" role="outer"/>
    <member type="way" ref="545326464" role="outer"/>
    <member type="way" ref="545299470" role="outer"/>
    <member type="way" ref="545299050" role="outer"/>
    <member type="way" ref="545299352" role="outer"/>
    <member type="way" ref="545298979" role="outer"/>
    <member type="way" ref="545300112" role="outer"/>
    <member type="way" ref="545300121" role="outer"/>
    <member type="way" ref="545098552" role="outer"/>
    <member type="way" ref="545098551" role="outer"/>
    <member type="way" ref="545098550" role="outer"/>
    <member type="way" ref="545098881" role="outer"/>
    <member type="way" ref="545098541" role="outer"/>
    <member type="way" ref="545098540" role="outer"/>
    <member type="way" ref="545098586" role="outer"/>
    <member type="way" ref="545098820" role="outer"/>
    <member type="way" ref="545098823" role="outer"/>
    <member type="way" ref="545098857" role="outer"/>
    <member type="way" ref="545098604" role="outer"/>
    <member type="way" ref="545098860" role="outer"/>
    <member type="way" ref="545098611" role="outer"/>
    <member type="way" ref="545098603" role="outer"/>
    <member type="way" ref="545099107" role="outer"/>
    <member type="way" ref="545098602" role="outer"/>
    <member type="way" ref="545098562" role="outer"/>
    <member type="way" ref="545098563" role="outer"/>
    <member type="way" ref="545098561" role="outer"/>
    <member type="way" ref="545098560" role="outer"/>
    <member type="way" ref="545098865" role="outer"/>
    <member type="way" ref="545098875" role="outer"/>
    <member type="way" ref="545098617" role="outer"/>
    <member type="way" ref="545098559" role="outer"/>
    <member type="way" ref="545098549" role="outer"/>
    <member type="way" ref="545098564" role="outer"/>
    <member type="way" ref="545098558" role="outer"/>
    <member type="way" ref="545098903" role="outer"/>
    <member type="way" ref="545098557" role="outer"/>
    <member type="way" ref="545098616" role="outer"/>
    <member type="way" ref="545098850" role="outer"/>
    <member type="way" ref="545098556" role="outer"/>
    <member type="way" ref="545098849" role="outer"/>
    <member type="way" ref="545098946" role="outer"/>
    <member type="way" ref="545098935" role="outer"/>
    <member type="way" ref="545098818" role="outer"/>
    <member type="way" ref="545098958" role="outer"/>
    <member type="way" ref="545098636" role="outer"/>
    <member type="way" ref="545099003" role="outer"/>
    <member type="way" ref="545098543" role="outer"/>
    <member type="way" ref="545098677" role="outer"/>
    <member type="way" ref="545098991" role="outer"/>
    <member type="way" ref="545099004" role="outer"/>
    <member type="way" ref="545099088" role="outer"/>
    <member type="way" ref="545098685" role="outer"/>
    <member type="way" ref="545098555" role="outer"/>
    <member type="way" ref="545098542" role="outer"/>
    <member type="way" ref="545099073" role="outer"/>
    <member type="way" ref="545099011" role="outer"/>
    <member type="way" ref="545099080" role="outer"/>
    <member type="way" ref="545099076" role="outer"/>
    <member type="way" ref="545098548" role="outer"/>
    <member type="way" ref="545098719" role="outer"/>
    <member type="way" ref="545098692" role="outer"/>
    <member type="way" ref="545099123" role="outer"/>
    <member type="way" ref="545098716" role="outer"/>
    <member type="way" ref="545099119" role="outer"/>
    <member type="way" ref="545099197" role="outer"/>
    <member type="way" ref="545099155" role="outer"/>
    <member type="way" ref="545099129" role="outer"/>
    <member type="way" ref="545099206" role="outer"/>
    <member type="way" ref="545099194" role="outer"/>
    <member type="way" ref="545099130" role="outer"/>
    <member type="way" ref="545099233" role="outer"/>
    <tag k="landuse" v="grass"/>
    <tag k="type" v="multipolygon"/>
  </relation>
  <relation id="7790807">
    <member type="way" ref="545300305" role="outer"/>
    <member type="way" ref="545300307" role="outer"/>
    <member type="way" ref="545300123" role="outer"/>
    <member type="way" ref="545300308" role="outer"/>
    <member type="way" ref="544306451" role="outer"/>
    <tag k="leisure" v="park"/>
    <tag k="name" v="میدان آزادی"/>
    <tag k="name:ar" v="ساحة آزادي"/>
    <tag k="name:en" v="Azadi Square"/>
    <tag k="name:hi" v="आज़ादी मैदान"/>
    <tag k="name:ml" v="ആസാദി ചത്വരം"/>
    <tag k="name:ru" v="площадь Азади"/>
    <tag k="name:tk" v="Azadi Meýdany"/>
    <tag k="name:tr" v="Azadi Meydanı"/>
    <tag k="old_name" v="میدان شهیاد"/>
    <tag k="place" v="square"/>
    <tag k="type" v="multipolygon"/>
    <tag k="wikidata" v="Q2476039"/>
    <tag k="wikipedia" v="tr:Azadi Meydanı"/>
  </relation>
  <relation id="7790808">
    <member type="way" ref="708467367" role="outer"/>
    <member type="way" ref="708467366" role="outer"/>
    <member type="way" ref="545326463" role="outer"/>
    <member type="way" ref="545326464" role="outer"/>
    <member type="way" ref="545298968" role="outer"/>
    <member type="way" ref="545298979" role="outer"/>
    <member type="way" ref="545298986" role="outer"/>
    <member type="way" ref="545299050" role="outer"/>
    <member type="way" ref="545300151" role="outer"/>
    <member type="way" ref="545300121" role="outer"/>
    <tag k="natural" v="wood"/>
    <tag k="type" v="multipolygon"/>
  </relation>
  <relation id="7814369">
    <member type="way" ref="544404301" role="outer"/>
    <member type="way" ref="544404286" role="outer"/>
    <member type="way" ref="544404270" role="outer"/>
    <member type="way" ref="544404254" role="outer"/>
    <member type="way" ref="544407860" role="outer"/>
    <member type="way" ref="544405071" role="outer"/>
    <member type="way" ref="544405070" role="outer"/>
    <member type="way" ref="544405069" role="outer"/>
    <member type="way" ref="544405068" role="outer"/>
    <member type="way" ref="544405067" role="outer"/>
    <member type="way" ref="544405066" role="outer"/>
    <member type="way" ref="544405065" role="outer"/>
    <member type="way" ref="544405064" role="outer"/>
    <member type="way" ref="544405063" role="outer"/>
    <member type="way" ref="544405062" role="outer"/>
    <member type="way" ref="544405061" role="outer"/>
    <member type="way" ref="544405060" role="outer"/>
    <member type="way" ref="544405051" role="outer"/>
    <member type="way" ref="544405034" role="outer"/>
    <member type="way" ref="544405021" role="outer"/>
    <member type="way" ref="544405008" role="outer"/>
    <member type="way" ref="544404998" role="outer"/>
    <member type="way" ref="544404997" role="outer"/>
    <member type="way" ref="544404991" role="outer"/>
    <member type="way" ref="544404989" role="outer"/>
    <member type="way" ref="544404988" role="outer"/>
    <member type="way" ref="544404987" role="outer"/>
    <member type="way" ref="544404986" role="outer"/>
    <member type="way" ref="544404985" role="outer"/>
    <member type="way" ref="544404984" role="outer"/>
    <member type="way" ref="544404983" role="outer"/>
    <member type="way" ref="544404967" role="outer"/>
    <member type="way" ref="544404953" role="outer"/>
    <member type="way" ref="544404951" role="outer"/>
    <member type="way" ref="544404950" role="outer"/>
    <member type="way" ref="544404949" role="outer"/>
    <member type="way" ref="544404943" role="outer"/>
    <member type="way" ref="544404928" role="outer"/>
    <member type="way" ref="544404914" role="outer"/>
    <member type="way" ref="544404898" role="outer"/>
    <member type="way" ref="544404897" role="outer"/>
    <member type="way" ref="544404896" role="outer"/>
    <member type="way" ref="544404895" role="outer"/>
    <member type="way" ref="544404893" role="outer"/>
    <member type="way" ref="544404892" role="outer"/>
    <member type="way" ref="544404891" role="outer"/>
    <member type="way" ref="544404890" role="outer"/>
    <member type="way" ref="544404889" role="outer"/>
    <member type="way" ref="544404887" role="outer"/>
    <member type="way" ref="544404885" role="outer"/>
    <member type="way" ref="544404871" role="outer"/>
    <member type="way" ref="544404857" role="outer"/>
    <member type="way" ref="544411311" role="outer"/>
    <member type="way" ref="544411309" role="outer"/>
    <member type="way" ref="544411307" role="outer"/>
    <member type="way" ref="544411300" role="outer"/>
    <member type="way" ref="544411299" role="outer"/>
    <member type="way" ref="544411295" role="outer"/>
    <member type="way" ref="544411294" role="outer"/>
    <member type="way" ref="544411290" role="outer"/>
    <member type="way" ref="544411278" role="outer"/>
    <member type="way" ref="544411255" role="outer"/>
    <member type="way" ref="544411250" role="outer"/>
    <member type="way" ref="544411249" role="outer"/>
    <member type="way" ref="544411245" role="outer"/>
    <member type="way" ref="544411243" role="outer"/>
    <member type="way" ref="544411240" role="outer"/>
    <member type="way" ref="544411237" role="outer"/>
    <member type="way" ref="544411236" role="outer"/>
    <member type="way" ref="544404108" role="outer"/>
    <member type="way" ref="544404109" role="outer"/>
    <member type="way" ref="544404110" role="outer"/>
    <member type="way" ref="544404111" role="outer"/>
    <member type="way" ref="544404113" role="outer"/>
    <member type="way" ref="544404114" role="outer"/>
    <member type="way" ref="544548685" role="outer"/>
    <member type="way" ref="544404123" role="outer"/>
    <member type="way" ref="544404134" role="outer"/>
    <member type="way" ref="544404135" role="outer"/>
    <member type="way" ref="544404136" role="outer"/>
    <member type="way" ref="544404137" role="outer"/>
    <member type="way" ref="544404138" role="outer"/>
    <member type="way" ref="544404139" role="outer"/>
    <member type="way" ref="544404140" role="outer"/>
    <member type="way" ref="544404141" role="outer"/>
    <member type="way" ref="544404142" role="outer"/>
    <member type="way" ref="544404143" role="outer"/>
    <member type="way" ref="544404144" role="outer"/>
    <member type="way" ref="544404145" role="outer"/>
    <member type="way" ref="544404146" role="outer"/>
    <member type="way" ref="544404147" role="outer"/>
    <member type="way" ref="544404151" role="outer"/>
    <member type="way" ref="544404152" role="outer"/>
    <member type="way" ref="544404153" role="outer"/>
    <member type="way" ref="544404154" role="outer"/>
    <member type="way" ref="544404155" role="outer"/>
    <member type="way" ref="544404157" role="outer"/>
    <member type="way" ref="544404159" role="outer"/>
    <member type="way" ref="544404160" role="outer"/>
    <member type="way" ref="544404161" role="outer"/>
    <member type="way" ref="544404162" role="outer"/>
    <member type="way" ref="544404163" role="outer"/>
    <member type="way" ref="544404164" role="outer"/>
    <member type="way" ref="544404165" role="outer"/>
    <member type="way" ref="544404166" role="outer"/>
    <member type="way" ref="544404167" role="outer"/>
    <member type="way" ref="544404168" role="outer"/>
    <member type="way" ref="544404169" role="outer"/>
    <member type="way" ref="544404170" role="outer"/>
    <member type="way" ref="544404172" role="outer"/>
    <member type="way" ref="544404173" role="outer"/>
    <member type="way" ref="544404175" role="outer"/>
    <member type="way" ref="544404177" role="outer"/>
    <member type="way" ref="544404179" role="outer"/>
    <member type="way" ref="544404184" role="outer"/>
    <member type="way" ref="544404186" role="outer"/>
    <member type="way" ref="544404189" role="outer"/>
    <member type="way" ref="544404190" role="outer"/>
    <member type="way" ref="544404191" role="outer"/>
    <member type="way" ref="544404193" role="outer"/>
    <member type="way" ref="544404196" role="outer"/>
    <member type="way" ref="544404198" role="outer"/>
    <member type="way" ref="544404026" role="outer"/>
    <member type="way" ref="544404025" role="outer"/>
    <member type="way" ref="544404024" role="outer"/>
    <member type="way" ref="544404023" role="outer"/>
    <member type="way" ref="544404021" role="outer"/>
    <member type="way" ref="544404020" role="outer"/>
    <member type="way" ref="544404018" role="outer"/>
    <member type="way" ref="544404017" role="outer"/>
    <member type="way" ref="544404012" role="outer"/>
    <member type="way" ref="544404008" role="outer"/>
    <member type="way" ref="544404007" role="outer"/>
    <member type="way" ref="544404006" role="outer"/>
    <member type="way" ref="544404005" role="outer"/>
    <member type="way" ref="544404004" role="outer"/>
    <member type="way" ref="544404003" role="outer"/>
    <member type="way" ref="544404001" role="outer"/>
    <member type="way" ref="544404000" role="outer"/>
    <member type="way" ref="544403998" role="outer"/>
    <member type="way" ref="544403996" role="outer"/>
    <member type="way" ref="544403995" role="outer"/>
    <member type="way" ref="544403989" role="outer"/>
    <member type="way" ref="544403988" role="outer"/>
    <member type="way" ref="544403987" role="outer"/>
    <member type="way" ref="544403986" role="outer"/>
    <member type="way" ref="544403985" role="outer"/>
    <member type="way" ref="544403984" role="outer"/>
    <member type="way" ref="544403983" role="outer"/>
    <member type="way" ref="544403982" role="outer"/>
    <member type="way" ref="544403981" role="outer"/>
    <member type="way" ref="544403980" role="outer"/>
    <member type="way" ref="544403979" role="outer"/>
    <member type="way" ref="544403978" role="outer"/>
    <member type="way" ref="544415805" role="outer"/>
    <member type="way" ref="544474809" role="outer"/>
    <member type="way" ref="544474804" role="outer"/>
    <member type="way" ref="544474803" role="outer"/>
    <member type="way" ref="544474802" role="outer"/>
    <member type="way" ref="544474801" role="outer"/>
    <member type="way" ref="544474800" role="outer"/>
    <member type="way" ref="544404207" role="outer"/>
    <member type="way" ref="544403596" role="outer"/>
    <member type="way" ref="544403594" role="outer"/>
    <member type="way" ref="544403593" role="outer"/>
    <member type="way" ref="544535352" role="outer"/>
    <member type="way" ref="544605105" role="outer"/>
    <member type="way" ref="544605103" role="outer"/>
    <member type="way" ref="544605099" role="outer"/>
    <member type="way" ref="544605097" role="outer"/>
    <member type="way" ref="544402973" role="outer"/>
    <member type="way" ref="544402986" role="outer"/>
    <member type="way" ref="544402998" role="outer"/>
    <member type="way" ref="544404206" role="outer"/>
    <member type="way" ref="544474793" role="outer"/>
    <member type="way" ref="544474794" role="outer"/>
    <member type="way" ref="544474795" role="outer"/>
    <member type="way" ref="544474796" role="outer"/>
    <member type="way" ref="544474797" role="outer"/>
    <member type="way" ref="544474798" role="outer"/>
    <member type="way" ref="544415806" role="outer"/>
    <member type="way" ref="544403546" role="outer"/>
    <member type="way" ref="544403545" role="outer"/>
    <member type="way" ref="544403543" role="outer"/>
    <member type="way" ref="544403541" role="outer"/>
    <member type="way" ref="544403540" role="outer"/>
    <member type="way" ref="544403539" role="outer"/>
    <member type="way" ref="544403538" role="outer"/>
    <member type="way" ref="544403537" role="outer"/>
    <member type="way" ref="544403536" role="outer"/>
    <member type="way" ref="544403535" role="outer"/>
    <member type="way" ref="544403534" role="outer"/>
    <member type="way" ref="544403533" role="outer"/>
    <member type="way" ref="544403532" role="outer"/>
    <member type="way" ref="544403531" role="outer"/>
    <member type="way" ref="544403529" role="outer"/>
    <member type="way" ref="544403528" role="outer"/>
    <member type="way" ref="544403527" role="outer"/>
    <member type="way" ref="544403526" role="outer"/>
    <member type="way" ref="544403525" role="outer"/>
    <member type="way" ref="544403524" role="outer"/>
    <member type="way" ref="544403523" role="outer"/>
    <member type="way" ref="544403522" role="outer"/>
    <member type="way" ref="544403520" role="outer"/>
    <member type="way" ref="544403519" role="outer"/>
    <member type="way" ref="544403518" role="outer"/>
    <member type="way" ref="544403513" role="outer"/>
    <member type="way" ref="544403512" role="outer"/>
    <member type="way" ref="544403511" role="outer"/>
    <member type="way" ref="544403510" role="outer"/>
    <member type="way" ref="544403509" role="outer"/>
    <member type="way" ref="544403508" role="outer"/>
    <member type="way" ref="544403498" role="outer"/>
    <member type="way" ref="544403489" role="outer"/>
    <member type="way" ref="544403479" role="outer"/>
    <member type="way" ref="544403478" role="outer"/>
    <member type="way" ref="544403477" role="outer"/>
    <member type="way" ref="544403476" role="outer"/>
    <member type="way" ref="544403475" role="outer"/>
    <member type="way" ref="544403474" role="outer"/>
    <member type="way" ref="544403473" role="outer"/>
    <member type="way" ref="544403472" role="outer"/>
    <member type="way" ref="544403471" role="outer"/>
    <member type="way" ref="544403470" role="outer"/>
    <member type="way" ref="544403467" role="outer"/>
    <member type="way" ref="544403466" role="outer"/>
    <member type="way" ref="544403465" role="outer"/>
    <member type="way" ref="544403464" role="outer"/>
    <member type="way" ref="544403463" role="outer"/>
    <member type="way" ref="544403459" role="outer"/>
    <member type="way" ref="544403458" role="outer"/>
    <member type="way" ref="544403457" role="outer"/>
    <member type="way" ref="544403456" role="outer"/>
    <member type="way" ref="544403455" role="outer"/>
    <member type="way" ref="544403454" role="outer"/>
    <member type="way" ref="544403453" role="outer"/>
    <member type="way" ref="544403452" role="outer"/>
    <member type="way" ref="544403450" role="outer"/>
    <member type="way" ref="544403448" role="outer"/>
    <member type="way" ref="544403447" role="outer"/>
    <member type="way" ref="544403440" role="outer"/>
    <member type="way" ref="544403435" role="outer"/>
    <member type="way" ref="544403433" role="outer"/>
    <member type="way" ref="544403423" role="outer"/>
    <member type="way" ref="544403422" role="outer"/>
    <member type="way" ref="544403421" role="outer"/>
    <member type="way" ref="544403420" role="outer"/>
    <member type="way" ref="544403419" role="outer"/>
    <member type="way" ref="544403418" role="outer"/>
    <member type="way" ref="544403417" role="outer"/>
    <member type="way" ref="544403416" role="outer"/>
    <member type="way" ref="544403415" role="outer"/>
    <member type="way" ref="544403414" role="outer"/>
    <member type="way" ref="544403413" role="outer"/>
    <member type="way" ref="544403405" role="outer"/>
    <member type="way" ref="544403394" role="outer"/>
    <member type="way" ref="544403385" role="outer"/>
    <member type="way" ref="544403381" role="outer"/>
    <member type="way" ref="544403380" role="outer"/>
    <member type="way" ref="544403379" role="outer"/>
    <member type="way" ref="544403378" role="outer"/>
    <member type="way" ref="544403377" role="outer"/>
    <member type="way" ref="544403375" role="outer"/>
    <member type="way" ref="544403374" role="outer"/>
    <member type="way" ref="544403373" role="outer"/>
    <member type="way" ref="544403372" role="outer"/>
    <member type="way" ref="544411415" role="outer"/>
    <member type="way" ref="544411414" role="outer"/>
    <member type="way" ref="544411413" role="outer"/>
    <member type="way" ref="544411412" role="outer"/>
    <member type="way" ref="544411410" role="outer"/>
    <member type="way" ref="544411407" role="outer"/>
    <member type="way" ref="544411404" role="outer"/>
    <member type="way" ref="544411382" role="outer"/>
    <member type="way" ref="544411375" role="outer"/>
    <member type="way" ref="544411362" role="outer"/>
    <member type="way" ref="544411357" role="outer"/>
    <member type="way" ref="544411356" role="outer"/>
    <member type="way" ref="544411352" role="outer"/>
    <member type="way" ref="544411348" role="outer"/>
    <member type="way" ref="544411347" role="outer"/>
    <member type="way" ref="544411346" role="outer"/>
    <member type="way" ref="544411345" role="outer"/>
    <member type="way" ref="544402512" role="outer"/>
    <member type="way" ref="544402505" role="outer"/>
    <member type="way" ref="544402494" role="outer"/>
    <member type="way" ref="544402490" role="outer"/>
    <member type="way" ref="544402489" role="outer"/>
    <member type="way" ref="544402488" role="outer"/>
    <member type="way" ref="544402487" role="outer"/>
    <member type="way" ref="544402486" role="outer"/>
    <member type="way" ref="544402485" role="outer"/>
    <member type="way" ref="544402484" role="outer"/>
    <member type="way" ref="544402483" role="outer"/>
    <member type="way" ref="544402482" role="outer"/>
    <member type="way" ref="544402478" role="outer"/>
    <member type="way" ref="544402477" role="outer"/>
    <member type="way" ref="544402476" role="outer"/>
    <member type="way" ref="544402475" role="outer"/>
    <member type="way" ref="544402474" role="outer"/>
    <member type="way" ref="544402473" role="outer"/>
    <member type="way" ref="544402472" role="outer"/>
    <member type="way" ref="544402467" role="outer"/>
    <member type="way" ref="544402463" role="outer"/>
    <member type="way" ref="544402462" role="outer"/>
    <member type="way" ref="544402450" role="outer"/>
    <member type="way" ref="544402439" role="outer"/>
    <member type="way" ref="544402429" role="outer"/>
    <member type="way" ref="544402428" role="outer"/>
    <member type="way" ref="544402426" role="outer"/>
    <member type="way" ref="544402425" role="outer"/>
    <member type="way" ref="544402420" role="outer"/>
    <member type="way" ref="544402419" role="outer"/>
    <member type="way" ref="544402418" role="outer"/>
    <member type="way" ref="544402417" role="outer"/>
    <member type="way" ref="544402416" role="outer"/>
    <member type="way" ref="544402415" role="outer"/>
    <member type="way" ref="544402414" role="outer"/>
    <member type="way" ref="544402413" role="outer"/>
    <member type="way" ref="544402412" role="outer"/>
    <member type="way" ref="544402410" role="outer"/>
    <member type="way" ref="544402408" role="outer"/>
    <member type="way" ref="544402407" role="outer"/>
    <member type="way" ref="544402406" role="outer"/>
    <member type="way" ref="544402401" role="outer"/>
    <member type="way" ref="544402400" role="outer"/>
    <member type="way" ref="544402399" role="outer"/>
    <member type="way" ref="544402398" role="outer"/>
    <member type="way" ref="544402397" role="outer"/>
    <member type="way" ref="544402390" role="outer"/>
    <member type="way" ref="544402389" role="outer"/>
    <member type="way" ref="544402388" role="outer"/>
    <member type="way" ref="544402387" role="outer"/>
    <member type="way" ref="544402386" role="outer"/>
    <member type="way" ref="544402385" role="outer"/>
    <member type="way" ref="544402384" role="outer"/>
    <member type="way" ref="544402775" role="outer"/>
    <member type="way" ref="544402776" role="outer"/>
    <member type="way" ref="544402777" role="outer"/>
    <member type="way" ref="544402781" role="outer"/>
    <member type="way" ref="544402782" role="outer"/>
    <member type="way" ref="544402783" role="outer"/>
    <member type="way" ref="544402784" role="outer"/>
    <member type="way" ref="544402785" role="outer"/>
    <member type="way" ref="544402786" role="outer"/>
    <member type="way" ref="544402787" role="outer"/>
    <member type="way" ref="544402791" role="outer"/>
    <member type="way" ref="544402792" role="outer"/>
    <member type="way" ref="544402793" role="outer"/>
    <member type="way" ref="544402794" role="outer"/>
    <member type="way" ref="544402799" role="outer"/>
    <member type="way" ref="544402803" role="outer"/>
    <member type="way" ref="544402804" role="outer"/>
    <member type="way" ref="544402805" role="outer"/>
    <member type="way" ref="544402806" role="outer"/>
    <member type="way" ref="544402807" role="outer"/>
    <member type="way" ref="544402808" role="outer"/>
    <member type="way" ref="544402809" role="outer"/>
    <member type="way" ref="544402810" role="outer"/>
    <member type="way" ref="544402811" role="outer"/>
    <member type="way" ref="544402812" role="outer"/>
    <member type="way" ref="544402813" role="outer"/>
    <member type="way" ref="544402814" role="outer"/>
    <member type="way" ref="544402815" role="outer"/>
    <member type="way" ref="544402816" role="outer"/>
    <member type="way" ref="544402817" role="outer"/>
    <member type="way" ref="544402818" role="outer"/>
    <member type="way" ref="544402819" role="outer"/>
    <member type="way" ref="544415807" role="outer"/>
    <member type="way" ref="544474778" role="outer"/>
    <member type="way" ref="544474777" role="outer"/>
    <member type="way" ref="544474776" role="outer"/>
    <member type="way" ref="544474775" role="outer"/>
    <member type="way" ref="544474774" role="outer"/>
    <member type="way" ref="544474773" role="outer"/>
    <member type="way" ref="544402221" role="outer"/>
    <member type="way" ref="544402222" role="outer"/>
    <member type="way" ref="544402223" role="outer"/>
    <member type="way" ref="544402224" role="outer"/>
    <member type="way" ref="544605382" role="outer"/>
    <member type="way" ref="544605384" role="outer"/>
    <member type="way" ref="544605388" role="outer"/>
    <member type="way" ref="544605391" role="outer"/>
    <member type="way" ref="544535344" role="outer"/>
    <member type="way" ref="544404410" role="outer"/>
    <member type="way" ref="544404409" role="outer"/>
    <member type="way" ref="544404408" role="outer"/>
    <member type="way" ref="544404407" role="outer"/>
    <member type="way" ref="544474784" role="outer"/>
    <member type="way" ref="544474785" role="outer"/>
    <member type="way" ref="544474788" role="outer"/>
    <member type="way" ref="544474789" role="outer"/>
    <member type="way" ref="544474790" role="outer"/>
    <member type="way" ref="544474791" role="outer"/>
    <member type="way" ref="544415808" role="outer"/>
    <member type="way" ref="544404531" role="outer"/>
    <member type="way" ref="544404535" role="outer"/>
    <member type="way" ref="544404536" role="outer"/>
    <member type="way" ref="544404538" role="outer"/>
    <member type="way" ref="544404541" role="outer"/>
    <member type="way" ref="544404542" role="outer"/>
    <member type="way" ref="544404543" role="outer"/>
    <member type="way" ref="544404550" role="outer"/>
    <member type="way" ref="544404562" role="outer"/>
    <member type="way" ref="544404564" role="outer"/>
    <member type="way" ref="544404565" role="outer"/>
    <member type="way" ref="544404566" role="outer"/>
    <member type="way" ref="544404567" role="outer"/>
    <member type="way" ref="544404569" role="outer"/>
    <member type="way" ref="544404570" role="outer"/>
    <member type="way" ref="544404571" role="outer"/>
    <member type="way" ref="544404575" role="outer"/>
    <member type="way" ref="544404578" role="outer"/>
    <member type="way" ref="544404579" role="outer"/>
    <member type="way" ref="544404580" role="outer"/>
    <member type="way" ref="544404581" role="outer"/>
    <member type="way" ref="544404583" role="outer"/>
    <member type="way" ref="544404588" role="outer"/>
    <member type="way" ref="544404589" role="outer"/>
    <member type="way" ref="544404590" role="outer"/>
    <member type="way" ref="544404591" role="outer"/>
    <member type="way" ref="544404594" role="outer"/>
    <member type="way" ref="544404595" role="outer"/>
    <member type="way" ref="544404596" role="outer"/>
    <member type="way" ref="544404597" role="outer"/>
    <member type="way" ref="544404598" role="outer"/>
    <member type="way" ref="544404599" role="outer"/>
    <member type="way" ref="544404600" role="outer"/>
    <tag k="building:levels" v="7"/>
    <tag k="building:part" v="no"/>
    <tag k="end_date" v="1971"/>
    <tag k="historic" v="monument"/>
    <tag k="layer" v="1"/>
    <tag k="name" v="برج آزادی"/>
    <tag k="name:de" v="Freiheitsturm"/>
    <tag k="name:en" v="Azadi Tower"/>
    <tag k="name:es" v="Torre Azadi"/>
    <tag k="name:fr" v="Tour Azadi"/>
    <tag k="name:he" v="מגדל אזאדי"/>
    <tag k="name:hi" v="आज़ादी टवर"/>
    <tag k="name:it" v="Torre Azadi"/>
    <tag k="name:ml" v="ആസാദി ഗോപുരം"/>
    <tag k="name:pl" v="Bordż-e Azadi"/>
    <tag k="name:pt" v="Torre Azadi"/>
    <tag k="name:ru" v="Башня Азади"/>
    <tag k="name:sk" v="Bordž-e ázádí"/>
    <tag k="name:sv" v="Azaditornet"/>
    <tag k="name:zh" v="自由纪念塔"/>
    <tag k="old_name" v="برج شهیاد"/>
    <tag k="start_date" v="1969"/>
    <tag k="tourism" v="attraction"/>
    <tag k="type" v="multipolygon"/>
    <tag k="wikidata" v="Q1140026"/>
    <tag k="wikipedia" v="en:Azadi Tower"/>
  </relation>
  <relation id="7916965">
    <member type="way" ref="544703018" role="outer"/>
    <member type="way" ref="544400003" role="outer"/>
    <member type="way" ref="544702964" role="outer"/>
    <member type="way" ref="544399642" role="outer"/>
    <member type="way" ref="544703070" role="outer"/>
    <member type="way" ref="544399626" role="outer"/>
    <member type="way" ref="544702211" role="outer"/>
    <member type="way" ref="544399998" role="outer"/>
    <member type="way" ref="544402038" role="outer"/>
    <member type="way" ref="544405230" role="outer"/>
    <member type="way" ref="544401707" role="outer"/>
    <member type="way" ref="544702331" role="outer"/>
    <member type="way" ref="544402041" role="outer"/>
    <member type="way" ref="544405146" role="outer"/>
    <member type="way" ref="544401771" role="outer"/>
    <member type="way" ref="544405148" role="outer"/>
    <tag k="building:part" v="yes"/>
    <tag k="height" v="40"/>
    <tag k="min_height" v="29"/>
    <tag k="type" v="multipolygon"/>
  </relation>
  <relation id="8321656">
    <member type="node" ref="5637867019" role="admin_centre"/>
    <member type="way" ref="659256525" role="outer"/>
    <member type="way" ref="659256508" role="outer"/>
    <member type="way" ref="659256507" role="outer"/>
    <member type="way" ref="659256518" role="outer"/>
    <member type="way" ref="659256506" role="outer"/>
    <tag k="admin_level" v="11"/>
    <tag k="boundary" v="administrative"/>
    <tag k="is_in:city" v="تهران"/>
    <tag k="name" v="استاد معین"/>
    <tag k="name:en" v="Ostad Moein"/>
    <tag k="place" v="neighbourhood"/>
    <tag k="type" v="boundary"/>
  </relation>
  <relation id="8321660">
    <member type="node" ref="5637866617" role="admin_centre"/>
    <member type="way" ref="659256586" role="outer"/>
    <member type="way" ref="659256585" role="outer"/>
    <member type="way" ref="455122094" role="outer"/>
    <member type="way" ref="659256508" role="outer"/>
    <tag k="admin_level" v="11"/>
    <tag k="boundary" v="administrative"/>
    <tag k="is_in:city" v="تهران"/>
    <tag k="name" v="طرشت"/>
    <tag k="name:en" v="Tarasht"/>
    <tag k="place" v="neighbourhood"/>
    <tag k="type" v="boundary"/>
  </relation>
  <relation id="9624158">
    <member type="way" ref="545300308" role="outer"/>
    <member type="way" ref="545298968" role="inner"/>
    <member type="way" ref="545299352" role="inner"/>
    <member type="way" ref="545298986" role="inner"/>
    <member type="way" ref="545299470" role="inner"/>
    <member type="way" ref="545299192" role="inner"/>
    <member type="way" ref="545299566" role="inner"/>
    <member type="way" ref="545299587" role="inner"/>
    <member type="way" ref="545299061" role="inner"/>
    <member type="way" ref="545299074" role="inner"/>
    <member type="way" ref="545299635" role="inner"/>
    <member type="way" ref="545298947" role="inner"/>
    <member type="way" ref="545299087" role="inner"/>
    <member type="way" ref="545299714" role="inner"/>
    <member type="way" ref="545299220" role="inner"/>
    <member type="way" ref="545298955" role="inner"/>
    <member type="way" ref="545298892" role="inner"/>
    <member type="way" ref="545299791" role="inner"/>
    <member type="way" ref="545299737" role="inner"/>
    <member type="way" ref="545299923" role="inner"/>
    <member type="way" ref="545299856" role="inner"/>
    <member type="way" ref="545299107" role="inner"/>
    <member type="way" ref="545299877" role="inner"/>
    <member type="way" ref="545300027" role="inner"/>
    <member type="way" ref="545300051" role="inner"/>
    <member type="way" ref="545299976" role="inner"/>
    <member type="way" ref="545300084" role="inner"/>
    <member type="way" ref="545299116" role="inner"/>
    <member type="way" ref="545300077" role="inner"/>
    <member type="way" ref="545300082" role="inner"/>
    <member type="way" ref="545299041" role="inner"/>
    <member type="way" ref="545300080" role="inner"/>
    <tag k="area" v="yes"/>
    <tag k="highway" v="pedestrian"/>
    <tag k="type" v="multipolygon"/>
  </relation>
  <relation id="9624159">
    <member type="way" ref="545300307" role="outer"/>
    <member type="way" ref="545326658" role="inner"/>
    <member type="way" ref="545326463" role="inner"/>
    <member type="way" ref="545326462" role="inner"/>
    <member type="way" ref="545326467" role="inner"/>
    <member type="way" ref="545326645" role="inner"/>
    <member type="way" ref="545326466" role="inner"/>
    <member type="way" ref="545326666" role="inner"/>
    <member type="way" ref="545326475" role="inner"/>
    <member type="way" ref="545326642" role="inner"/>
    <member type="way" ref="545326665" role="inner"/>
    <member type="way" ref="545326668" role="inner"/>
    <member type="way" ref="545326427" role="inner"/>
    <member type="way" ref="545326662" role="inner"/>
    <member type="way" ref="545326639" role="inner"/>
    <member type="way" ref="545326443" role="inner"/>
    <member type="way" ref="545326444" role="inner"/>
    <member type="way" ref="545326636" role="inner"/>
    <member type="way" ref="545326445" role="inner"/>
    <member type="way" ref="545326635" role="inner"/>
    <member type="way" ref="545326446" role="inner"/>
    <member type="way" ref="545326663" role="inner"/>
    <member type="way" ref="545326614" role="inner"/>
    <member type="way" ref="545326629" role="inner"/>
    <member type="way" ref="545326557" role="inner"/>
    <member type="way" ref="545326540" role="inner"/>
    <member type="way" ref="545326455" role="inner"/>
    <member type="way" ref="545326447" role="inner"/>
    <member type="way" ref="545326448" role="inner"/>
    <member type="way" ref="545326465" role="inner"/>
    <tag k="area" v="yes"/>
    <tag k="highway" v="pedestrian"/>
    <tag k="type" v="multipolygon"/>
  </relation>
  <relation id="9626939">
    <member type="way" ref="692536772" role="outer"/>
    <member type="way" ref="544630647" role="outer"/>
    <member type="way" ref="544411329" role="outer"/>
    <tag k="building:part" v="yes"/>
    <tag k="height" v="40"/>
    <tag k="min_height" v="15"/>
    <tag k="type" v="multipolygon"/>
  </relation>
  <relation id="9626940">
    <member type="way" ref="544639010" role="outer"/>
    <member type="way" ref="692536775" role="outer"/>
    <member type="way" ref="692536776" role="outer"/>
    <tag k="building:part" v="yes"/>
    <tag k="height" v="40"/>
    <tag k="min_height" v="15"/>
    <tag k="type" v="multipolygon"/>
  </relation>
  <relation id="9626941">
    <member type="way" ref="544630652" role="outer"/>
    <member type="way" ref="544638978" role="outer"/>
    <member type="way" ref="692536773" role="outer"/>
    <tag k="building:part" v="yes"/>
    <tag k="height" v="40"/>
    <tag k="min_height" v="15"/>
    <tag k="type" v="multipolygon"/>
  </relation>
  <relation id="12251695">
    <member type="node" ref="5770179345" role="platform"/>
    <member type="node" ref="5045478381" role="platform"/>
    <member type="node" ref="5045478384" role="platform"/>
    <member type="node" ref="5045478383" role="platform"/>
    <member type="node" ref="5045478387" role="platform"/>
    <member type="node" ref="5045470934" role="platform"/>
    <member type="node" ref="5045470937" role="platform"/>
    <member type="node" ref="5045470935" role="platform"/>
    <member type="node" ref="8378131115" role="platform"/>
    <member type="node" ref="8378131116" role="platform"/>
    <member type="node" ref="8378154318" role="platform"/>
    <member type="node" ref="8378154319" role="platform"/>
    <member type="node" ref="4420624159" role="platform"/>
    <member type="node" ref="4417957691" role="platform"/>
    <member type="node" ref="4420616674" role="platform"/>
    <member type="node" ref="4420616677" role="platform"/>
    <member type="node" ref="2485571590" role="platform"/>
    <member type="node" ref="4420616679" role="platform"/>
    <member type="node" ref="4420616681" role="platform"/>
    <member type="node" ref="2485571576" role="platform"/>
    <member type="node" ref="8378154327" role="platform"/>
    <member type="node" ref="8378154328" role="platform"/>
    <member type="node" ref="8378154329" role="platform"/>
    <member type="node" ref="3423592778" role=""/>
    <member type="node" ref="3423592777" role=""/>
    <member type="node" ref="5045478388" role=""/>
    <member type="way" ref="901958872" role="forward"/>
    <member type="way" ref="1278526576" role="forward"/>
    <member type="way" ref="53472475" role="forward"/>
    <member type="way" ref="53472480" role="forward"/>
    <member type="way" ref="764339962" role="forward"/>
    <member type="way" ref="437724233" role=""/>
    <member type="way" ref="901958875" role="forward"/>
    <member type="way" ref="901958874" role="backward"/>
    <member type="way" ref="427761879" role=""/>
    <member type="way" ref="706153813" role="forward"/>
    <member type="way" ref="198945819" role="forward"/>
    <member type="way" ref="485787763" role="forward"/>
    <member type="way" ref="485787762" role="forward"/>
    <member type="way" ref="706138388" role="forward"/>
    <member type="way" ref="554959829" role="forward"/>
    <member type="way" ref="1275327446" role="forward"/>
    <member type="way" ref="1275327445" role="forward"/>
    <member type="way" ref="712616955" role="forward"/>
    <member type="way" ref="572493600" role="forward"/>
    <member type="way" ref="712612528" role="forward"/>
    <member type="way" ref="1203916944" role="forward"/>
    <member type="way" ref="1203916943" role="forward"/>
    <member type="way" ref="1275295395" role="forward"/>
    <member type="way" ref="351836013" role="forward"/>
    <member type="way" ref="352068915" role="forward"/>
    <member type="way" ref="151278551" role="forward"/>
    <member type="way" ref="1247148272" role="forward"/>
    <member type="way" ref="309621499" role="forward"/>
    <member type="way" ref="473536317" role="forward"/>
    <member type="way" ref="309621500" role="forward"/>
    <member type="way" ref="430054366" role="forward"/>
    <member type="way" ref="712498791" role="forward"/>
    <member type="way" ref="954801984" role=""/>
    <member type="way" ref="538459019" role=""/>
    <member type="way" ref="240883683" role=""/>
    <member type="way" ref="240883676" role="forward"/>
    <member type="way" ref="901958879" role="forward"/>
    <member type="way" ref="561528871" role="forward"/>
    <member type="way" ref="889913535" role="forward"/>
    <member type="way" ref="889913534" role="forward"/>
    <member type="way" ref="706136001" role="forward"/>
    <member type="way" ref="175770848" role="forward"/>
    <member type="way" ref="706136000" role="forward"/>
    <member type="way" ref="930827959" role="forward"/>
    <member type="way" ref="706136002" role="forward"/>
    <member type="way" ref="901958880" role="forward"/>
    <member type="way" ref="4295393" role="forward"/>
    <member type="way" ref="28670043" role="forward"/>
    <member type="way" ref="706134221" role="forward"/>
    <member type="way" ref="72508540" role="forward"/>
    <tag k="from" v="پایانه خاوران"/>
    <tag k="name" v="پایانه خاوران - پایانه آزادی"/>
    <tag k="operator" v="شرکت واحد اتوبوسرانی تهران"/>
    <tag k="ref" v="102"/>
    <tag k="route" v="bus"/>
    <tag k="to" v="پایانه آزادی"/>
    <tag k="type" v="route"/>
  </relation>
  <relation id="12447364">
    <member type="node" ref="1863241428" role="stop"/>
    <member type="node" ref="8520616261" role="platform"/>
    <member type="node" ref="8520616262" role="platform"/>
    <member type="node" ref="8520616263" role="platform"/>
    <member type="node" ref="1921563228" role="platform"/>
    <member type="node" ref="8520616264" role="platform"/>
    <member type="node" ref="8520616265" role="platform"/>
    <member type="node" ref="13204580307" role="stop"/>
    <member type="way" ref="1253560542" role="platform"/>
    <member type="node" ref="4135531315" role="platform"/>
    <member type="node" ref="8528011332" role="platform"/>
    <member type="node" ref="8528084069" role="platform"/>
    <member type="node" ref="8528011333" role="platform"/>
    <member type="node" ref="8528011335" role="platform"/>
    <member type="node" ref="8528011338" role="platform"/>
    <member type="node" ref="8528011336" role="platform"/>
    <member type="node" ref="8528011337" role="platform"/>
    <member type="node" ref="8528011339" role="platform"/>
    <member type="node" ref="8528011340" role="platform"/>
    <member type="node" ref="8528011341" role="platform"/>
    <member type="node" ref="4135181250" role="platform"/>
    <member type="node" ref="13204580305" role="stop"/>
    <member type="way" ref="1436649660" role="platform"/>
    <member type="node" ref="8528011352" role="platform"/>
    <member type="node" ref="6403338286" role="platform"/>
    <member type="node" ref="8528011331" role="platform"/>
    <member type="node" ref="8528011334" role="platform"/>
    <member type="node" ref="8528011353" role="stop"/>
    <member type="way" ref="1436649672" role="platform"/>
    <member type="node" ref="13204580315" role="stop"/>
    <member type="way" ref="1436649668" role="platform"/>
    <member type="way" ref="1436649664" role=""/>
    <member type="way" ref="243164057" role=""/>
    <member type="way" ref="561521678" role=""/>
    <member type="way" ref="706134222" role=""/>
    <member type="way" ref="706134223" role=""/>
    <member type="way" ref="448461988" role=""/>
    <member type="way" ref="884679729" role=""/>
    <member type="way" ref="884679934" role=""/>
    <member type="way" ref="448461989" role=""/>
    <member type="way" ref="1445997558" role=""/>
    <member type="way" ref="1280110610" role=""/>
    <member type="way" ref="706136003" role=""/>
    <member type="way" ref="455109356" role=""/>
    <member type="way" ref="1436649665" role=""/>
    <member type="way" ref="182328357" role=""/>
    <member type="way" ref="182328363" role=""/>
    <member type="way" ref="181526300" role=""/>
    <member type="way" ref="1231052748" role=""/>
    <member type="way" ref="1231052747" role=""/>
    <member type="way" ref="1240722771" role=""/>
    <member type="way" ref="4295231" role=""/>
    <member type="way" ref="387347114" role=""/>
    <member type="way" ref="1284638574" role=""/>
    <member type="way" ref="1223385371" role=""/>
    <member type="way" ref="1339845019" role=""/>
    <member type="way" ref="1339845014" role=""/>
    <member type="way" ref="918221533" role=""/>
    <member type="way" ref="210304097" role=""/>
    <member type="way" ref="210304104" role=""/>
    <member type="way" ref="387347116" role=""/>
    <member type="way" ref="918221535" role=""/>
    <member type="way" ref="490554857" role=""/>
    <member type="way" ref="387347112" role=""/>
    <member type="way" ref="720464396" role=""/>
    <member type="way" ref="210304103" role=""/>
    <member type="way" ref="1382302170" role=""/>
    <member type="way" ref="387347118" role=""/>
    <member type="way" ref="632174938" role=""/>
    <member type="way" ref="181526296" role=""/>
    <member type="way" ref="222758927" role=""/>
    <member type="way" ref="222758912" role=""/>
    <member type="way" ref="181526295" role=""/>
    <member type="way" ref="878613734" role=""/>
    <member type="way" ref="878613730" role=""/>
    <member type="way" ref="706388041" role=""/>
    <member type="way" ref="706388046" role=""/>
    <member type="way" ref="1436649669" role=""/>
    <tag k="from" v="پایانه آزادی"/>
    <tag k="name" v="پایانه آزادی - چهارراه تهرانپارس"/>
    <tag k="name:en" v="101: Azadi Terminal → TehranPars Crossway"/>
    <tag k="network" v="BRT"/>
    <tag k="operator" v="شرکت واحد اتوبوسرانی تهران"/>
    <tag k="public_transport:version" v="2"/>
    <tag k="ref" v="101"/>
    <tag k="route" v="bus"/>
    <tag k="source" v="tehran.ir"/>
    <tag k="to" v="پایانه چهارراه تهرانپارس"/>
    <tag k="type" v="route"/>
  </relation>
  <relation id="12582382">
    <member type="node" ref="8630251545" role="platform"/>
    <member type="node" ref="5045460596" role="platform"/>
    <member type="node" ref="5045460594" role="platform"/>
    <member type="node" ref="5045460595" role="platform"/>
    <member type="node" ref="5045460591" role="platform"/>
    <member type="node" ref="5045460593" role="platform"/>
    <member type="node" ref="5045460597" role="platform"/>
    <member type="node" ref="5045448391" role="platform"/>
    <member type="node" ref="3848696830" role="platform"/>
    <member type="node" ref="5359033897" role="platform"/>
    <member type="node" ref="3848696828" role="platform"/>
    <member type="node" ref="3848696827" role="platform"/>
    <member type="node" ref="3848696826" role="platform"/>
    <member type="node" ref="8632672995" role="platform"/>
    <member type="node" ref="4448090343" role="platform"/>
    <member type="node" ref="3848696821" role="platform"/>
    <member type="node" ref="3848696820" role="platform"/>
    <member type="node" ref="3848696819" role="platform"/>
    <member type="node" ref="3848696818" role="platform"/>
    <member type="node" ref="6172361383" role="platform"/>
    <member type="node" ref="5045460592" role="platform"/>
    <member type="node" ref="3844796571" role="platform"/>
    <member type="node" ref="4448101764" role="platform"/>
    <member type="node" ref="8632673001" role="platform"/>
    <member type="way" ref="480916193" role="forward"/>
    <member type="way" ref="706382668" role="forward"/>
    <member type="way" ref="1125675611" role="forward"/>
    <member type="way" ref="930797875" role=""/>
    <member type="way" ref="24542578" role="forward"/>
    <member type="way" ref="1281123217" role="forward"/>
    <member type="way" ref="24541947" role="forward"/>
    <member type="way" ref="70047856" role="forward"/>
    <member type="way" ref="930797877" role="forward"/>
    <member type="way" ref="24542174" role="forward"/>
    <member type="way" ref="930797878" role="forward"/>
    <member type="way" ref="243252098" role="forward"/>
    <member type="way" ref="930797879" role="forward"/>
    <member type="way" ref="390111508" role="forward"/>
    <member type="way" ref="1125675612" role="forward"/>
    <member type="way" ref="24541960" role="forward"/>
    <member type="way" ref="992634916" role="forward"/>
    <member type="way" ref="992634982" role="forward"/>
    <member type="way" ref="992634983" role="forward"/>
    <member type="way" ref="992634917" role="forward"/>
    <member type="way" ref="883934075" role="forward"/>
    <member type="way" ref="883934074" role="forward"/>
    <member type="way" ref="253085184" role="forward"/>
    <member type="way" ref="979973608" role="forward"/>
    <member type="way" ref="979973606" role="forward"/>
    <member type="way" ref="114056135" role="forward"/>
    <member type="way" ref="114057477" role="forward"/>
    <member type="way" ref="930797881" role="forward"/>
    <member type="way" ref="114058378" role="forward"/>
    <member type="way" ref="1290907364" role="forward"/>
    <member type="way" ref="99011838" role="forward"/>
    <member type="way" ref="975778294" role="forward"/>
    <member type="way" ref="684145691" role="forward"/>
    <member type="way" ref="684145690" role="forward"/>
    <member type="way" ref="930824191" role="forward"/>
    <member type="way" ref="708050163" role="forward"/>
    <member type="way" ref="175770930" role="forward"/>
    <member type="way" ref="764340038" role="forward"/>
    <member type="way" ref="969983027" role="forward"/>
    <member type="way" ref="969983028" role="forward"/>
    <member type="way" ref="438233258" role="forward"/>
    <member type="way" ref="901958879" role="forward"/>
    <member type="way" ref="561528871" role="forward"/>
    <member type="way" ref="889913535" role="forward"/>
    <member type="way" ref="889913534" role="forward"/>
    <member type="way" ref="706136001" role="forward"/>
    <member type="way" ref="175770848" role="forward"/>
    <member type="way" ref="706136000" role="forward"/>
    <member type="way" ref="930827959" role="forward"/>
    <member type="way" ref="441978139" role="forward"/>
    <member type="way" ref="1286786562" role="forward"/>
    <member type="way" ref="701156914" role="forward"/>
    <member type="way" ref="930827964" role=""/>
    <member type="way" ref="379568219" role="forward"/>
    <member type="way" ref="930827965" role="forward"/>
    <member type="way" ref="700973571" role="forward"/>
    <member type="way" ref="1436641692" role="forward"/>
    <member type="way" ref="895344754" role="forward"/>
    <member type="way" ref="930827966" role="forward"/>
    <member type="way" ref="700870323" role="forward"/>
    <member type="way" ref="930893961" role="forward"/>
    <member type="way" ref="700838130" role="forward"/>
    <member type="way" ref="773763767" role="forward"/>
    <member type="way" ref="784234958" role="forward"/>
    <member type="way" ref="488449893" role="forward"/>
    <member type="way" ref="488449892" role="forward"/>
    <member type="way" ref="930893964" role="forward"/>
    <member type="way" ref="462518332" role="forward"/>
    <member type="way" ref="892952199" role="forward"/>
    <member type="way" ref="152536479" role="forward"/>
    <member type="way" ref="930893968" role="forward"/>
    <member type="way" ref="379568190" role="forward"/>
    <member type="way" ref="930893970" role="forward"/>
    <member type="way" ref="930893971" role="forward"/>
    <member type="way" ref="379568186" role="forward"/>
    <member type="way" ref="706138383" role=""/>
    <member type="way" ref="1169386245" role=""/>
    <member type="way" ref="706138384" role=""/>
    <member type="way" ref="706138381" role=""/>
    <member type="way" ref="706136014" role=""/>
    <member type="way" ref="706136013" role=""/>
    <member type="way" ref="706136012" role=""/>
    <member type="way" ref="1299715308" role=""/>
    <member type="way" ref="1426716649" role=""/>
    <member type="way" ref="240883676" role="forward"/>
    <member type="way" ref="706138385" role=""/>
    <member type="way" ref="901189011" role=""/>
    <tag k="from" v="پایانه آزادگان"/>
    <tag k="name" v="پایانه آزادگان - پایانه جنت آباد"/>
    <tag k="opening_hours" v="05:30-21:30"/>
    <tag k="operator" v="شرکت واحد اتوبوسرانی تهران"/>
    <tag k="ref" v="110"/>
    <tag k="route" v="bus"/>
    <tag k="to" v="پایانه جنت آباد"/>
    <tag k="type" v="route"/>
  </relation>
  <relation id="16842806">
    <member type="node" ref="5404983622" role=""/>
    <member type="node" ref="5404958330" role=""/>
    <member type="node" ref="5404998323" role=""/>
    <member type="node" ref="4202069500" role=""/>
    <member type="node" ref="5405005622" role=""/>
    <member type="node" ref="5405019221" role=""/>
    <member type="node" ref="5405017222" role=""/>
    <member type="node" ref="5404991129" role=""/>
    <member type="node" ref="11432391193" role=""/>
    <member type="node" ref="11432391194" role=""/>
    <member type="node" ref="5405017223" role=""/>
    <member type="node" ref="5405019222" role=""/>
    <member type="node" ref="5405019321" role=""/>
    <member type="node" ref="5405019421" role=""/>
    <member type="node" ref="5405019521" role=""/>
    <member type="node" ref="5405019322" role=""/>
    <member type="node" ref="5405019223" role=""/>
    <member type="node" ref="5405019522" role=""/>
    <member type="node" ref="6403338286" role=""/>
    <member type="way" ref="688365788" role=""/>
    <member type="way" ref="688365789" role=""/>
    <member type="way" ref="161072044" role=""/>
    <member type="way" ref="682430207" role=""/>
    <member type="way" ref="161072301" role=""/>
    <member type="way" ref="1058553148" role=""/>
    <member type="way" ref="1124118628" role=""/>
    <member type="way" ref="1436386461" role=""/>
    <member type="way" ref="1436386462" role=""/>
    <member type="way" ref="4295237" role=""/>
    <member type="way" ref="1275058692" role=""/>
    <member type="way" ref="746986705" role=""/>
    <member type="way" ref="1278740812" role=""/>
    <member type="way" ref="1231392402" role=""/>
    <member type="way" ref="1084476463" role=""/>
    <member type="way" ref="1365498444" role=""/>
    <member type="way" ref="1281137154" role=""/>
    <member type="way" ref="632170953" role=""/>
    <member type="way" ref="1232395302" role=""/>
    <member type="way" ref="1287387870" role=""/>
    <member type="way" ref="562376360" role=""/>
    <member type="way" ref="562376361" role=""/>
    <member type="way" ref="439642756" role=""/>
    <member type="way" ref="406802773" role=""/>
    <member type="way" ref="1232442794" role=""/>
    <member type="way" ref="1226989644" role=""/>
    <member type="way" ref="710048288" role=""/>
    <member type="way" ref="450698339" role=""/>
    <member type="way" ref="181734851" role=""/>
    <member type="way" ref="181734856" role=""/>
    <member type="way" ref="469770781" role=""/>
    <member type="way" ref="387347131" role=""/>
    <member type="way" ref="4419245" role=""/>
    <member type="way" ref="464583155" role=""/>
    <member type="way" ref="1232461349" role=""/>
    <member type="way" ref="884216805" role=""/>
    <member type="way" ref="884218506" role=""/>
    <member type="way" ref="1436649662" role=""/>
    <member type="way" ref="25776902" role=""/>
    <member type="way" ref="545298845" role=""/>
    <member type="way" ref="1288431685" role=""/>
    <tag k="name" v="هفت تیر به میدان آزادی"/>
    <tag k="route" v="bus"/>
    <tag k="type" v="route"/>
  </relation>
  <relation id="17510373">
    <member type="node" ref="11843796598" role=""/>
    <member type="node" ref="11843796599" role=""/>
    <member type="node" ref="11843796600" role=""/>
    <member type="node" ref="6403338286" role=""/>
    <member type="node" ref="11843796601" role=""/>
    <member type="node" ref="3921607399" role=""/>
    <member type="node" ref="3921607398" role=""/>
    <member type="node" ref="3921607397" role=""/>
    <member type="node" ref="2192238736" role=""/>
    <member type="way" ref="208970300" role=""/>
    <member type="way" ref="449038104" role=""/>
    <member type="way" ref="530406733" role=""/>
    <member type="way" ref="1275581580" role=""/>
    <member type="way" ref="175770924" role=""/>
    <member type="way" ref="444453737" role=""/>
    <member type="way" ref="764341330" role=""/>
    <member type="way" ref="1275581581" role=""/>
    <member type="way" ref="1275581582" role=""/>
    <member type="way" ref="208969532" role=""/>
    <member type="way" ref="884679934" role=""/>
    <member type="way" ref="448461989" role=""/>
    <member type="way" ref="1445997558" role=""/>
    <member type="way" ref="1280110610" role=""/>
    <member type="way" ref="706136003" role=""/>
    <member type="way" ref="971056666" role=""/>
    <member type="way" ref="545298845" role=""/>
    <member type="way" ref="1288431685" role=""/>
    <member type="way" ref="659256507" role=""/>
    <member type="way" ref="1275581584" role=""/>
    <member type="way" ref="1277543135" role=""/>
    <member type="way" ref="208969527" role=""/>
    <member type="way" ref="699933909" role=""/>
    <member type="way" ref="490060538" role=""/>
    <member type="way" ref="764341331" role=""/>
    <member type="way" ref="444453738" role=""/>
    <member type="way" ref="175770923" role=""/>
    <member type="way" ref="1275581586" role=""/>
    <member type="way" ref="176443306" role=""/>
    <member type="way" ref="582991280" role=""/>
    <member type="way" ref="932666681" role=""/>
    <tag k="name" v="مهراباد به میدان آزادی"/>
    <tag k="route" v="bus"/>
    <tag k="type" v="route"/>
  </relation>
  <relation id="17564368">
    <member type="node" ref="9002126150" role=""/>
    <member type="node" ref="9002126152" role=""/>
    <member type="node" ref="9002126151" role=""/>
    <member type="node" ref="9002126149" role=""/>
    <member type="node" ref="9002120045" role=""/>
    <member type="node" ref="9002120043" role=""/>
    <member type="node" ref="9002120046" role=""/>
    <member type="node" ref="9002120042" role=""/>
    <member type="node" ref="9002120041" role=""/>
    <member type="node" ref="9002120044" role=""/>
    <member type="node" ref="9002135199" role=""/>
    <member type="node" ref="9002135203" role=""/>
    <member type="node" ref="9002135204" role=""/>
    <member type="node" ref="9002135202" role=""/>
    <member type="node" ref="9002164523" role=""/>
    <member type="node" ref="9002164525" role=""/>
    <member type="node" ref="9002164526" role=""/>
    <member type="node" ref="9002164524" role=""/>
    <member type="node" ref="9002140316" role=""/>
    <member type="node" ref="9002164528" role=""/>
    <member type="node" ref="9002164529" role=""/>
    <member type="node" ref="9002164531" role=""/>
    <member type="node" ref="5213467426" role=""/>
    <member type="node" ref="9002164527" role=""/>
    <member type="node" ref="5213468123" role=""/>
    <member type="node" ref="9006852454" role=""/>
    <member type="node" ref="5213467428" role=""/>
    <member type="node" ref="4667523390" role=""/>
    <member type="node" ref="11843796600" role=""/>
    <member type="way" ref="93213564" role=""/>
    <member type="way" ref="1280110593" role=""/>
    <member type="way" ref="93213563" role=""/>
    <member type="way" ref="1280110594" role=""/>
    <member type="way" ref="598335102" role=""/>
    <member type="way" ref="1280110595" role=""/>
    <member type="way" ref="1079694631" role=""/>
    <member type="way" ref="93213631" role=""/>
    <member type="way" ref="1282806101" role=""/>
    <member type="way" ref="93213605" role=""/>
    <member type="way" ref="1280110598" role=""/>
    <member type="way" ref="1280110599" role=""/>
    <member type="way" ref="1280110600" role=""/>
    <member type="way" ref="93213685" role=""/>
    <member type="way" ref="1280110601" role=""/>
    <member type="way" ref="453774466" role=""/>
    <member type="way" ref="93213565" role=""/>
    <member type="way" ref="772011318" role=""/>
    <member type="way" ref="1280110606" role=""/>
    <member type="way" ref="1282806098" role=""/>
    <member type="way" ref="605992991" role=""/>
    <member type="way" ref="1280110607" role=""/>
    <member type="way" ref="93213610" role=""/>
    <member type="way" ref="1280110608" role=""/>
    <member type="way" ref="619729046" role=""/>
    <member type="way" ref="72509856" role=""/>
    <member type="way" ref="1312402184" role=""/>
    <member type="way" ref="72509857" role=""/>
    <member type="way" ref="484920374" role=""/>
    <member type="way" ref="1287395697" role=""/>
    <member type="way" ref="699952803" role=""/>
    <member type="way" ref="632092298" role=""/>
    <member type="way" ref="643743470" role=""/>
    <member type="way" ref="1280110609" role=""/>
    <member type="way" ref="461725075" role=""/>
    <member type="way" ref="699933909" role=""/>
    <member type="way" ref="490060538" role=""/>
    <member type="way" ref="444453736" role=""/>
    <member type="way" ref="1275581581" role=""/>
    <member type="way" ref="1275581582" role=""/>
    <member type="way" ref="208969532" role=""/>
    <member type="way" ref="884679934" role=""/>
    <member type="way" ref="448461989" role=""/>
    <member type="way" ref="1445997558" role=""/>
    <member type="way" ref="175770847" role=""/>
    <member type="way" ref="175770848" role=""/>
    <member type="way" ref="706136000" role=""/>
    <member type="way" ref="930827959" role=""/>
    <member type="way" ref="441978139" role=""/>
    <member type="way" ref="545298845" role=""/>
    <member type="way" ref="1288431685" role=""/>
    <member type="node" ref="6403338286" role=""/>
    <tag k="name" v="شهرک دانشگاه به پایانه آزادی"/>
    <tag k="route" v="bus"/>
    <tag k="type" v="route"/>
  </relation>
  <relation id="17646361">
    <member type="node" ref="11939729753" role=""/>
    <member type="node" ref="5605028232" role=""/>
    <member type="node" ref="5605025332" role=""/>
    <member type="node" ref="5605029821" role=""/>
    <member type="node" ref="5605025433" role=""/>
    <member type="node" ref="5605026024" role=""/>
    <member type="node" ref="5605025434" role=""/>
    <member type="node" ref="4969795423" role=""/>
    <member type="node" ref="4969795732" role=""/>
    <member type="node" ref="4969795127" role=""/>
    <member type="node" ref="4969795328" role=""/>
    <member type="node" ref="4971432328" role=""/>
    <member type="node" ref="4969795331" role=""/>
    <member type="node" ref="5605025333" role=""/>
    <member type="node" ref="4969795129" role=""/>
    <member type="node" ref="5213467426" role=""/>
    <member type="node" ref="9002164527" role=""/>
    <member type="node" ref="5213468123" role=""/>
    <member type="node" ref="9006852454" role=""/>
    <member type="node" ref="5213467428" role=""/>
    <member type="node" ref="4667523390" role=""/>
    <member type="node" ref="11843796600" role=""/>
    <member type="node" ref="5605031121" role=""/>
    <member type="node" ref="11939729757" role=""/>
    <member type="node" ref="5287730058" role=""/>
    <member type="way" ref="296740372" role=""/>
    <member type="way" ref="296740177" role=""/>
    <member type="way" ref="296740376" role=""/>
    <member type="way" ref="821378036" role=""/>
    <member type="way" ref="296740334" role=""/>
    <member type="way" ref="296740273" role=""/>
    <member type="way" ref="296740182" role=""/>
    <member type="way" ref="296740312" role=""/>
    <member type="way" ref="37034278" role=""/>
    <member type="way" ref="296740337" role=""/>
    <member type="way" ref="37034301" role=""/>
    <member type="way" ref="1067496754" role=""/>
    <member type="way" ref="1067496756" role=""/>
    <member type="way" ref="296740295" role=""/>
    <member type="way" ref="1067496763" role=""/>
    <member type="way" ref="37040111" role=""/>
    <member type="way" ref="466410884" role=""/>
    <member type="way" ref="1287395696" role=""/>
    <member type="way" ref="763373840" role=""/>
    <member type="way" ref="699952803" role=""/>
    <member type="way" ref="632092298" role=""/>
    <member type="way" ref="643743470" role=""/>
    <member type="way" ref="1280110609" role=""/>
    <member type="way" ref="461725075" role=""/>
    <member type="way" ref="699933909" role=""/>
    <member type="way" ref="1275581585" role=""/>
    <member type="way" ref="463491304" role=""/>
    <member type="way" ref="463491303" role=""/>
    <member type="way" ref="1275581582" role=""/>
    <member type="way" ref="208969532" role=""/>
    <member type="way" ref="884679934" role=""/>
    <member type="way" ref="448461989" role=""/>
    <member type="way" ref="1445997558" role=""/>
    <member type="way" ref="175770847" role=""/>
    <member type="way" ref="175770848" role=""/>
    <member type="way" ref="706136000" role=""/>
    <member type="way" ref="930827959" role=""/>
    <member type="way" ref="441978139" role=""/>
    <member type="way" ref="175770904" role=""/>
    <member type="way" ref="701156930" role=""/>
    <member type="way" ref="1203883354" role=""/>
    <member type="way" ref="930827963" role=""/>
    <member type="way" ref="930827964" role=""/>
    <member type="way" ref="152829505" role=""/>
    <member type="way" ref="892649613" role=""/>
    <member type="way" ref="182547748" role=""/>
    <member type="way" ref="487111744" role=""/>
    <member type="way" ref="463491304" role=""/>
    <tag k="name" v="تهرانسر شرقی به مترو صادقیه"/>
    <tag k="route" v="bus"/>
    <tag k="type" v="route"/>
  </relation>
  <relation id="17657731">
    <member type="node" ref="6120661510" role=""/>
    <member type="node" ref="11948242210" role=""/>
    <member type="node" ref="11948242211" role=""/>
    <member type="node" ref="11948242212" role=""/>
    <member type="node" ref="11948242213" role=""/>
    <member type="node" ref="11948242214" role=""/>
    <member type="node" ref="11948242215" role=""/>
    <member type="node" ref="11948242216" role=""/>
    <member type="node" ref="11948242217" role=""/>
    <member type="node" ref="11948242218" role=""/>
    <member type="node" ref="11948242219" role=""/>
    <member type="node" ref="11948242220" role=""/>
    <member type="node" ref="11948242222" role=""/>
    <member type="node" ref="11948242223" role=""/>
    <member type="node" ref="4969795331" role=""/>
    <member type="node" ref="5605025333" role=""/>
    <member type="node" ref="4969795129" role=""/>
    <member type="node" ref="5213467426" role=""/>
    <member type="node" ref="9002164527" role=""/>
    <member type="node" ref="5213468123" role=""/>
    <member type="node" ref="9006852454" role=""/>
    <member type="node" ref="5213467428" role=""/>
    <member type="node" ref="4667523390" role=""/>
    <member type="node" ref="11843796600" role=""/>
    <member type="way" ref="434900063" role=""/>
    <member type="way" ref="389142760" role=""/>
    <member type="way" ref="37044045" role=""/>
    <member type="way" ref="1277395978" role=""/>
    <member type="way" ref="252837380" role=""/>
    <member type="way" ref="252837374" role=""/>
    <member type="way" ref="470726694" role=""/>
    <member type="way" ref="252837378" role=""/>
    <member type="way" ref="1288443237" role=""/>
    <member type="way" ref="252837376" role=""/>
    <member type="way" ref="460607397" role=""/>
    <member type="way" ref="303473831" role=""/>
    <member type="way" ref="379474574" role=""/>
    <member type="way" ref="544364690" role=""/>
    <member type="way" ref="1288431683" role=""/>
    <member type="way" ref="821378036" role=""/>
    <member type="way" ref="1287395695" role=""/>
    <member type="way" ref="664893490" role=""/>
    <member type="way" ref="1287395696" role=""/>
    <member type="way" ref="763373840" role=""/>
    <member type="way" ref="699952803" role=""/>
    <member type="way" ref="632092298" role=""/>
    <member type="way" ref="643743470" role=""/>
    <member type="way" ref="1280110609" role=""/>
    <member type="way" ref="461725075" role=""/>
    <member type="way" ref="699933909" role=""/>
    <member type="way" ref="1275581585" role=""/>
    <member type="way" ref="463491304" role=""/>
    <member type="way" ref="463491303" role=""/>
    <member type="way" ref="1275581582" role=""/>
    <member type="way" ref="208969532" role=""/>
    <member type="way" ref="884679934" role=""/>
    <member type="way" ref="448461989" role=""/>
    <member type="way" ref="1445997558" role=""/>
    <member type="way" ref="175770847" role=""/>
    <member type="way" ref="175770848" role=""/>
    <member type="way" ref="706136000" role=""/>
    <member type="way" ref="930827959" role=""/>
    <member type="way" ref="441978139" role=""/>
    <member type="way" ref="710500052" role=""/>
    <member type="way" ref="1288431685" role=""/>
    <member type="node" ref="6403338286" role=""/>
    <tag k="name" v="استقلال به آزادی"/>
    <tag k="route" v="bus"/>
    <tag k="type" v="route"/>
  </relation>
  <relation id="17657913">
    <member type="node" ref="11948335631" role=""/>
    <member type="node" ref="4969795422" role=""/>
    <member type="node" ref="4969795721" role=""/>
    <member type="node" ref="4969795722" role=""/>
    <member type="node" ref="4969795126" role=""/>
    <member type="node" ref="4969795124" role=""/>
    <member type="node" ref="4969795324" role=""/>
    <member type="node" ref="4969795423" role=""/>
    <member type="node" ref="4969795732" role=""/>
    <member type="node" ref="4969795127" role=""/>
    <member type="node" ref="4969795328" role=""/>
    <member type="node" ref="4971432328" role=""/>
    <member type="node" ref="4969795331" role=""/>
    <member type="node" ref="5605025333" role=""/>
    <member type="node" ref="4969795129" role=""/>
    <member type="node" ref="5213467426" role=""/>
    <member type="node" ref="5213467423" role=""/>
    <member type="node" ref="5213468123" role=""/>
    <member type="node" ref="9006852454" role=""/>
    <member type="node" ref="5213467428" role=""/>
    <member type="node" ref="4667523390" role=""/>
    <member type="node" ref="11843796600" role=""/>
    <member type="way" ref="252909086" role=""/>
    <member type="way" ref="1181127772" role=""/>
    <member type="way" ref="1181127773" role=""/>
    <member type="way" ref="1288431680" role=""/>
    <member type="way" ref="1288443238" role=""/>
    <member type="way" ref="252837376" role=""/>
    <member type="way" ref="1067496768" role=""/>
    <member type="way" ref="1475231013" role=""/>
    <member type="way" ref="1067496766" role=""/>
    <member type="way" ref="1067496764" role=""/>
    <member type="way" ref="1067496762" role=""/>
    <member type="way" ref="1067496763" role=""/>
    <member type="way" ref="37040111" role=""/>
    <member type="way" ref="466410884" role=""/>
    <member type="way" ref="1287395696" role=""/>
    <member type="way" ref="763373840" role=""/>
    <member type="way" ref="699952803" role=""/>
    <member type="way" ref="632092298" role=""/>
    <member type="way" ref="643743470" role=""/>
    <member type="way" ref="1280110609" role=""/>
    <member type="way" ref="461725075" role=""/>
    <member type="way" ref="699933909" role=""/>
    <member type="way" ref="1275581585" role=""/>
    <member type="way" ref="463491303" role=""/>
    <member type="way" ref="1275581582" role=""/>
    <member type="way" ref="208969532" role=""/>
    <member type="way" ref="884679934" role=""/>
    <member type="way" ref="448461989" role=""/>
    <member type="way" ref="1445997558" role=""/>
    <member type="way" ref="175770847" role=""/>
    <member type="way" ref="175770848" role=""/>
    <member type="way" ref="706136000" role=""/>
    <member type="way" ref="930827959" role=""/>
    <member type="way" ref="441978139" role=""/>
    <member type="way" ref="1288431685" role=""/>
    <member type="node" ref="6403338286" role=""/>
    <tag k="name" v="شهرک دریا به پایانه آزادی"/>
    <tag k="route" v="bus"/>
    <tag k="type" v="route"/>
  </relation>
  <relation id="17668831">
    <member type="node" ref="5120483718" role=""/>
    <member type="node" ref="11952245289" role=""/>
    <member type="node" ref="11952245290" role=""/>
    <member type="node" ref="11952245291" role=""/>
    <member type="node" ref="11860244580" role=""/>
    <member type="node" ref="11903749761" role=""/>
    <member type="node" ref="11903749763" role=""/>
    <member type="node" ref="11952245294" role=""/>
    <member type="node" ref="9002135199" role=""/>
    <member type="node" ref="9002135203" role=""/>
    <member type="node" ref="9002135202" role=""/>
    <member type="node" ref="9002164523" role=""/>
    <member type="node" ref="9002164525" role=""/>
    <member type="node" ref="9002164526" role=""/>
    <member type="node" ref="9002164524" role=""/>
    <member type="node" ref="9002140316" role=""/>
    <member type="node" ref="9002164528" role=""/>
    <member type="node" ref="9002164529" role=""/>
    <member type="node" ref="9002164531" role=""/>
    <member type="node" ref="5213467426" role=""/>
    <member type="node" ref="5213467423" role=""/>
    <member type="node" ref="5213468123" role=""/>
    <member type="node" ref="9006852454" role=""/>
    <member type="node" ref="5213467428" role=""/>
    <member type="node" ref="4667523390" role=""/>
    <member type="way" ref="605984643" role=""/>
    <member type="way" ref="639325226" role=""/>
    <member type="way" ref="718814961" role=""/>
    <member type="way" ref="605984688" role=""/>
    <member type="way" ref="37078894" role=""/>
    <member type="way" ref="37078895" role=""/>
    <member type="way" ref="454301520" role=""/>
    <member type="way" ref="454293451" role=""/>
    <member type="way" ref="454306214" role=""/>
    <member type="way" ref="436751094" role=""/>
    <member type="way" ref="1277602225" role=""/>
    <member type="way" ref="99887095" role=""/>
    <member type="way" ref="1321486066" role=""/>
    <member type="way" ref="1277543139" role=""/>
    <member type="way" ref="1321486062" role=""/>
    <member type="way" ref="492353925" role=""/>
    <member type="way" ref="1277602222" role=""/>
    <member type="way" ref="1277602223" role=""/>
    <member type="way" ref="72509853" role=""/>
    <member type="way" ref="619687043" role=""/>
    <member type="way" ref="1161815722" role=""/>
    <member type="way" ref="1280110608" role=""/>
    <member type="way" ref="619729046" role=""/>
    <member type="way" ref="72509856" role=""/>
    <member type="way" ref="1312402184" role=""/>
    <member type="way" ref="72509857" role=""/>
    <member type="way" ref="484920374" role=""/>
    <member type="way" ref="1287395697" role=""/>
    <member type="way" ref="699952803" role=""/>
    <member type="way" ref="632092298" role=""/>
    <member type="way" ref="643743470" role=""/>
    <member type="way" ref="1280110609" role=""/>
    <member type="way" ref="461725075" role=""/>
    <member type="way" ref="699933909" role=""/>
    <member type="way" ref="1275581585" role=""/>
    <member type="way" ref="463491303" role=""/>
    <member type="way" ref="1275581582" role=""/>
    <member type="way" ref="208969532" role=""/>
    <member type="way" ref="448461989" role=""/>
    <member type="way" ref="1445997558" role=""/>
    <member type="way" ref="175770847" role=""/>
    <member type="way" ref="175770848" role=""/>
    <member type="way" ref="706136000" role=""/>
    <member type="way" ref="930827959" role=""/>
    <member type="way" ref="441978139" role=""/>
    <member type="way" ref="1288431685" role=""/>
    <member type="node" ref="6403338286" role=""/>
    <tag k="name" v="شهرک شهرداری به آزادی"/>
    <tag k="route" v="bus"/>
    <tag k="type" v="route"/>
  </relation>
  <relation id="17668889">
    <member type="node" ref="11952262001" role=""/>
    <member type="node" ref="11952262002" role=""/>
    <member type="node" ref="4969795333" role=""/>
    <member type="node" ref="11952262003" role=""/>
    <member type="node" ref="11952262004" role=""/>
    <member type="node" ref="4969795733" role=""/>
    <member type="node" ref="4969795334" role=""/>
    <member type="node" ref="11952262006" role=""/>
    <member type="node" ref="11952262007" role=""/>
    <member type="node" ref="11952262008" role=""/>
    <member type="node" ref="11952262009" role=""/>
    <member type="node" ref="11952262010" role=""/>
    <member type="node" ref="4667523390" role=""/>
    <member type="node" ref="11843796600" role=""/>
    <member type="way" ref="186750986" role=""/>
    <member type="way" ref="1280115763" role=""/>
    <member type="way" ref="1280115765" role=""/>
    <member type="way" ref="1288953720" role=""/>
    <member type="way" ref="1011445658" role=""/>
    <member type="way" ref="1011445660" role=""/>
    <member type="way" ref="389366547" role=""/>
    <member type="way" ref="303460259" role=""/>
    <member type="way" ref="37073527" role=""/>
    <member type="way" ref="37073529" role=""/>
    <member type="way" ref="389366545" role=""/>
    <member type="way" ref="1288953721" role=""/>
    <member type="way" ref="729956343" role=""/>
    <member type="way" ref="729956347" role=""/>
    <member type="way" ref="606279626" role=""/>
    <member type="way" ref="1288953723" role=""/>
    <member type="way" ref="1215422982" role=""/>
    <member type="way" ref="375112451" role=""/>
    <member type="way" ref="442404655" role=""/>
    <member type="way" ref="1288953725" role=""/>
    <member type="way" ref="375115130" role=""/>
    <member type="way" ref="176409393" role=""/>
    <member type="way" ref="1288953726" role=""/>
    <member type="way" ref="339958481" role=""/>
    <member type="way" ref="4334811" role=""/>
    <member type="way" ref="1288953728" role=""/>
    <member type="way" ref="338968268" role=""/>
    <member type="way" ref="176409128" role=""/>
    <member type="way" ref="1281106363" role=""/>
    <member type="way" ref="176409149" role=""/>
    <member type="way" ref="176409139" role=""/>
    <member type="way" ref="699933909" role=""/>
    <member type="way" ref="490060538" role=""/>
    <member type="way" ref="444453736" role=""/>
    <member type="way" ref="1275581581" role=""/>
    <member type="way" ref="1275581582" role=""/>
    <member type="way" ref="208969532" role=""/>
    <member type="way" ref="448461989" role=""/>
    <member type="way" ref="1445997558" role=""/>
    <member type="way" ref="175770847" role=""/>
    <member type="way" ref="175770848" role=""/>
    <member type="way" ref="706136000" role=""/>
    <member type="way" ref="930827959" role=""/>
    <member type="way" ref="441978139" role=""/>
    <member type="way" ref="1288431685" role=""/>
    <member type="node" ref="6403338286" role=""/>
    <tag k="name" v="شهرک آزادی به پایانه آزادی"/>
    <tag k="route" v="bus"/>
    <tag k="type" v="route"/>
  </relation>

</osm>
